x,v_theta0,v_theta1,abs_v_diff,psi_theta0,psi_theta1
1.9531250000000000e-03,-nan,2.4474118319844042e-06,nan,-nan,6.6558253918024462e-06
5.8593750000000000e-03,-nan,1.3550615383680927e-05,nan,-nan,2.8847023796577844e-05
9.7656250000000000e-03,-nan,3.5488266505865644e-05,nan,-nan,7.2707274884711585e-05
1.3671875000000000e-02,-nan,6.8001348347261479e-05,nan,-nan,1.3771854431368237e-04
1.7578125000000000e-02,-nan,1.1083289974835831e-04,nan,-nan,2.2336690911996880e-04
2.1484375000000000e-02,-nan,1.6372801524135183e-04,nan,-nan,3.2914255771915768e-04
2.5390625000000000e-02,-nan,2.2643384505004568e-04,nan,-nan,4.5453978990604488e-04
2.9296875000000000e-02,-nan,2.9869959509001333e-04,nan,-nan,5.9905701685474282e-04
3.3203125000000000e-02,-nan,3.8027652696819150e-04,nan,-nan,7.6219676111877221e-04
3.7109375000000000e-02,-nan,4.7091795798313038e-04,nan,-nan,9.4346565663119158e-04
4.1015625000000000e-02,-nan,5.7037926112494641e-04,nan,-nan,1.1423744487046715e-03
4.4921875000000000e-02,-nan,6.7841786507503023e-04,nan,-nan,1.3584379940316117e-03
4.8828125000000000e-02,-nan,7.9479325420621285e-04,nan,-nan,1.5911752606842207e-03
5.2734375000000000e-02,-nan,9.1926696858267204e-04,nan,-nan,1.8401093281146597e-03
5.6640625000000000e-02,-nan,1.0516026039599550e-03,nan,-nan,2.1047673871550997e-03
6.0546875000000000e-02,-nan,1.1915658117849330e-03,nan,-nan,2.3846807400178414e-03
6.4453125000000000e-02,-nan,1.3389242991951550e-03,nan,-nan,2.6793848002953750e-03
6.8359375000000000e-02,-nan,1.4934478290194355e-03,nan,-nan,2.9884190929605693e-03
7.2265625000000000e-02,-nan,1.6549082197787443e-03,nan,-nan,3.3113272543666781e-03
7.6171875000000000e-02,-nan,1.8230793456835634e-03,nan,-nan,3.6476570322474802e-03
8.0078125000000000e-02,-nan,1.9977371366366849e-03,nan,-nan,3.9969602857173239e-03
8.3984375000000000e-02,-nan,2.1786595782308672e-03,nan,-nan,4.3587929852713335e-03
8.7890625000000000e-02,-nan,2.3656267117504104e-03,nan,-nan,4.7327152127853824e-03
9.1796875000000000e-02,-nan,2.5584206341700746e-03,nan,-nan,5.1182911615162566e-03
9.5703125000000000e-02,-nan,2.7568254981554718e-03,nan,-nan,5.5150891361016498e-03
9.9609375000000000e-02,-nan,2.9606275120639108e-03,nan,-nan,5.9226815525604826e-03
1.0351562500000000e-01,-nan,3.1696149399416456e-03,nan,-nan,6.3406449382927546e-03
1.0742187500000000e-01,-nan,3.3835781015276148e-03,nan,-nan,6.7685599320797462e-03
1.1132812500000000e-01,-nan,3.6023093722502971e-03,nan,-nan,7.2060112840840202e-03
1.1523437500000000e-01,-nan,3.8256031832281634e-03,nan,-nan,7.6525878558497155e-03
1.1914062500000000e-01,-nan,4.0532560212711575e-03,nan,-nan,8.1078826203024000e-03
1.2304687500000000e-01,-nan,4.2850664288797760e-03,nan,-nan,8.5714926617493220e-03
1.2695312500000000e-01,-nan,4.5208350042443991e-03,nan,-nan,9.0430191758792723e-03
1.3085937500000000e-01,-nan,4.7603644012468912e-03,nan,-nan,9.5220674697631003e-03
1.3476562500000000e-01,-nan,5.0034593294578092e-03,nan,-nan,1.0008246961853352e-02
1.3867187500000000e-01,-nan,5.2499265541387473e-03,nan,-nan,1.0501171181984622e-02
1.4257812500000000e-01,-nan,5.4995748962431302e-03,nan,-nan,1.1000457771373390e-02
1.4648437500000000e-01,-nan,5.7522152324120546e-03,nan,-nan,1.1505728482618509e-02
1.5039062500000000e-01,-nan,6.0076604949793715e-03,nan,-nan,1.2016609179700891e-02
1.5429687500000000e-01,-nan,6.2657256719647128e-03,nan,-nan,1.2532729837983819e-02
1.5820312500000000e-01,-nan,6.5262278070835327e-03,nan,-nan,1.3053724544212664e-02
1.6210937500000000e-01,-nan,6.7889859997387293e-03,nan,-nan,1.3579231496515749e-02
1.6601562500000000e-01,-nan,7.0538214050200393e-03,nan,-nan,1.4108893004403654e-02
1.6992187500000000e-01,-nan,7.3205572337135712e-03,nan,-nan,1.4642355488769659e-02
1.7382812500000000e-01,-nan,7.5890187522886779e-03,nan,-nan,1.5179269481889513e-02
1.7773437500000000e-01,-nan,7.8590332829108350e-03,nan,-nan,1.5719289627422112e-02
1.8164062500000000e-01,-nan,8.1304302034310248e-03,nan,-nan,1.6262074680408953e-02
1.8554687500000000e-01,-nan,8.4030409473911903e-03,nan,-nan,1.6807287507274532e-02
1.8945312500000000e-01,-nan,8.6766990040244817e-03,nan,-nan,1.7354595085826093e-02
1.9335937500000000e-01,-nan,8.9512399182499792e-03,nan,-nan,1.7903668505254461e-02
1.9726562500000000e-01,-nan,9.2265012906813642e-03,nan,-nan,1.8454182966133260e-02
2.0117187500000000e-01,-nan,9.5023227776190409e-03,nan,-nan,1.9005817780419484e-02
2.0507812500000000e-01,-nan,9.7785460910511397e-03,nan,-nan,1.9558256371453173e-02
2.0898437500000000e-01,-nan,1.0055014998662248e-02,nan,-nan,2.0111186273958109e-02
2.1289062500000000e-01,-nan,1.0331575323815338e-02,nan,-nan,2.0664299134041247e-02
2.1679687500000000e-01,-nan,1.0608074945578054e-02,nan,-nan,2.1217290709193159e-02
2.2070312500000000e-01,-nan,1.0884363798688694e-02,nan,-nan,2.1769860868287579e-02
2.2460937500000000e-01,-nan,1.1160293873592677e-02,nan,-nan,2.2321713591582616e-02
2.2851562500000000e-01,-nan,1.1435719216412819e-02,nan,-nan,2.2872556970719649e-02
2.3242187500000000e-01,-nan,1.1710495928970164e-02,nan,-nan,2.3422103208723961e-02
2.3632812500000000e-01,-nan,1.1984482168765721e-02,nan,-nan,2.3970068620004364e-02
2.4023437500000000e-01,-nan,1.2257538148996189e-02,nan,-nan,2.4516173630354052e-02
2.4414062500000000e-01,-nan,1.2529526138546607e-02,nan,-nan,2.5060142776949835e-02
2.4804687500000000e-01,-nan,1.2800310461989995e-02,nan,-nan,2.5601704708352841e-02
2.5195312500000000e-01,-nan,1.3069757499586530e-02,nan,-nan,2.6140592184507629e-02
2.5585937500000000e-01,-nan,1.3337735687287522e-02,nan,-nan,2.6676542076743852e-02
2.5976562500000000e-01,-nan,1.3604115516738182e-02,nan,-nan,2.7209295367774819e-02
2.6367187500000000e-01,-nan,1.3868769535261422e-02,nan,-nan,2.7738597151698297e-02
2.6757812500000000e-01,-nan,1.4131572345880071e-02,nan,-nan,2.8264196633995969e-02
2.7148437500000000e-01,-nan,1.4392400607301261e-02,nan,-nan,2.8785847131534589e-02
2.7539062500000000e-01,-nan,1.4651133033921074e-02,nan,-nan,2.9303306072564837e-02
2.7929687500000000e-01,-nan,1.4907650395826090e-02,nan,-nan,2.9816334996722201e-02
2.8320312500000000e-01,-nan,1.5161835518786283e-02,nan,-nan,3.0324699555025973e-02
2.8710937500000000e-01,-nan,1.5413573284265930e-02,nan,-nan,3.0828169509881272e-02
2.9101562500000000e-01,-nan,1.5662750629419329e-02,nan,-nan,3.1326518735077115e-02
2.9492187500000000e-01,-nan,1.5909256547084985e-02,nan,-nan,3.1819525215787417e-02
2.9882812500000000e-01,-nan,1.6152982085792703e-02,nan,-nan,3.2306971048570547e-02
3.0273437500000000e-01,-nan,1.6393820349756418e-02,nan,-nan,3.2788642441370308e-02
3.0664062500000000e-01,-nan,1.6631666498887730e-02,nan,-nan,3.3264329713514826e-02
3.1054687500000000e-01,-nan,1.6866417748779613e-02,nan,-nan,3.3733827295717493e-02
3.1445312500000000e-01,-nan,1.7097973370714743e-02,nan,-nan,3.4196933730075894e-02
3.1835937500000000e-01,-nan,1.7326234691667719e-02,nan,-nan,3.4653451670073859e-02
3.2226562500000000e-01,-nan,1.7551105094296394e-02,nan,-nan,3.5103187880579430e-02
3.2617187500000000e-01,-nan,1.7772490016950936e-02,nan,-nan,3.5545953237846109e-02
3.3007812500000000e-01,-nan,1.7990296953670569e-02,nan,-nan,3.5981562729511959e-02
3.3398437500000000e-01,-nan,1.8204435454178863e-02,nan,-nan,3.6409835454601046e-02
3.3789062500000000e-01,-nan,1.8414817123893177e-02,nan,-nan,3.6830594623522166e-02
3.4179687500000000e-01,-nan,1.8621355623912320e-02,nan,-nan,3.7243667558069543e-02
3.4570312500000000e-01,-nan,1.8823966671036956e-02,nan,-nan,3.7648885691422038e-02
3.4960937500000000e-01,-nan,1.9022568037733261e-02,nan,-nan,3.8046084568145060e-02
3.5351562500000000e-01,-nan,1.9217079552181642e-02,nan,-nan,3.8435103844188696e-02
3.5742187500000000e-01,-nan,1.9407423098229421e-02,nan,-nan,3.8815787286888705e-02
3.6132812500000000e-01,-nan,1.9593522615426663e-02,nan,-nan,3.9187982774965734e-02
3.6523437500000000e-01,-nan,1.9775304099003445e-02,nan,-nan,3.9551542298526726e-02
3.6914062500000000e-01,-nan,1.9952695599883295e-02,nan,-nan,3.9906321959063712e-02
3.7304687500000000e-01,-nan,2.0125627224670851e-02,nan,-nan,4.0252181969454445e-02
3.7695312500000000e-01,-nan,2.0294031135665965e-02,nan,-nan,4.0588986653961628e-02
3.8085937500000000e-01,-nan,2.0457841550859179e-02,nan,-nan,4.0916604448234702e-02
3.8476562500000000e-01,-nan,2.0616994743919145e-02,nan,-nan,4.1234907899308115e-02
3.8867187500000000e-01,-nan,2.0771429044205637e-02,nan,-nan,4.1543773665602128e-02
3.9257812500000000e-01,-nan,2.0921084836774032e-02,nan,-nan,4.1843082516922314e-02
3.9648437500000000e-01,-nan,2.1065904562359346e-02,nan,-nan,4.2132719334460736e-02
4.0039062500000000e-01,-nan,2.1205832717390315e-02,nan,-nan,4.2412573110794771e-02
4.0429687500000000e-01,-nan,2.1340815853977426e-02,nan,-nan,4.2682536949887766e-02
4.0820312500000000e-01,-nan,2.1470802579928509e-02,nan,-nan,4.2942508067088325e-02
4.1210937500000000e-01,-nan,2.1595743558727728e-02,nan,-nan,4.3192387789131904e-02
4.1601562500000000e-01,-nan,2.1715591509556514e-02,nan,-nan,4.3432081554139100e-02
4.1992187500000000e-01,-nan,2.1830301207285560e-02,nan,-nan,4.3661498911616824e-02
4.2382812500000000e-01,-nan,2.1939829482460597e-02,nan,-nan,4.3880553522457101e-02
4.2773437500000000e-01,-nan,2.2044135221329725e-02,nan,-nan,4.4089163158939071e-02
4.3164062500000000e-01,-nan,2.2143179365818971e-02,nan,-nan,4.4287249704727007e-02
4.3554687500000000e-01,-nan,2.2236924913553044e-02,nan,-nan,4.4474739154871538e-02
4.3945312500000000e-01,-nan,2.2325336917833668e-02,nan,-nan,4.4651561615808397e-02
4.4335937500000000e-01,-nan,2.2408382487652090e-02,nan,-nan,4.4817651305360785e-02
4.4726562500000000e-01,-nan,2.2486030787698532e-02,nan,-nan,4.4972946552737016e-02
4.5117187500000000e-01,-nan,2.2558253038335044e-02,nan,-nan,4.5117389798531735e-02
4.5507812500000000e-01,-nan,2.2625022515624555e-02,nan,-nan,4.5250927594724981e-02
4.5898437500000000e-01,-nan,2.2686314551310038e-02,nan,-nan,4.5373510604683899e-02
4.6289062500000000e-01,-nan,2.2742106532826278e-02,nan,-nan,4.5485093603161046e-02
4.6679687500000000e-01,-nan,2.2792377903295497e-02,nan,-nan,4.5585635476295329e-02
4.7070312500000000e-01,-nan,2.2837110161523753e-02,nan,-nan,4.5675099221611004e-02
4.7460937500000000e-01,-nan,2.2876286862010181e-02,nan,-nan,4.5753451948019677e-02
4.7851562500000000e-01,-nan,2.2909893614945040e-02,nan,-nan,4.5820664875818304e-02
4.8242187500000000e-01,-nan,2.2937918086195202e-02,nan,-nan,4.5876713336690272e-02
4.8632812500000000e-01,-nan,2.2960349997317369e-02,nan,-nan,4.5921576773704377e-02
4.9023437500000000e-01,-nan,2.2977181125568649e-02,nan,-nan,4.5955238741316580e-02
4.9414062500000000e-01,-nan,2.2988405303883585e-02,nan,-nan,4.5977686905368360e-02
4.9804687500000000e-01,-nan,2.2994018420887118e-02,nan,-nan,4.5988913043087540e-02
5.0195312500000000e-01,-nan,2.2994018420886882e-02,nan,-nan,4.5988913043087262e-02
5.0585937500000000e-01,-nan,2.2988405303883585e-02,nan,-nan,4.5977686905368277e-02
5.0976562500000000e-01,-nan,2.2977181125568649e-02,nan,-nan,4.5955238741316587e-02
5.1367187500000000e-01,-nan,2.2960349997317369e-02,nan,-nan,4.5921576773704613e-02
5.1757812500000000e-01,-nan,2.2937918086194720e-02,nan,-nan,4.5876713336690210e-02
5.2148437500000000e-01,-nan,2.2909893614945040e-02,nan,-nan,4.5820664875818436e-02
5.2539062500000000e-01,-nan,2.2876286862010181e-02,nan,-nan,4.5753451948019830e-02
5.2929687500000000e-01,-nan,2.2837110161523753e-02,nan,-nan,4.5675099221611330e-02
5.3320312500000000e-01,-nan,2.2792377903295320e-02,nan,-nan,4.5585635476295197e-02
5.3710937500000000e-01,-nan,2.2742106532826278e-02,nan,-nan,4.5485093603161081e-02
5.4101562500000000e-01,-nan,2.2686314551310038e-02,nan,-nan,4.5373510604683996e-02
5.4492187500000000e-01,-nan,2.2625022515624555e-02,nan,-nan,4.5250927594725265e-02
5.4882812500000000e-01,-nan,2.2558253038335044e-02,nan,-nan,4.5117389798531735e-02
5.5273437500000000e-01,-nan,2.2486030787698532e-02,nan,-nan,4.4972946552737210e-02
5.5664062500000000e-01,-nan,2.2408382487652090e-02,nan,-nan,4.4817651305361028e-02
5.6054687500000000e-01,-nan,2.2325336917833668e-02,nan,-nan,4.4651561615808841e-02
5.6445312500000000e-01,-nan,2.2236924913553044e-02,nan,-nan,4.4474739154871448e-02
5.6835937500000000e-01,-nan,2.2143179365818971e-02,nan,-nan,4.4287249704727111e-02
5.7226562500000000e-01,-nan,2.2044135221329725e-02,nan,-nan,4.4089163158939237e-02
5.7617187500000000e-01,-nan,2.1939829482460597e-02,nan,-nan,4.3880553522457441e-02
5.8007812500000000e-01,-nan,2.1830301207285560e-02,nan,-nan,4.3661498911616844e-02
5.8398437500000000e-01,-nan,2.1715591509556514e-02,nan,-nan,4.3432081554139315e-02
5.8789062500000000e-01,-nan,2.1595743558728293e-02,nan,-nan,4.3192387789132133e-02
5.9179687500000000e-01,-nan,2.1470802579928509e-02,nan,-nan,4.2942508067088755e-02
5.9570312500000000e-01,-nan,2.1340815853977426e-02,nan,-nan,4.2682536949887800e-02
5.9960937500000000e-01,-nan,2.1205832717390315e-02,nan,-nan,4.2412573110794903e-02
6.0351562500000000e-01,-nan,2.1065904562358073e-02,nan,-nan,4.2132719334460923e-02
6.0742187500000000e-01,-nan,2.0921084836774250e-02,nan,-nan,4.1843082516922640e-02
6.1132812500000000e-01,-nan,2.0771429044204693e-02,nan,-nan,4.1543773665602253e-02
6.1523437500000000e-01,-nan,2.0616994743919145e-02,nan,-nan,4.1234907899308407e-02
6.1914062500000000e-01,-nan,2.0457841550859179e-02,nan,-nan,4.0916604448235097e-02
6.2304687500000000e-01,-nan,2.0294031135666468e-02,nan,-nan,4.0588986653962177e-02
6.2695312500000000e-01,-nan,2.0125627224670515e-02,nan,-nan,4.0252181969454612e-02
6.3085937500000000e-01,-nan,1.9952695599883295e-02,nan,-nan,3.9906321959064003e-02
6.3476562500000000e-01,-nan,1.9775304099003743e-02,nan,-nan,3.9551542298527052e-02
6.3867187500000000e-01,-nan,1.9593522615426663e-02,nan,-nan,3.9187982774966150e-02
6.4257812500000000e-01,-nan,1.9407423098229643e-02,nan,-nan,3.8815787286888816e-02
6.4648437500000000e-01,-nan,1.9217079552181642e-02,nan,-nan,3.8435103844188905e-02
6.5039062500000000e-01,-nan,1.9022568037733261e-02,nan,-nan,3.8046084568145219e-02
6.5429687500000000e-01,-nan,1.8823966671036956e-02,nan,-nan,3.7648885691422294e-02
6.5820312500000000e-01,-nan,1.8621355623912792e-02,nan,-nan,3.7243667558069363e-02
6.6210937500000000e-01,-nan,1.8414817123893791e-02,nan,-nan,3.6830594623522193e-02
6.6601562500000000e-01,-nan,1.8204435454178863e-02,nan,-nan,3.6409835454601136e-02
6.6992187500000000e-01,-nan,1.7990296953670569e-02,nan,-nan,3.5981562729512223e-02
6.7382812500000000e-01,-nan,1.7772490016950936e-02,nan,-nan,3.5545953237846199e-02
6.7773437500000000e-01,-nan,1.7551105094296426e-02,nan,-nan,3.5103187880579714e-02
6.8164062500000000e-01,-nan,1.7326234691667719e-02,nan,-nan,3.4653451670074130e-02
6.8554687500000000e-01,-nan,1.7097973370714743e-02,nan,-nan,3.4196933730076269e-02
6.8945312500000000e-01,-nan,1.6866417748779481e-02,nan,-nan,3.3733827295717493e-02
6.9335937500000000e-01,-nan,1.6631666498887730e-02,nan,-nan,3.3264329713515006e-02
6.9726562500000000e-01,-nan,1.6393820349756418e-02,nan,-nan,3.2788642441370537e-02
7.0117187500000000e-01,-nan,1.6152982085792703e-02,nan,-nan,3.2306971048570929e-02
7.0507812500000000e-01,-nan,1.5909256547084985e-02,nan,-nan,3.1819525215787590e-02
7.0898437500000000e-01,-nan,1.5662750629419329e-02,nan,-nan,3.1326518735077337e-02
7.1289062500000000e-01,-nan,1.5413573284265930e-02,nan,-nan,3.0828169509881497e-02
7.1679687500000000e-01,-nan,1.5161835518786675e-02,nan,-nan,3.0324699555026296e-02
7.2070312500000000e-01,-nan,1.4907650395826090e-02,nan,-nan,2.9816334996722191e-02
7.2460937500000000e-01,-nan,1.4651133033921074e-02,nan,-nan,2.9303306072565038e-02
7.2851562500000000e-01,-nan,1.4392400607301261e-02,nan,-nan,2.8785847131534863e-02
7.3242187500000000e-01,-nan,1.4131572345880574e-02,nan,-nan,2.8264196633996427e-02
7.3632812500000000e-01,-nan,1.3868769535261422e-02,nan,-nan,2.7738597151698553e-02
7.4023437500000000e-01,-nan,1.3604115516738182e-02,nan,-nan,2.7209295367775187e-02
7.4414062500000000e-01,-nan,1.3337735687288159e-02,nan,-nan,2.6676542076744213e-02
7.4804687500000000e-01,-nan,1.3069757499586530e-02,nan,-nan,2.6140592184508083e-02
7.5195312500000000e-01,-nan,1.2800310461989995e-02,nan,-nan,2.5601704708352990e-02
7.5585937500000000e-01,-nan,1.2529526138546607e-02,nan,-nan,2.5060142776950105e-02
7.5976562500000000e-01,-nan,1.2257538148996244e-02,nan,-nan,2.4516173630354313e-02
7.6367187500000000e-01,-nan,1.1984482168765721e-02,nan,-nan,2.3970068620004725e-02
7.6757812500000000e-01,-nan,1.1710495928969528e-02,nan,-nan,2.3422103208724183e-02
7.7148437500000000e-01,-nan,1.1435719216413070e-02,nan,-nan,2.2872556970719968e-02
7.7539062500000000e-01,-nan,1.1160293873592979e-02,nan,-nan,2.2321713591582963e-02
7.7929687500000000e-01,-nan,1.0884363798688694e-02,nan,-nan,2.1769860868287978e-02
7.8320312500000000e-01,-nan,1.0608074945578054e-02,nan,-nan,2.1217290709193311e-02
7.8710937500000000e-01,-nan,1.0331575323815456e-02,nan,-nan,2.0664299134041501e-02
7.9101562500000000e-01,-nan,1.0055014998662248e-02,nan,-nan,2.0111186273958408e-02
7.9492187500000000e-01,-nan,9.7785460910513409e-03,nan,-nan,1.9558256371453565e-02
7.9882812500000000e-01,-nan,9.5023227776190634e-03,nan,-nan,1.9005817780419754e-02
8.0273437500000000e-01,-nan,9.2265012906815932e-03,nan,-nan,1.8454182966133596e-02
8.0664062500000000e-01,-nan,8.9512399182506003e-03,nan,-nan,1.7903668505254804e-02
8.1054687500000000e-01,-nan,8.6766990040246152e-03,nan,-nan,1.7354595085826510e-02
8.1445312500000000e-01,-nan,8.4030409473912215e-03,nan,-nan,1.6807287507274754e-02
8.1835937500000000e-01,-nan,8.1304302034310248e-03,nan,-nan,1.6262074680409241e-02
8.2226562500000000e-01,-nan,7.8590332829109218e-03,nan,-nan,1.5719289627422438e-02
8.2617187500000000e-01,-nan,7.5890187522887958e-03,nan,-nan,1.5179269481889879e-02
8.3007812500000000e-01,-nan,7.3205572337135868e-03,nan,-nan,1.4642355488769911e-02
8.3398437500000000e-01,-nan,7.0538214050200393e-03,nan,-nan,1.4108893004403947e-02
8.3789062500000000e-01,-nan,6.7889859997387293e-03,nan,-nan,1.3579231496516048e-02
8.4179687500000000e-01,-nan,6.5262278070835518e-03,nan,-nan,1.3053724544212988e-02
8.4570312500000000e-01,-nan,6.2657256719647128e-03,nan,-nan,1.2532729837983989e-02
8.4960937500000000e-01,-nan,6.0076604949795519e-03,nan,-nan,1.2016609179701151e-02
8.5351562500000000e-01,-nan,5.7522152324122533e-03,nan,-nan,1.1505728482618808e-02
8.5742187500000000e-01,-nan,5.4995748962433227e-03,nan,-nan,1.1000457771373746e-02
8.6132812500000000e-01,-nan,5.2499265541388652e-03,nan,-nan,1.0501171181984920e-02
8.6523437500000000e-01,-nan,5.0034593294580555e-03,nan,-nan,1.0008246961853706e-02
8.6914062500000000e-01,-nan,4.7603644012470317e-03,nan,-nan,9.5220674697634629e-03
8.7304687500000000e-01,-nan,4.5208350042445916e-03,nan,-nan,9.0430191758796973e-03
8.7695312500000000e-01,-nan,4.2850664288796780e-03,nan,-nan,8.5714926617496343e-03
8.8085937500000000e-01,-nan,4.0532560212711575e-03,nan,-nan,8.1078826203027348e-03
8.8476562500000000e-01,-nan,3.8256031832281634e-03,nan,-nan,7.6525878558500364e-03
8.8867187500000000e-01,-nan,3.6023093722502971e-03,nan,-nan,7.2060112840843620e-03
8.9257812500000000e-01,-nan,3.3835781015276148e-03,nan,-nan,6.7685599320800385e-03
8.9648437500000000e-01,-nan,3.1696149399416456e-03,nan,-nan,6.3406449382930547e-03
9.0039062500000000e-01,-nan,2.9606275120640127e-03,nan,-nan,5.9226815525607905e-03
9.0429687500000000e-01,-nan,2.7568254981555091e-03,nan,-nan,5.5150891361019786e-03
9.0820312500000000e-01,-nan,2.5584206341700156e-03,nan,-nan,5.1182911615165220e-03
9.1210937500000000e-01,-nan,2.3656267117504871e-03,nan,-nan,4.7327152127856651e-03
9.1601562500000000e-01,-nan,2.1786595782309339e-03,nan,-nan,4.3587929852716223e-03
9.1992187500000000e-01,-nan,1.9977371366367322e-03,nan,-nan,3.9969602857176309e-03
9.2382812500000000e-01,-nan,1.8230793456836597e-03,nan,-nan,3.6476570322477590e-03
9.2773437500000000e-01,-nan,1.6549082197787912e-03,nan,-nan,3.3113272543669665e-03
9.3164062500000000e-01,-nan,1.4934478290195997e-03,nan,-nan,2.9884190929608582e-03
9.3554687500000000e-01,-nan,1.3389242991952159e-03,nan,-nan,2.6793848002956734e-03
9.3945312500000000e-01,-nan,1.1915658117849788e-03,nan,-nan,2.3846807400181120e-03
9.4335937500000000e-01,-nan,1.0516026039600679e-03,nan,-nan,2.1047673871553746e-03
9.4726562500000000e-01,-nan,9.1926696858279065e-04,nan,-nan,1.8401093281149321e-03
9.5117187500000000e-01,-nan,7.9479325420624321e-04,nan,-nan,1.5911752606844966e-03
9.5507812500000000e-01,-nan,6.7841786507507099e-04,nan,-nan,1.3584379940318767e-03
9.5898437500000000e-01,-nan,5.7037926112497590e-04,nan,-nan,1.1423744487049404e-03
9.6289062500000000e-01,-nan,4.7091795798320259e-04,nan,-nan,9.4346565663146079e-04
9.6679687500000000e-01,-nan,3.8027652696825167e-04,nan,-nan,7.6219676111904478e-04
9.7070312500000000e-01,-nan,2.9869959509007843e-04,nan,-nan,5.9905701685500682e-04
9.7460937500000000e-01,-nan,2.2643384505012526e-04,nan,-nan,4.5453978990630953e-04
9.7851562500000000e-01,-nan,1.6372801524143718e-04,nan,-nan,3.2914255771942244e-04
9.8242187500000000e-01,-nan,1.1083289974842544e-04,nan,-nan,2.2336690912023459e-04
9.8632812500000000e-01,-nan,6.8001348347334852e-05,nan,-nan,1.3771854431394672e-04
9.9023437500000000e-01,-nan,3.5488266505937337e-05,nan,-nan,7.2707274884975737e-05
9.9414062500000000e-01,-nan,1.3550615383751890e-05,nan,-nan,2.8847023796841532e-05
9.9804687500000000e-01,-nan,2.4474118320555846e-06,nan,-nan,6.6558253920659657e-06
