x,tsom_original_psi,tsom_v0_psi,tsom_fast100_psi,tsom_fast500_psi,bgc_bv_5e-4,bgc_bv_1e-3,fickian_gamma_0p25
9.7656250000000000e-04,9.3527075551279398e-14,9.3527075551279398e-14,9.3527075551279398e-14,9.3527075551279398e-14,-1.2513781384703308e-06,-4.4850654294091469e-06,9.2971793899233116e-14
2.9296875000000000e-03,2.8433258972019112e-13,2.8433258972019112e-13,2.8433258972019112e-13,2.8433258972019112e-13,-1.1004161906870354e-05,-3.9641540510434007e-05,2.8388947565777016e-13
4.8828125000000000e-03,4.9032993832598746e-13,4.9032993832598746e-13,4.9032993832598746e-13,4.9032993832598746e-13,-2.9888617659105895e-05,-1.0817412417953071e-04,4.8997667415985925e-13
6.8359375000000000e-03,7.2246319138275273e-13,7.2246319138275273e-13,7.2246319138275273e-13,7.2246319138275273e-13,-5.7322638730835134e-05,-2.0834608645251351e-04,7.2218182919662380e-13
8.7890625000000000e-03,9.9297046716075545e-13,9.9297046716075545e-13,9.9297046716075545e-13,9.9297046716075545e-13,-9.2788264127365074e-05,-3.3854025341073469e-04,9.9274658772380187e-13
1.0742187500000000e-02,1.3159828967942335e-12,1.3159828967942335e-12,1.3159828967942335e-12,1.3159828967942335e-12,-1.3582677543470651e-04,-4.9725182326750613e-04,1.3158049274269824e-12
1.2695312500000000e-02,1.7082095191233961e-12,1.7082095191233961e-12,1.7082095191233961e-12,1.7082095191233961e-12,-1.8603398890123629e-04,-6.8308132746570883e-04,1.7080681810654214e-12
1.4648437500000000e-02,2.1897386124132712e-12,2.1897386124132712e-12,2.1897386124132712e-12,2.1897386124132712e-12,-2.4305573400318698e-04,-8.9472773579289298e-04,2.1896264735801023e-12
1.6601562500000000e-02,2.7849907485187003e-12,2.7849907485187003e-12,2.7849907485187003e-12,2.7849907485187003e-12,-3.0658350945899103e-04,-1.1309817040377156e-03,2.7849018619317583e-12
1.8554687500000000e-02,3.5238650423736003e-12,3.5238650423736003e-12,3.5238650423736003e-12,3.5238650423736003e-12,-3.7635030742424699e-04,-1.3907189623246431e-03,3.5237946541595841e-12
2.0507812500000000e-02,4.4431278906318983e-12,4.4431278906318983e-12,4.4431278906318983e-12,4.4431278906318983e-12,-4.5212659646467644e-04,-1.6728938419450883e-03,4.4430722044541439e-12
2.2460937500000000e-02,5.5881032303194037e-12,5.5881032303194037e-12,5.5881032303194037e-12,5.5881032303194037e-12,-5.3371645385480709e-04,-1.9765329382458539e-03,5.5880592175344109e-12
2.4414062500000000e-02,7.0147353499528743e-12,7.0147353499528743e-12,7.0147353499528743e-12,7.0147353499528743e-12,-6.2095383777289667e-04,-2.3007289069337769e-03,7.0147005967772853e-12
2.6367187500000000e-02,8.7921099771029954e-12,8.7921099771029954e-12,8.7921099771029954e-12,8.7921099771029954e-12,-7.1369899004701889e-04,-2.6446343910032704e-03,8.7920825617040851e-12
2.8320312500000000e-02,1.1005537263106972e-11,1.1005537263106972e-11,1.1005537263106972e-11,1.1005537263106972e-11,-8.1183496024383561e-04,-3.0074560753859292e-03,1.1005515656861953e-11
3.0273437500000000e-02,1.3760322008439581e-11,1.3760322008439581e-11,1.3760322008439581e-11,1.3760322008439581e-11,-9.1526424207220283e-04,-3.3884488663539049e-03,1.3760304996693208e-11
3.2226562500000000e-02,1.7186372766152407e-11,1.7186372766152407e-11,1.7186372766152407e-11,1.7186372766152407e-11,-1.0239055132912720e-03,-3.7869101926771439e-03,1.7186359384689681e-11
3.4179687500000000e-02,2.1443833217019789e-11,2.1443833217019789e-11,2.1443833217019789e-11,2.1443833217019789e-11,-1.1376904705610010e-03,-4.2021744255350017e-03,2.1443822701188745e-11
3.6132812500000000e-02,2.6729957491967523e-11,2.6729957491967523e-11,2.6729957491967523e-11,2.6729957491967523e-11,-1.2565607509466377e-03,-4.6336074142116941e-03,2.6729949235977915e-11
3.8085937500000000e-02,3.3287497191133876e-11,3.3287497191133876e-11,3.3287497191133876e-11,3.3287497191133876e-11,-1.3804649320832429e-03,-5.0806011346594075e-03,3.3287490715527735e-11
4.0039062500000000e-02,4.1414923219173647e-11,4.1414923219173647e-11,4.1414923219173647e-11,4.1414923219173647e-11,-1.5093556033176857e-03,-5.5425684480897158e-03,4.1414918144856041e-11
4.1992187500000000e-02,5.1478872008359643e-11,5.1478872008359643e-11,5.1478872008359643e-11,5.1478872008359643e-11,-1.6431865004704655e-03,-6.0189379668506857e-03,5.1478868035885595e-11
4.3945312500000000e-02,6.3929285349324073e-11,6.3929285349324073e-11,6.3929285349324073e-11,6.3929285349324073e-11,-1.7819096971952917e-03,-6.5091490249612497e-03,6.3929282242398420e-11
4.5898437500000000e-02,7.9317808395251265e-11,7.9317808395251265e-11,7.9317808395251265e-11,7.9317808395251265e-11,-1.9254728462581442e-03,-7.0126467508040127e-03,7.9317805967594480e-11
4.7851562500000000e-02,9.8320124403382313e-11,9.8320124403382313e-11,9.8320124403382313e-11,9.8320124403382313e-11,-2.0738164644075428e-03,-7.5288772396205420e-03,9.8320122508290397e-11
4.9804687500000000e-02,1.2176304091265753e-10,1.2176304091265753e-10,1.2176304091265753e-10,1.2176304091265753e-10,-2.2268712548621579e-03,-8.0572828236077174e-03,1.2176303943470451e-10
5.1757812500000000e-02,1.5065730443289967e-10,1.5065730443289967e-10,1.5065730443289967e-10,1.5065730443289967e-10,-2.3845554617993527e-03,-8.5972974375781250e-03,1.5065730328136205e-10
5.3710937500000000e-02,1.8623731416769188e-10,1.8623731416769188e-10,1.8623731416769188e-10,1.8623731416769188e-10,-2.5467722515874506e-03,-9.1483420783203106e-03,1.8623731327133017e-10
5.5664062500000000e-02,2.3000913548204288e-10,2.3000913548204288e-10,2.3000913548204288e-10,2.3000913548204288e-10,-2.7134071158646045e-03,-9.7098203559747073e-03,2.3000913478497493e-10
5.7617187500000000e-02,2.8380848741139945e-10,2.8380848741139945e-10,2.8380848741139945e-10,2.8380848741139945e-10,-2.8843252919271297e-03,-1.0281114135926863e-02,2.8380848686982735e-10
5.9570312500000000e-02,3.4987070328627475e-10,3.4987070328627475e-10,3.4987070328627475e-10,3.4987070328627475e-10,-3.0593691962495675e-03,-1.0861579269910005e-02,3.4987070286591113e-10
6.1523437500000000e-02,4.3091504863780400e-10,4.3091504863780400e-10,4.3091504863780400e-10,4.3091504863780400e-10,-3.2383558673168486e-03,-1.1450541415203278e-02,4.3091504831182908e-10
6.3476562500000000e-02,5.3024623661055517e-10,5.3024623661055517e-10,5.3024623661055517e-10,5.3024623661055517e-10,-3.4210744143054459e-03,-1.2047291941008726e-02,5.3024623635801920e-10
6.5429687500000000e-02,6.5187652057440552e-10,6.5187652057440552e-10,6.5187652057440552e-10,6.5187652057440552e-10,-3.6072834685048783e-03,-1.2651083921288872e-02,6.5187652037894347e-10
6.7382812500000000e-02,8.0067238098525384e-10,8.0067238098525384e-10,8.0067238098525384e-10,8.0067238098525384e-10,-3.7967086347231436e-03,-1.3261128213546507e-02,8.0067238083411119e-10
6.9335937500000000e-02,9.8253057565350463e-10,9.8253057565350463e-10,9.8253057565350463e-10,9.8253057565350463e-10,-3.9890399402693752e-03,-1.3876589623228222e-02,9.8253057553673961e-10
7.1289062500000000e-02,1.2045892090277684e-09,1.2045892090277684e-09,1.2045892090277684e-09,1.2045892090277684e-09,-4.1839292794540010e-03,-1.4496583153632768e-02,1.2045892089376559e-09
7.3242187500000000e-02,1.4754805196189861e-09,1.4754805196189861e-09,1.4754805196189861e-09,1.4754805196189861e-09,-4.3809878518909174e-03,-1.5120170341403933e-02,1.4754805195494994e-09
7.5195312500000000e-02,1.8056333116129159e-09,1.8056333116129159e-09,1.8056333116129159e-09,1.8056333116129159e-09,-4.5797835932273705e-03,-1.5746355677884280e-02,1.8056333115593864e-09
7.7148437500000000e-02,2.2076343975196637e-09,2.2076343975196637e-09,2.2076343975196637e-09,2.2076343975196637e-09,-4.7798385972653880e-03,-1.6374083116800806e-02,2.2076343974784606e-09
7.9101562500000000e-02,2.6966601085940336e-09,2.6966601085940336e-09,2.6966601085940336e-09,2.6966601085940336e-09,-4.9806265287736145e-03,-1.7002232668945270e-02,2.6966601085623795e-09
8.1054687500000000e-02,3.2909909093498126e-09,3.2909909093498126e-09,3.2909909093498126e-09,3.2909909093498126e-09,-5.1815700266200594e-03,-1.7629617084700559e-02,3.2909909093254902e-09
8.3007812500000000e-02,4.0126244685774164e-09,4.0126244685774164e-09,4.0126244685774164e-09,4.0126244685774164e-09,-5.3820380971845976e-03,-1.8254978625449239e-02,4.0126244685587511e-09
8.4960937500000000e-02,4.8880052456885871e-09,4.8880052456885871e-09,4.8880052456885871e-09,4.8880052456885871e-09,-5.5813434983348637e-03,-1.8876985925080907e-02,4.8880052456742612e-09
8.6914062500000000e-02,5.9488918097799420e-09,5.9488918097799420e-09,5.9488918097799420e-09,5.9488918097799420e-09,-5.7787401145704253e-03,-1.9494230942991145e-02,5.9488918097690075e-09
8.8867187500000000e-02,7.2333867904435263e-09,7.2333867904435263e-09,7.2333867904435263e-09,7.2333867904435263e-09,-5.9734203242575151e-03,-2.0105226010135775e-02,7.2333867904351379e-09
9.0820312500000000e-02,8.7871586452580164e-09,8.7871586452580164e-09,8.7871586452580164e-09,8.7871586452580164e-09,-6.1645123601901750e-03,-2.0708400969869624e-02,8.7871586452516107e-09
9.2773437500000000e-02,1.0664889411922797e-08,1.0664889411922797e-08,1.0664889411922797e-08,1.0664889411922797e-08,-6.3510776650231278e-03,-2.1302100415458811e-02,1.0664889411917903e-08
9.4726562500000000e-02,1.2931988399143528e-08,1.2931988399143528e-08,1.2931988399143528e-08,1.2931988399143528e-08,-6.5321082434268481e-03,-2.1884581026309319e-02,1.2931988399139915e-08
9.6679687500000000e-02,1.5666618480470901e-08,1.5666618480470901e-08,1.5666618480470901e-08,1.5666618480470901e-08,-6.7065240131160778e-03,-2.2454009005101604e-02,1.5666618480468121e-08
9.8632812500000000e-02,1.8962089426829110e-08,1.8962089426829110e-08,1.8962089426829110e-08,1.8962089426829110e-08,-6.8731701571989982e-03,-2.3008457618161483e-02,1.8962089426827006e-08
1.0058593750000000e-01,2.2929681702687047e-08,2.2929681702687047e-08,2.2929681702687047e-08,2.2929681702687047e-08,-7.0308144805853040e-03,-2.3545904841530810e-02,2.2929681702685406e-08
1.0253906250000000e-01,2.7701974534936736e-08,2.7701974534936736e-08,2.7701974534936736e-08,2.7701974534936736e-08,-7.1781447734772692e-03,-2.4064231115327028e-02,2.7701974534935655e-08
1.0449218750000000e-01,3.3436764043267318e-08,3.3436764043267318e-08,3.3436764043267318e-08,3.3436764043267318e-08,-7.3137661852480801e-03,-2.4561217209098960e-02,3.3436764043266464e-08
1.0644531250000000e-01,4.0321671023067989e-08,4.0321671023067989e-08,4.0321671023067989e-08,4.0321671023067989e-08,-7.4361986122862206e-03,-2.5034542200996140e-02,4.0321671023067334e-08
1.0839843750000000e-01,4.8579553852802024e-08,4.8579553852802024e-08,4.8579553852802024e-08,4.8579553852802024e-08,-7.5438741036528241e-03,-2.5481781573670627e-02,4.8579553852801402e-08
1.1035156250000000e-01,5.8474860245943918e-08,5.8474860245943918e-08,5.8474860245943918e-08,5.8474860245943918e-08,-7.6351342886605998e-03,-2.5900405429923477e-02,5.8474860245944084e-08
1.1230468750000000e-01,7.0321072507594666e-08,7.0321072507594666e-08,7.0321072507594666e-08,7.0321072507594666e-08,-7.7082278307377102e-03,-2.6287776831192315e-02,7.0321072507594613e-08
1.1425781250000000e-01,8.4489424952234200e-08,8.4489424952234200e-08,8.4489424952234200e-08,8.4489424952234200e-08,-7.7613079121873485e-03,-2.6641150262051692e-02,8.4489424952234108e-08
1.1621093750000000e-01,1.0141909960028646e-07,1.0141909960028646e-07,1.0141909960028646e-07,1.0141909960028646e-07,-7.7924297546934562e-03,-2.6957670223963968e-02,1.0141909960028606e-07
1.1816406250000000e-01,1.2162913765420900e-07,1.2162913765420900e-07,1.2162913765420900e-07,1.2162913765420900e-07,-7.7995481806545242e-03,-2.7234369961574544e-02,1.2162913765420926e-07
1.2011718750000000e-01,1.4573234007004977e-07,1.4573234007004977e-07,1.4573234007004977e-07,1.4573234007004977e-07,-7.7805152206503747e-03,-2.7468170324892200e-02,1.4573234007004951e-07
1.2207031250000000e-01,1.7445147135653993e-07,1.7445147135653993e-07,1.7445147135653993e-07,1.7445147135653993e-07,-7.7330777725606115e-03,-2.7655878770731786e-02,1.7445147135653956e-07
1.2402343750000000e-01,2.0863812718355450e-07,2.0863812718355450e-07,2.0863812718355450e-07,2.0863812718355450e-07,-7.6548753180577583e-03,-2.7794188506823032e-02,2.0863812718355345e-07
1.2597656250000000e-01,2.4929467916744265e-07,2.4929467916744265e-07,2.4929467916744265e-07,2.4929467916744265e-07,-7.5434377023924368e-03,-2.7879677782005629e-02,2.4929467916744392e-07
1.2792968750000000e-01,2.9759977010056163e-07,2.9759977010056163e-07,2.9759977010056163e-07,2.9759977010056163e-07,-7.3961829835717903e-03,-2.7908809325935986e-02,2.9759977010056169e-07
1.2988281250000000e-01,3.5493790076653266e-07,3.5493790076653266e-07,3.5493790076653266e-07,3.5493790076653266e-07,-7.2104153572050984e-03,-2.7877929941726654e-02,3.5493790076653219e-07
1.3183593750000000e-01,4.2293372628065394e-07,4.2293372628065394e-07,4.2293372628065394e-07,4.2293372628065394e-07,-6.9833231634520631e-03,-2.7783270254923147e-02,4.2293372628065220e-07
1.3378906250000000e-01,5.0349176666119775e-07,5.0349176666119775e-07,5.0349176666119775e-07,5.0349176666119775e-07,-6.7119769826584916e-03,-2.7620944622196632e-02,5.0349176666119870e-07
1.3574218750000000e-01,5.9884233421994929e-07,5.9884233421994929e-07,5.9884233421994929e-07,5.9884233421994929e-07,-6.3933278264011279e-03,-2.7386951203092990e-02,5.9884233421994812e-07
1.3769531250000000e-01,7.1159459061676329e-07,7.1159459061676329e-07,7.1159459061676329e-07,7.1159459061676329e-07,-6.0242054307873081e-03,-2.7077172198130172e-02,7.1159459061676117e-07
1.3964843750000000e-01,8.4479777042843700e-07,8.4479777042843700e-07,8.4479777042843700e-07,8.4479777042843700e-07,-5.6013166589655751e-03,-2.6687374256475535e-02,8.4479777042843276e-07
1.4160156250000000e-01,1.0020117473359873e-06,1.0020117473359873e-06,1.0020117473359873e-06,1.0020117473359873e-06,-5.1212440198999728e-03,-2.6213209056363790e-02,1.0020117473359920e-06
1.4355468750000000e-01,1.1873882751680075e-06,1.1873882751680075e-06,1.1873882751680075e-06,1.1873882751680075e-06,-4.5804443105427672e-03,-2.5650214061333672e-02,1.1873882751680064e-06
1.4550781250000000e-01,1.4057644108203925e-06,1.4057644108203925e-06,1.4057644108203925e-06,1.4057644108203925e-06,-3.9752473886075276e-03,-2.4993813455267501e-02,1.4057644108203908e-06
1.4746093750000000e-01,1.6627698214197581e-06,1.6627698214197581e-06,1.6627698214197581e-06,1.6627698214197581e-06,-3.3018550831962691e-03,-2.4239319259112643e-02,1.6627698214197492e-06
1.4941406250000000e-01,1.9649498960741689e-06,1.9649498960741689e-06,1.9649498960741689e-06,1.9649498960741689e-06,-2.5563402505702840e-03,-2.3381932632047436e-02,1.9649498960741698e-06
1.5136718750000000e-01,2.3199068253832588e-06,2.3199068253832588e-06,2.3199068253832588e-06,2.3199068253832588e-06,-1.7346459823739549e-03,-2.2416745359726459e-02,2.3199068253832524e-06
1.5332031250000000e-01,2.7364610819419198e-06,2.7364610819419198e-06,2.7364610819419198e-06,2.7364610819419198e-06,-8.3258497362375186e-04,-2.1338741532100868e-02,2.7364610819419101e-06
1.5527343750000000e-01,3.2248360349151247e-06,3.2248360349151247e-06,3.2248360349151247e-06,3.2248360349151247e-06,1.5416094223950853e-04,-2.0142799413159662e-02,3.2248360349151065e-06
1.5722656250000000e-01,3.7968687640966183e-06,3.7968687640966183e-06,3.7968687640966183e-06,3.7968687640966183e-06,1.2300410839687381e-03,-1.8823693504776293e-02,3.7968687640966327e-06
1.5917968750000000e-01,4.4662505065702494e-06,4.4662505065702494e-06,4.4662505065702494e-06,4.4662505065702494e-06,2.3996360315820986e-03,-1.7376096806673187e-02,4.4662505065702511e-06
1.6113281250000000e-01,5.2488005752092626e-06,5.2488005752092626e-06,5.2488005752092626e-06,5.2488005752092626e-06,3.6676575467387792e-03,-1.5794583274333654e-02,5.2488005752092490e-06
1.6308593750000000e-01,6.1627780359797627e-06,6.1627780359797627e-06,6.1627780359797627e-06,6.1627780359797627e-06,5.0389482973560509e-03,-1.4073630476497239e-02,6.1627780359797280e-06
1.6503906250000000e-01,7.2292359237107599e-06,7.2292359237107599e-06,7.2292359237107599e-06,7.2292359237107599e-06,6.5184813795096134e-03,-1.2207622453670554e-02,7.2292359237107692e-06
1.6699218750000000e-01,8.4724233171541907e-06,8.4724233171541907e-06,8.4724233171541907e-06,8.4724233171541907e-06,8.1113596297833282e-03,-1.0190852778871299e-02,8.4724233171541669e-06
1.6894531250000000e-01,9.9202411874078937e-06,9.9202411874078937e-06,9.9202411874078937e-06,9.9202411874078937e-06,9.8228147213776599e-03,-8.0175278215990319e-03,9.9202411874078615e-06
1.7089843750000000e-01,1.1604758582854694e-05,1.1604758582854694e-05,1.1604758582854694e-05,1.1604758582854694e-05,1.1658206037449020e-02,-5.6817702157920371e-03,1.1604758582854623e-05
1.7285156250000000e-01,1.3562796422505178e-05,1.3562796422505178e-05,1.3562796422505178e-05,1.3562796422505178e-05,1.3623019315334509e-02,-3.1776225322862474e-03,1.3562796422505253e-05
1.7480468750000000e-01,1.5836586941919321e-05,1.5836586941919321e-05,1.5836586941919321e-05,1.5836586941919321e-05,1.5722865055518717e-02,-4.9905115603925165e-04,1.5836586941919325e-05
1.7675781250000000e-01,1.8474517675637949e-05,1.8474517675637949e-05,1.8474517675637949e-05,1.8474517675637949e-05,1.7963476689421064e-02,2.3600496318792229e-03,1.8474517675637918e-05
1.7871093750000000e-01,2.1531969771209382e-05,2.1531969771209382e-05,2.1531969771209382e-05,2.1531969771209382e-05,2.0350708500324097e-02,5.4058533677991873e-03,2.1531969771209253e-05
1.8066406250000000e-01,2.5072261416301851e-05,2.5072261416301851e-05,2.5072261416301851e-05,2.5072261416301851e-05,2.2890533292024656e-02,8.6445969150119456e-03,2.5072261416301830e-05
1.8261718750000000e-01,2.9167708225827644e-05,2.9167708225827644e-05,2.9167708225827644e-05,2.9167708225827644e-05,2.5589039800071264e-02,1.2082575770214932e-02,2.9167708225827532e-05
1.8457031250000000e-01,3.3900813584060850e-05,3.3900813584060850e-05,3.3900813584060850e-05,3.3900813584060850e-05,2.8452429840752396e-02,1.5726139167967116e-02,3.3900813584060694e-05
1.8652343750000000e-01,3.9365603170799941e-05,3.9365603170799941e-05,3.9365603170799941e-05,3.9365603170799941e-05,3.1487015193320769e-02,1.9581684984582997e-02,3.9365603170799657e-05
1.8847656250000000e-01,4.5669119223766431e-05,4.5669119223766431e-05,4.5669119223766431e-05,4.5669119223766431e-05,3.4699214211279299e-02,2.3655654443200360e-02,4.5669119223766628e-05
1.9042968750000000e-01,5.2933091504347708e-05,5.2933091504347708e-05,5.2933091504347708e-05,5.2933091504347708e-05,3.8095548158913452e-02,2.7954526622070510e-02,5.2933091504347715e-05
1.9238281250000000e-01,6.1295803442670672e-05,6.1295803442670672e-05,6.1295803442670672e-05,6.1295803442670672e-05,4.1682637269633289e-02,3.2484812768438460e-02,6.1295803442670618e-05
1.9433593750000000e-01,7.0914173542496650e-05,7.0914173542496650e-05,7.0914173542496650e-05,7.0914173542496650e-05,4.5467196523085104e-02,3.7253050420704675e-02,7.0914173542496365e-05
1.9628906250000000e-01,8.1966073827444749e-05,8.1966073827444749e-05,8.1966073827444749e-05,8.1966073827444749e-05,4.9456031138408067e-02,4.2265797341888602e-02,8.1966073827444979e-05
1.9824218750000000e-01,9.4652908907742080e-05,9.4652908907742080e-05,9.4652908907742080e-05,9.4652908907742080e-05,5.3656031781443944e-02,4.7529625267746983e-02,9.4652908907741986e-05
2.0019531250000000e-01,1.0920248114018900e-04,1.0920248114018900e-04,1.0920248114018900e-04,1.0920248114018900e-04,5.8074169484158500e-02,5.3051113473235816e-02,1.0920248114018884e-04
2.0214843750000000e-01,1.2587216934145266e-04,1.2587216934145266e-04,1.2587216934145266e-04,1.2587216934145266e-04,6.2717490275000370e-02,5.8836842161344230e-02,1.2587216934145215e-04
2.0410156250000000e-01,1.4495245059293271e-04,1.4495245059293271e-04,1.4495245059293271e-04,1.4495245059293271e-04,6.7593109519406447e-02,6.4893385678669827e-02,1.4495245059293360e-04
2.0605468750000000e-01,1.6677079683979993e-04,1.6677079683979993e-04,1.6677079683979993e-04,1.6677079683979993e-04,7.2708205970162462e-02,7.1227305562447954e-02,1.6677079683980012e-04
2.0800781250000000e-01,1.9169598023116994e-04,1.9169598023116994e-04,1.9169598023116994e-04,1.9169598023116994e-04,7.8070015527840750e-02,7.7845143424091739e-02,1.9169598023116989e-04
2.0996093750000000e-01,2.2014282346499809e-04,2.2014282346499809e-04,2.2014282346499809e-04,2.2014282346499809e-04,8.3685824712066537e-02,8.4753413674644187e-02,2.2014282346499722e-04
2.1191406250000000e-01,2.5257743378023399e-04,2.5257743378023399e-04,2.5257743378023399e-04,2.5257743378023399e-04,8.9562963844905391e-02,9.1958596097888659e-02,2.5257743378023469e-04
2.1386718750000000e-01,2.8952296166830018e-04,2.8952296166830018e-04,2.8952296166830018e-04,2.8952296166830018e-04,9.5708799948219167e-02,9.9467128277206968e-02,2.8952296166829985e-04
2.1582031250000000e-01,3.3156592784171224e-04,3.3156592784171224e-04,3.3156592784171224e-04,3.3156592784171224e-04,1.0213072935740458e-01,1.0728539788261676e-01,3.3156592784171169e-04
2.1777343750000000e-01,3.7936316448314539e-04,3.7936316448314539e-04,3.7936316448314539e-04,3.7936316448314539e-04,1.0883617005450545e-01,1.1541973482476039e-01,3.7936316448314349e-04
2.1972656250000000e-01,4.3364941928389383e-04,4.3364941928389383e-04,4.3364941928389383e-04,4.3364941928389383e-04,1.1583255372427750e-01,1.2387640328295364e-01,4.3364941928389665e-04
2.2167968750000000e-01,4.9524567324450350e-04,4.9524567324450350e-04,4.9524567324450350e-04,4.9524567324450350e-04,1.2312731753738101e-01,1.3266159361473662e-01,4.9524567324450437e-04
2.2363281250000000e-01,5.6506822562681341e-04,5.6506822562681341e-04,5.6506822562681341e-04,5.6506822562681341e-04,1.3072789566547977e-01,1.4178141415469950e-01,5.6506822562681384e-04
2.2558593750000000e-01,6.4413860178769882e-04,6.4413860178769882e-04,6.4413860178769882e-04,6.4413860178769882e-04,1.3864171053363769e-01,1.5124188291067847e-01,6.4413860178769687e-04
2.2753906250000000e-01,7.3359434185816510e-04,7.3359434185816510e-04,7.3359434185816510e-04,7.3359434185816510e-04,1.4687616381601981e-01,1.6104891916573788e-01,7.3359434185816760e-04
2.2949218750000000e-01,8.3470073032224697e-04,8.3470073032224697e-04,8.3470073032224697e-04,8.3470073032224697e-04,1.5543862718152621e-01,1.7120833499466573e-01,8.3470073032224622e-04
2.3144531250000000e-01,9.4886352845909895e-04,9.4886352845909895e-04,9.4886352845909895e-04,9.4886352845909895e-04,1.6433643279661284e-01,1.8172582670401613e-01,9.4886352845909721e-04
2.3339843750000000e-01,1.0776427732966090e-03,1.0776427732966090e-03,1.0776427732966090e-03,1.0776427732966090e-03,1.7357686359317837e-01,1.9260696620502951e-01,1.0776427732966040e-03
2.3535156250000000e-01,1.2227677081389067e-03,1.2227677081389067e-03,1.2227677081389067e-03,1.2227677081389067e-03,1.8316714331002559e-01,2.0385719232905103e-01,1.2227677081389143e-03
2.3730468750000000e-01,1.3861529108238199e-03,1.3861529108238199e-03,1.3861529108238199e-03,1.3861529108238199e-03,1.9311442631703224e-01,2.1548180209534840e-01,1.3861529108238212e-03
2.3925781250000000e-01,1.5699156865849892e-03,1.5699156865849892e-03,1.5699156865849892e-03,1.5699156865849892e-03,2.0342578723179086e-01,2.2748594194150035e-01,1.5699156865849890e-03
2.4121093750000000e-01,1.7763947926806142e-03,1.7763947926806142e-03,1.7763947926806142e-03,1.7763947926806142e-03,2.1410821033910085e-01,2.3987459892678678e-01,1.7763947926806086e-03
2.4316406250000000e-01,2.0081705617442749e-03,2.0081705617442749e-03,2.0081705617442749e-03,2.0081705617442749e-03,2.2516857882431238e-01,2.5265259191926137e-01,2.0081705617442797e-03
2.4511718750000000e-01,2.2680864900498704e-03,2.2680864900498704e-03,2.2680864900498704e-03,2.2680864900498704e-03,2.3661366383213348e-01,2.6582456277742467e-01,2.2680864900498652e-03
2.4707031250000000e-01,2.5592723554936974e-03,2.5592723554936974e-03,2.5592723554936974e-03,2.5592723554936974e-03,2.4845011336311706e-01,2.7939496753763965e-01,2.5592723554936875e-03
2.4902343750000000e-01,2.8851689280131030e-03,2.8851689280131030e-03,2.8851689280131030e-03,2.8851689280131030e-03,2.6068444102063865e-01,2.9336806761864415e-01,2.8851689280130809e-03
2.5097656250000000e-01,3.2495543323088657e-03,3.2495543323088657e-03,3.2495543323088657e-03,3.2495543323088657e-03,2.7332301462176073e-01,3.0774792105471288e-01,3.2495543323088748e-03
2.5292968750000000e-01,3.6565721190445028e-03,3.6565721190445028e-03,3.6565721190445028e-03,3.6565721190445028e-03,2.8637204468595523e-01,3.2253837376920369e-01,3.6565721190444924e-03
2.5488281250000000e-01,4.1107610960820053e-03,4.1107610960820053e-03,4.1107610960820053e-03,4.1107610960820053e-03,2.9983757281621370e-01,3.3774305090039441e-01,4.1107610960819932e-03
2.5683593750000000e-01,4.6170869657065992e-03,4.6170869657065992e-03,4.6170869657065992e-03,4.6170869657065992e-03,3.1372545998762019e-01,3.5336534819166904e-01,4.6170869657065662e-03
2.5878906250000000e-01,5.1809758071124975e-03,5.1809758071124975e-03,5.1809758071124975e-03,5.1809758071124975e-03,3.2804137475899314e-01,3.6940842345824815e-01,5.1809758071124975e-03
2.6074218750000000e-01,5.8083494355955995e-03,5.8083494355955995e-03,5.8083494355955995e-03,5.8083494355955995e-03,3.4279078142371366e-01,3.8587518814278132e-01,5.8083494355955778e-03
2.6269531250000000e-01,6.5056626608497835e-03,6.5056626608497835e-03,6.5056626608497835e-03,6.5056626608497835e-03,3.5797892811635063e-01,4.0276829897222277e-01,6.5056626608497557e-03
2.6464843750000000e-01,7.2799424564242571e-03,7.2799424564242571e-03,7.2799424564242571e-03,7.2799424564242571e-03,3.7361083489216340e-01,4.2009014972849723e-01,7.2799424564242007e-03
2.6660156250000000e-01,8.1388290406984622e-03,8.1388290406984622e-03,8.1388290406984622e-03,8.1388290406984622e-03,3.8969128179701845e-01,4.3784286314553345e-01,8.1388290406984847e-03
2.6855468750000000e-01,9.0906188566112194e-03,9.0906188566112194e-03,9.0906188566112194e-03,9.0906188566112194e-03,4.0622479694567820e-01,4.5602828294529113e-01,9.0906188566112038e-03
2.7050781250000000e-01,1.0144309422781373e-02,1.0144309422781373e-02,1.0144309422781373e-02,1.0144309422781373e-02,4.2321564462682720e-01,4.7464796602543974e-01,1.0144309422781338e-02
2.7246093750000000e-01,1.1309646012537327e-02,1.1309646012537327e-02,1.1309646012537327e-02,1.1309646012537327e-02,4.4066781345357287e-01,4.9370317481135956e-01,1.1309646012537249e-02
2.7441406250000000e-01,1.2597170099686738e-02,1.2597170099686738e-02,1.2597170099686738e-02,1.2597170099686738e-02,4.5858500457851403e-01,5.1319486978512729e-01,1.2597170099686713e-02
2.7636718750000000e-01,1.4018269490584826e-02,1.4018269490584826e-02,1.4018269490584826e-02,1.4018269490584826e-02,4.7697061999278406e-01,5.3312370220412519e-01,1.4018269490584762e-02
2.7832031250000000e-01,1.5585230041178689e-02,1.5585230041178689e-02,1.5585230041178689e-02,1.5585230041178689e-02,4.9582775092877140e-01,5.5349000702186124e-01,1.5585230041178613e-02
2.8027343750000000e-01,1.7311288835222198e-02,1.7311288835222198e-02,1.7311288835222198e-02,1.7311288835222198e-02,5.1515916638647841e-01,5.7429379602352293e-01,1.7311288835222052e-02
2.8222656250000000e-01,1.9210688675777628e-02,1.9210688675777628e-02,1.9210688675777628e-02,1.9210688675777628e-02,5.3496730180370544e-01,5.9553475118870114e-01,1.9210688675777680e-02
2.8417968750000000e-01,2.1298733716487252e-02,2.1298733716487252e-02,2.1298733716487252e-02,2.1298733716487252e-02,5.5525424789044442e-01,6.1721221829360740e-01,2.1298733716487207e-02
2.8613281250000000e-01,2.3591846031949359e-02,2.3591846031949359e-02,2.3591846031949359e-02,2.3591846031949359e-02,5.7602173964802561e-01,6.3932520076498267e-01,2.3591846031949297e-02
2.8808593750000000e-01,2.6107622897957903e-02,2.6107622897957903e-02,2.6107622897957903e-02,2.6107622897957903e-02,5.9727114559368100e-01,6.6187235379774600e-01,2.6107622897957747e-02
2.9003906250000000e-01,2.8864894522434174e-02,2.8864894522434174e-02,2.8864894522434174e-02,2.8864894522434174e-02,6.1900345721128480e-01,6.8485197874825643e-01,2.8864894522434199e-02
2.9199218750000000e-01,3.1883781936731352e-02,3.1883781936731352e-02,3.1883781936731352e-02,3.1883781936731352e-02,6.4121927864907424e-01,7.0826201781487252e-01,3.1883781936731241e-02
2.9394531250000000e-01,3.5185754724748504e-02,3.5185754724748504e-02,3.5185754724748504e-02,3.5185754724748504e-02,6.6391881668517105e-01,7.3210004901728132e-01,3.5185754724748351e-02
2.9589843750000000e-01,3.8793688234140693e-02,3.8793688234140693e-02,3.8793688234140693e-02,3.8793688234140693e-02,6.8710187098169928e-01,7.5636328148583032e-01,3.8793688234140394e-02
2.9785156250000000e-01,4.2731919880023603e-02,4.2731919880023603e-02,4.2731919880023603e-02,4.2731919880023603e-02,7.1076782464822441e-01,7.8104855107184568e-01,4.2731919880023797e-02
2.9980468750000000e-01,4.7026304117195043e-02,4.7026304117195043e-02,4.7026304117195043e-02,4.7026304117195043e-02,7.3491563513514035e-01,8.0615231628963879e-01,4.7026304117195085e-02
3.0175781250000000e-01,5.1704265622246455e-02,5.1704265622246455e-02,5.1704265622246455e-02,5.1704265622246455e-02,7.5954382547748223e-01,8.3167065460061351e-01,5.1704265622246517e-02
3.0371093750000000e-01,5.6794850192340859e-02,5.6794850192340859e-02,5.6794850192340859e-02,5.6794850192340859e-02,7.8465047590945425e-01,8.5759925904956535e-01,5.6794850192340651e-02
3.0566406250000000e-01,6.2328772833140464e-02,6.2328772833140464e-02,6.2328772833140464e-02,6.2328772833140464e-02,8.1023321586973396e-01,8.8393343526292723e-01,6.2328772833140658e-02
3.0761718750000000e-01,6.8338462474765702e-02,6.8338462474765702e-02,6.8338462474765702e-02,6.8338462474765702e-02,8.3628921641735177e-01,9.1066809881836119e-01,6.8338462474765618e-02
3.0957031250000000e-01,7.4858102722067624e-02,7.4858102722067624e-02,7.4858102722067624e-02,7.4858102722067624e-02,8.6281518307762262e-01,9.3779777299471734e-01,7.4858102722067416e-02
3.1152343750000000e-01,8.1923668014342643e-02,8.1923668014342643e-02,8.1923668014342643e-02,8.1923668014342643e-02,8.8980734913726167e-01,9.6531658691098943e-01,8.1923668014342130e-02
3.1347656250000000e-01,8.9572954540262026e-02,8.9572954540262026e-02,8.9572954540262026e-02,8.9572954540262026e-02,9.1726146940741260e-01,9.9321827406247620e-01,8.9572954540262401e-02
3.1542968750000000e-01,9.7845605226723281e-02,9.7845605226723281e-02,9.7845605226723281e-02,9.7845605226723281e-02,9.4517281447289114e-01,1.0214961712619324e+00,9.7845605226723337e-02
3.1738281250000000e-01,1.0678312809594837e-01,1.0678312809594837e-01,1.0678312809594837e-01,1.0678312809594837e-01,9.7353616544545685e-01,1.0501432179930390e+00,1.0678312809594834e-01
3.1933593750000000e-01,1.1642890726400254e-01,1.1642890726400254e-01,1.1642890726400254e-01,1.1642890726400254e-01,1.0023458092384101e+00,1.0791519561830532e+00,1.1642890726400201e-01
3.2128906250000000e-01,1.2682820583638632e-01,1.2682820583638632e-01,1.2682820583638632e-01,1.2682820583638632e-01,1.0315955343792560e+00,1.1085145304010193e+00,1.2682820583638646e-01
3.2324218750000000e-01,1.3802815994303688e-01,1.3802815994303688e-01,1.3802815994303688e-01,1.3802815994303688e-01,1.0612786273765673e+00,1.1382226884874149e+00,1.3802815994303663e-01
3.2519531250000000e-01,1.5007776314638760e-01,1.5007776314638760e-01,1.5007776314638760e-01,1.5007776314638760e-01,1.0913878696565378e+00,1.1682677826205994e+00,1.5007776314638735e-01
3.2714843750000000e-01,1.6302784045266289e-01,1.6302784045266289e-01,1.6302784045266289e-01,1.6302784045266289e-01,1.1219155350840417e+00,1.1986407708248903e+00,1.6302784045266219e-01
3.2910156250000000e-01,1.7693101115872634e-01,1.7693101115872634e-01,1.7693101115872634e-01,1.7693101115872634e-01,1.1528533880822962e+00,1.2293322189245581e+00,1.7693101115872759e-01
3.3105468750000000e-01,1.9184163977514240e-01,1.9184163977514240e-01,1.9184163977514240e-01,1.9184163977514240e-01,1.1841926823644560e+00,1.2603323029474649e+00,1.9184163977514293e-01
3.3300781250000000e-01,2.0781577428099848e-01,2.0781577428099848e-01,2.0781577428099848e-01,2.0781577428099848e-01,1.2159241602896869e+00,1.2916308119815039e+00,2.0781577428099895e-01
3.3496093750000000e-01,2.2491107098807878e-01,2.2491107098807878e-01,2.2491107098807878e-01,2.2491107098807878e-01,1.2480380528554351e+00,1.3232171514864128e+00,2.2491107098807850e-01
3.3691406250000000e-01,2.4318670532140069e-01,2.4318670532140069e-01,2.4318670532140069e-01,2.4318670532140069e-01,1.2805240803367357e+00,1.3550803470629438e+00,2.4318670532140191e-01
3.3886718750000000e-01,2.6270326786048359e-01,2.6270326786048359e-01,2.6270326786048359e-01,2.6270326786048359e-01,1.3133714535825176e+00,1.3872090486807631e+00,2.6270326786048354e-01
3.4082031250000000e-01,2.8352264503118096e-01,2.8352264503118096e-01,2.8352264503118096e-01,2.8352264503118096e-01,1.3465688759779255e+00,1.4195915353658435e+00,2.8352264503118035e-01
3.4277343750000000e-01,3.0570788389193787e-01,3.0570788389193787e-01,3.0570788389193787e-01,3.0570788389193787e-01,1.3801045460807184e+00,1.4522157203474921e+00,3.0570788389193643e-01
3.4472656250000000e-01,3.2932304052095279e-01,3.2932304052095279e-01,3.2932304052095279e-01,3.2932304052095279e-01,1.4139661609388245e+00,1.4850691566645233e+00,3.2932304052095479e-01
3.4667968750000000e-01,3.5443301158229806e-01,3.5443301158229806e-01,3.5443301158229806e-01,3.5443301158229806e-01,1.4481409200951061e+00,1.5181390432294504e+00,3.5443301158229878e-01
3.4863281250000000e-01,3.8110334872943064e-01,3.8110334872943064e-01,3.8110334872943064e-01,3.8110334872943064e-01,1.4826155302843456e+00,1.5514122313489362e+00,3.8110334872943136e-01
3.5058593750000000e-01,4.0940005559401765e-01,4.0940005559401765e-01,4.0940005559401765e-01,4.0940005559401765e-01,1.5173762108264037e+00,1.5848752316980894e+00,4.0940005559401665e-01
3.5253906250000000e-01,4.3938936720616945e-01,4.3938936720616945e-01,4.3938936720616945e-01,4.3938936720616945e-01,1.5524086997184061e+00,1.6185142217455435e+00,4.3938936720617094e-01
3.5449218750000000e-01,4.7113751179919738e-01,4.7113751179919738e-01,4.7113751179919738e-01,4.7113751179919738e-01,1.5876982604277026e+00,1.6523150536256157e+00,4.7113751179919766e-01
3.5644531250000000e-01,5.0471045506728374e-01,5.0471045506728374e-01,5.0471045506728374e-01,5.0471045506728374e-01,1.6232296893862272e+00,1.6862632624531719e+00,5.0471045506728340e-01
3.5839843750000000e-01,5.4017362706796335e-01,5.4017362706796335e-01,5.4017362706796335e-01,5.4017362706796335e-01,1.6589873241857205e+00,1.7203440750761874e+00,5.4017362706796102e-01
3.6035156250000000e-01,5.7759163209221553e-01,5.7759163209221553e-01,5.7759163209221553e-01,5.7759163209221553e-01,1.6949550524721408e+00,1.7545424192603254e+00,5.7759163209222009e-01
3.6230468750000000e-01,6.1702794196302502e-01,6.1702794196302502e-01,6.1702794196302502e-01,6.1702794196302502e-01,1.7311163215364027e+00,1.7888429332992222e+00,6.1702794196302779e-01
3.6425781250000000e-01,6.5854457336739713e-01,6.5854457336739713e-01,6.5854457336739713e-01,6.5854457336739713e-01,1.7674541485974014e+00,1.8232299760435049e+00,6.5854457336739902e-01
3.6621093750000000e-01,7.0220174997674900e-01,7.0220174997674900e-01,7.0220174997674900e-01,7.0220174997674900e-01,1.8039511317720960e+00,1.8576876373409297e+00,7.0220174997674867e-01
3.6816406250000000e-01,7.4805755026478693e-01,7.4805755026478693e-01,7.4805755026478693e-01,7.4805755026478693e-01,1.8405894617262324e+00,1.8921997488793894e+00,7.4805755026479115e-01
3.7011718750000000e-01,7.9616754208999141e-01,7.9616754208999141e-01,7.9616754208999141e-01,7.9616754208999141e-01,1.8773509339980721e+00,1.9267498954239077e+00,7.9616754208999274e-01
3.7207031250000000e-01,8.4658440527003198e-01,8.4658440527003198e-01,8.4658440527003198e-01,8.4658440527003198e-01,1.9142169619863139e+00,1.9613214264381178e+00,8.4658440527003276e-01
3.7402343750000000e-01,8.9935754353713293e-01,8.9935754353713293e-01,8.9935754353713293e-01,8.9935754353713293e-01,1.9511685905921832e+00,1.9958974680800861e+00,8.9935754353713071e-01
3.7597656250000000e-01,9.5453268742471864e-01,9.5453268742471864e-01,9.5453268742471864e-01,9.5453268742471864e-01,1.9881865105044692e+00,2.0304609355617620e+00,9.5453268742472652e-01
3.7792968750000000e-01,1.0121514897957311e+00,1.0121514897957311e+00,1.0121514897957311e+00,1.0121514897957311e+00,2.0252510731151072e+00,2.0649945458607171e+00,1.0121514897957351e+00
3.7988281250000000e-01,1.0722511158797738e+00,1.0722511158797738e+00,1.0722511158797738e+00,1.0722511158797738e+00,2.0623423060517303e+00,2.0994808307722579e+00,1.0722511158797767e+00
3.8183593750000000e-01,1.1348638298389193e+00,1.1348638298389193e+00,1.1348638298389193e+00,1.1348638298389193e+00,2.0994399293124189e+00,2.1339021502894329e+00,1.1348638298389173e+00
3.8378906250000000e-01,1.2000165800281017e+00,1.2000165800281017e+00,1.2000165800281017e+00,1.2000165800281017e+00,2.1365233719867622e+00,2.1682407062978766e+00,1.2000165800281066e+00
3.8574218750000000e-01,1.2677305852547811e+00,1.2677305852547811e+00,1.2677305852547811e+00,1.2677305852547811e+00,2.1735717895461635e+00,2.2024785565719140e+00,1.2677305852547784e+00
3.8769531250000000e-01,1.3380209244714554e+00,1.3380209244714554e+00,1.3380209244714554e+00,1.3380209244714554e+00,2.2105640816852334e+00,2.2365976290577962e+00,1.3380209244714520e+00
3.8964843750000000e-01,1.4108961324530018e+00,1.4108961324530018e+00,1.4108961324530018e+00,1.4108961324530018e+00,2.2474789106950039e+00,2.2705797364294447e+00,1.4108961324529936e+00
3.9160156250000000e-01,1.4863578041158274e+00,1.4863578041158274e+00,1.4863578041158274e+00,1.4863578041158274e+00,2.2842947203476061e+00,2.3044065909015803e+00,1.4863578041158365e+00
3.9355468750000000e-01,1.5644002102271191e+00,1.5644002102271191e+00,1.5644002102271191e+00,1.5644002102271191e+00,2.3209897552710310e+00,2.3380598192846289e+00,1.5644002102271233e+00
3.9550781250000000e-01,1.6450099273270768e+00,1.6450099273270768e+00,1.6450099273270768e+00,1.6450099273270768e+00,2.3575420807915450e+00,2.3715209782653619e+00,1.6450099273270775e+00
3.9746093750000000e-01,1.7281654847449885e+00,1.7281654847449885e+00,1.7281654847449885e+00,1.7281654847449885e+00,2.3939296032203550e+00,2.4047715698967753e+00,1.7281654847449812e+00
3.9941406250000000e-01,1.8138370316282948e+00,1.8138370316282948e+00,1.8138370316282948e+00,1.8138370316282948e+00,2.4301300905601368e+00,2.4377930572803104e+00,1.8138370316282992e+00
4.0136718750000000e-01,1.9019860269223750e+00,1.9019860269223750e+00,1.9019860269223750e+00,1.9019860269223750e+00,2.4661211936061509e+00,2.4705668804231147e+00,1.9019860269223712e+00
4.0332031250000000e-01,1.9925649552353937e+00,1.9925649552353937e+00,1.9925649552353937e+00,1.9925649552353937e+00,2.5018804674157411e+00,2.5030744722526821e+00,1.9925649552353872e+00
4.0527343750000000e-01,2.0855170714972813e+00,2.0855170714972813e+00,2.0855170714972813e+00,2.0855170714972813e+00,2.5373853931191865e+00,2.5352972747708660e+00,2.0855170714972657e+00
4.0722656250000000e-01,2.1807761772724814e+00,2.1807761772724814e+00,2.1807761772724814e+00,2.1807761772724814e+00,2.5726134000440593e+00,2.5672167553289373e+00,2.1807761772724903e+00
4.0917968750000000e-01,2.2782664315132055e+00,2.2782664315132055e+00,2.2782664315132055e+00,2.2782664315132055e+00,2.6075418881244836e+00,2.5988144230050572e+00,2.2782664315132077e+00
4.1113281250000000e-01,2.3779021984413844e+00,2.3779021984413844e+00,2.3779021984413844e+00,2.3779021984413844e+00,2.6421482505659499e+00,2.6300718450652805e+00,2.3779021984413871e+00
4.1308593750000000e-01,2.4795879351252150e+00,2.4795879351252150e+00,2.4795879351252150e+00,2.4795879351252150e+00,2.6764098967356902e+00,2.6609706634889392e+00,2.4795879351252057e+00
4.1503906250000000e-01,2.5832181211673695e+00,2.5832181211673695e+00,2.5832181211673695e+00,2.5832181211673695e+00,2.7103042752479749e+00,2.6914926115390641e+00,2.5832181211673757e+00
4.1699218750000000e-01,2.6886772327493200e+00,2.6886772327493200e+00,2.6886772327493200e+00,2.6886772327493200e+00,2.7438088972131220e+00,2.7216195303583022e+00,2.6886772327493165e+00
4.1894531250000000e-01,2.7958397630777561e+00,2.7958397630777561e+00,2.7958397630777561e+00,2.7958397630777561e+00,2.7769013596184866e+00,2.7513333855706130e+00,2.7958397630777516e+00
4.2089843750000000e-01,2.9045702910579645e+00,2.9045702910579645e+00,2.9045702910579645e+00,2.9045702910579645e+00,2.8095593688092180e+00,2.7806162838689286e+00,2.9045702910579494e+00
4.2285156250000000e-01,3.0147235997733932e+00,3.0147235997733932e+00,3.0147235997733932e+00,3.0147235997733932e+00,2.8417607640361702e+00,2.8094504895688117e+00,3.0147235997734070e+00
4.2480468750000000e-01,3.1261448460842578e+00,3.1261448460842578e+00,3.1261448460842578e+00,3.1261448460842578e+00,2.8734835410379715e+00,2.8378184411081215e+00,3.1261448460842569e+00
4.2675781250000000e-01,3.2386697823696835e+00,3.2386697823696835e+00,3.2386697823696835e+00,3.2386697823696835e+00,2.9047058756239692e+00,2.8657027674726110e+00,3.2386697823696768e+00
4.2871093750000000e-01,3.3521250311321777e+00,3.3521250311321777e+00,3.3521250311321777e+00,3.3521250311321777e+00,2.9354061472244934e+00,2.8930863045273858e+00,3.3521250311321538e+00
4.3066406250000000e-01,3.4663284128588265e+00,3.4663284128588265e+00,3.4663284128588265e+00,3.4663284128588265e+00,2.9655629623747313e+00,2.9199521112341547e+00,3.4663284128588230e+00
4.3261718750000000e-01,3.5810893271956257e+00,3.5810893271956257e+00,3.5810893271956257e+00,3.5810893271956257e+00,2.9951551780983423e+00,2.9462834857342624e+00,3.5810893271956061e+00
4.3457031250000000e-01,3.6962091871393437e+00,3.6962091871393437e+00,3.6962091871393437e+00,3.6962091871393437e+00,3.0241619251568759e+00,2.9720639812775529e+00,3.6962091871393148e+00
4.3652343750000000e-01,3.8114819055908491e+00,3.8114819055908491e+00,3.8114819055908491e+00,3.8114819055908491e+00,3.0525626311310714e+00,2.9972774219772229e+00,3.8114819055908056e+00
4.3847656250000000e-01,3.9266944332444202e+00,3.9266944332444202e+00,3.9266944332444202e+00,3.9266944332444202e+00,3.0803370433001276e+00,3.0219079183709576e+00,3.9266944332444220e+00
4.4042968750000000e-01,4.0416273464150461e+00,4.0416273464150461e+00,4.0416273464150461e+00,4.0416273464150461e+00,3.1074652512851735e+00,3.0459398827687933e+00,4.0416273464150283e+00
4.4238281250000000e-01,4.1560554830302117e+00,4.1560554830302117e+00,4.1560554830302117e+00,4.1560554830302117e+00,3.1339277094233413e+00,3.0693580443683688e+00,4.1560554830301832e+00
4.4433593750000000e-01,4.2697486246409193e+00,4.2697486246409193e+00,4.2697486246409193e+00,4.2697486246409193e+00,3.1597052588390580e+00,3.0921474641184252e+00,4.2697486246408687e+00
4.4628906250000000e-01,4.3824722219377747e+00,4.3824722219377747e+00,4.3824722219377747e+00,4.3824722219377747e+00,3.1847791491794806e+00,3.1142935493116886e+00,4.3824722219377490e+00
4.4824218750000000e-01,4.4939881608989083e+00,4.4939881608989083e+00,4.4939881608989083e+00,4.4939881608989083e+00,3.2091310599813658e+00,3.1357820678885253e+00,4.4939881608988639e+00
4.5019531250000000e-01,4.6040555663473386e+00,4.6040555663473386e+00,4.6040555663473386e+00,4.6040555663473386e+00,3.2327431216370566e+00,3.1565991624330900e+00,4.6040555663472889e+00
4.5214843750000000e-01,4.7124316393629337e+00,4.7124316393629337e+00,4.7124316393629337e+00,4.7124316393629337e+00,3.2555979359277583e+00,3.1767313638440164e+00,4.7124316393628618e+00
4.5410156250000000e-01,4.8188725246775981e+00,4.8188725246775981e+00,4.8188725246775981e+00,4.8188725246775981e+00,3.2776785960928159e+00,3.1961656046620659e+00,4.8188725246775883e+00
4.5605468750000000e-01,4.9231342038889307e+00,4.9231342038889307e+00,4.9231342038889307e+00,4.9231342038889307e+00,3.2989687064042905e+00,3.2148892320375531e+00,4.9231342038889094e+00
4.5800781250000000e-01,5.0249734100558214e+00,5.0249734100558214e+00,5.0249734100558214e+00,5.0249734100558214e+00,3.3194524012167839e+00,3.2328900203207622e+00,5.0249734100557983e+00
4.5996093750000000e-01,5.1241485589981304e+00,5.1241485589981304e+00,5.1241485589981304e+00,5.1241485589981304e+00,3.3391143634631719e+00,3.2501561832590466e+00,5.1241485589980904e+00
4.6191406250000000e-01,5.2204206924074308e+00,5.2204206924074308e+00,5.2204206924074308e+00,5.2204206924074308e+00,3.3579398425676694e+00,3.2666763857847463e+00,5.2204206924074255e+00
4.6386718750000000e-01,5.3135544276956690e+00,5.3135544276956690e+00,5.3135544276956690e+00,5.3135544276956690e+00,3.3759146717484696e+00,3.2824397553785767e+00,5.3135544276956477e+00
4.6582031250000000e-01,5.4033189093603919e+00,5.4033189093603919e+00,5.4033189093603919e+00,5.4033189093603919e+00,3.3930252846830595e+00,3.2974358929936591e+00,5.4033189093603706e+00
4.6777343750000000e-01,5.4894887565359625e+00,5.4894887565359625e+00,5.4894887565359625e+00,5.4894887565359625e+00,3.4092587315102532e+00,3.3116548835258892e+00,5.4894887565359225e+00
4.6972656250000000e-01,5.5718450013262233e+00,5.5718450013262233e+00,5.5718450013262233e+00,5.5718450013262233e+00,3.4246026941439291e+00,3.3250873058169397e+00,5.5718450013262455e+00
4.7167968750000000e-01,5.6501760124819116e+00,5.6501760124819116e+00,5.6501760124819116e+00,5.6501760124819116e+00,3.4390455008745056e+00,3.3377242421767406e+00,5.6501760124819125e+00
4.7363281250000000e-01,5.7242783989913812e+00,5.7242783989913812e+00,5.7242783989913812e+00,5.7242783989913812e+00,3.4525761402352408e+00,3.3495572874129329e+00,5.7242783989913821e+00
4.7558593750000000e-01,5.7939578882027138e+00,5.7939578882027138e+00,5.7939578882027138e+00,5.7939578882027138e+00,3.4651842741115320e+00,3.3605785573553892e+00,5.7939578882026987e+00
4.7753906250000000e-01,5.8590301731825098e+00,5.8590301731825098e+00,5.8590301731825098e+00,5.8590301731825098e+00,3.4768602500725745e+00,3.3707806968645606e+00,5.8590301731825356e+00
4.7949218750000000e-01,5.9193217241474612e+00,5.9193217241474612e+00,5.9193217241474612e+00,5.9193217241474612e+00,3.4875951129059102e+00,3.3801568873130665e+00,5.9193217241474647e+00
4.8144531250000000e-01,5.9746705589737141e+00,5.9746705589737141e+00,5.9746705589737141e+00,5.9746705589737141e+00,3.4973806153366218e+00,3.3887008535306351e+00,5.9746705589737186e+00
4.8339843750000000e-01,6.0249269679999005e+00,6.0249269679999005e+00,6.0249269679999005e+00,6.0249269679999005e+00,3.5062092279142045e+00,3.3964068702031942e+00,6.0249269679998845e+00
4.8535156250000000e-01,6.0699541885860526e+00,6.0699541885860526e+00,6.0699541885860526e+00,6.0699541885860526e+00,3.5140741480514328e+00,3.4032697677176258e+00,6.0699541885861104e+00
4.8730468750000000e-01,6.1096290251762460e+00,6.1096290251762460e+00,6.1096290251762460e+00,6.1096290251762460e+00,3.5209693082008688e+00,3.4092849374444270e+00,6.1096290251762770e+00
4.8925781250000000e-01,6.1438424109295422e+00,6.1438424109295422e+00,6.1438424109295422e+00,6.1438424109295422e+00,3.5268893831560182e+00,3.4144483364512674e+00,6.1438424109295671e+00
4.9121093750000000e-01,6.1724999073366735e+00,6.1724999073366735e+00,6.1724999073366735e+00,6.1724999073366735e+00,3.5318297964655154e+00,3.4187564916411723e+00,6.1724999073366744e+00
4.9316406250000000e-01,6.1955221386182560e+00,6.1955221386182560e+00,6.1955221386182560e+00,6.1955221386182560e+00,3.5357867259501101e+00,3.4222065033098263e+00,6.1955221386182888e+00
4.9511718750000000e-01,6.2128451581080846e+00,6.2128451581080846e+00,6.2128451581080846e+00,6.2128451581080846e+00,3.5387571083136815e+00,3.4247960481172584e+00,6.2128451581080917e+00
4.9707031250000000e-01,6.2244207442535053e+00,6.2244207442535053e+00,6.2244207442535053e+00,6.2244207442535053e+00,3.5407386428409033e+00,3.4265233814699583e+00,6.2244207442535053e+00
4.9902343750000000e-01,6.2302166243155455e+00,6.2302166243155455e+00,6.2302166243155455e+00,6.2302166243155455e+00,3.5417297941756805e+00,3.4273873393102505e+00,6.2302166243155233e+00
5.0097656250000000e-01,6.2302166243155126e+00,6.2302166243155126e+00,6.2302166243155126e+00,6.2302166243155126e+00,3.5417297941759083e+00,3.4273873393105387e+00,6.2302166243155552e+00
5.0292968750000000e-01,6.2244207442534929e+00,6.2244207442534929e+00,6.2244207442534929e+00,6.2244207442534929e+00,3.5407386428415881e+00,3.4265233814708203e+00,6.2244207442535098e+00
5.0488281250000000e-01,6.2128451581080739e+00,6.2128451581080739e+00,6.2128451581080739e+00,6.2128451581080739e+00,3.5387571083148233e+00,3.4247960481186905e+00,6.2128451581080881e+00
5.0683593750000000e-01,6.1955221386182737e+00,6.1955221386182737e+00,6.1955221386182737e+00,6.1955221386182737e+00,3.5357867259517093e+00,3.4222065033118190e+00,6.1955221386182568e+00
5.0878906250000000e-01,6.1724999073366549e+00,6.1724999073366549e+00,6.1724999073366549e+00,6.1724999073366549e+00,3.5318297964675671e+00,3.4187564916437125e+00,6.1724999073366744e+00
5.1074218750000000e-01,6.1438424109295440e+00,6.1438424109295440e+00,6.1438424109295440e+00,6.1438424109295440e+00,3.5268893831585202e+00,3.4144483364543405e+00,6.1438424109295422e+00
5.1269531250000000e-01,6.1096290251762584e+00,6.1096290251762584e+00,6.1096290251762584e+00,6.1096290251762584e+00,3.5209693082038167e+00,3.4092849374480156e+00,6.1096290251762468e+00
5.1464843750000000e-01,6.0699541885860944e+00,6.0699541885860944e+00,6.0699541885860944e+00,6.0699541885860944e+00,3.5140741480548221e+00,3.4032697677217110e+00,6.0699541885860562e+00
5.1660156250000000e-01,6.0249269679998694e+00,6.0249269679998694e+00,6.0249269679998694e+00,6.0249269679998694e+00,3.5062092279180312e+00,3.3964068702077532e+00,6.0249269679999049e+00
5.1855468750000000e-01,5.9746705589737070e+00,5.9746705589737070e+00,5.9746705589737070e+00,5.9746705589737070e+00,3.4973806153408806e+00,3.3887008535356484e+00,5.9746705589737195e+00
5.2050781250000000e-01,5.9193217241474532e+00,5.9193217241474532e+00,5.9193217241474532e+00,5.9193217241474532e+00,3.4875951129105944e+00,3.3801568873185186e+00,5.9193217241474656e+00
5.2246093750000000e-01,5.8590301731825241e+00,5.8590301731825241e+00,5.8590301731825241e+00,5.8590301731825241e+00,3.4768602500776762e+00,3.3707806968704364e+00,5.8590301731825125e+00
5.2441406250000000e-01,5.7939578882026899e+00,5.7939578882026899e+00,5.7939578882026899e+00,5.7939578882026899e+00,3.4651842741170449e+00,3.3605785573616753e+00,5.7939578882027138e+00
5.2636718750000000e-01,5.7242783989913724e+00,5.7242783989913724e+00,5.7242783989913724e+00,5.7242783989913724e+00,3.4525761402411570e+00,3.3495572874196187e+00,5.7242783989913812e+00
5.2832031250000000e-01,5.6501760124819027e+00,5.6501760124819027e+00,5.6501760124819027e+00,5.6501760124819027e+00,3.4390455008808134e+00,3.3377242421838176e+00,5.6501760124819125e+00
5.3027343750000000e-01,5.5718450013262322e+00,5.5718450013262322e+00,5.5718450013262322e+00,5.5718450013262322e+00,3.4246026941506180e+00,3.3250873058244035e+00,5.5718450013262233e+00
5.3222656250000000e-01,5.4894887565359083e+00,5.4894887565359083e+00,5.4894887565359083e+00,5.4894887565359083e+00,3.4092587315173133e+00,3.3116548835337372e+00,5.4894887565359625e+00
5.3417968750000000e-01,5.4033189093603573e+00,5.4033189093603573e+00,5.4033189093603573e+00,5.4033189093603573e+00,3.3930252846904763e+00,3.2974358930018890e+00,5.4033189093603919e+00
5.3613281250000000e-01,5.3135544276956388e+00,5.3135544276956388e+00,5.3135544276956388e+00,5.3135544276956388e+00,3.3759146717562274e+00,3.2824397553871876e+00,5.3135544276956681e+00
5.3808593750000000e-01,5.2204206924074192e+00,5.2204206924074192e+00,5.2204206924074192e+00,5.2204206924074192e+00,3.3579398425757536e+00,3.2666763857937355e+00,5.2204206924074272e+00
5.4003906250000000e-01,5.1241485589980842e+00,5.1241485589980842e+00,5.1241485589980842e+00,5.1241485589980842e+00,3.3391143634715679e+00,3.2501561832684089e+00,5.1241485589981268e+00
5.4199218750000000e-01,5.0249734100557903e+00,5.0249734100557903e+00,5.0249734100557903e+00,5.0249734100557903e+00,3.3194524012254769e+00,3.2328900203304887e+00,5.0249734100558214e+00
5.4394531250000000e-01,4.9231342038889006e+00,4.9231342038889006e+00,4.9231342038889006e+00,4.9231342038889006e+00,3.2989687064132651e+00,3.2148892320476330e+00,4.9231342038889290e+00
5.4589843750000000e-01,4.8188725246775794e+00,4.8188725246775794e+00,4.8188725246775794e+00,4.8188725246775794e+00,3.2776785961020591e+00,3.1961656046724896e+00,4.8188725246775972e+00
5.4785156250000000e-01,4.7124316393628547e+00,4.7124316393628547e+00,4.7124316393628547e+00,4.7124316393628547e+00,3.2555979359372582e+00,3.1767313638547741e+00,4.7124316393629293e+00
5.4980468750000000e-01,4.6040555663472809e+00,4.6040555663472809e+00,4.6040555663472809e+00,4.6040555663472809e+00,3.2327431216468026e+00,3.1565991624441723e+00,4.6040555663473368e+00
5.5175781250000000e-01,4.4939881608988586e+00,4.4939881608988586e+00,4.4939881608988586e+00,4.4939881608988586e+00,3.2091310599913463e+00,3.1357820678999206e+00,4.4939881608989021e+00
5.5371093750000000e-01,4.3824722219377445e+00,4.3824722219377445e+00,4.3824722219377445e+00,4.3824722219377445e+00,3.1847791491896857e+00,3.1142935493233859e+00,4.3824722219377659e+00
5.5566406250000000e-01,4.2697486246408634e+00,4.2697486246408634e+00,4.2697486246408634e+00,4.2697486246408634e+00,3.1597052588494785e+00,3.0921474641304170e+00,4.2697486246409113e+00
5.5761718750000000e-01,4.1560554830301806e+00,4.1560554830301806e+00,4.1560554830301806e+00,4.1560554830301806e+00,3.1339277094339679e+00,3.0693580443806479e+00,4.1560554830302054e+00
5.5957031250000000e-01,4.0416273464150283e+00,4.0416273464150283e+00,4.0416273464150283e+00,4.0416273464150283e+00,3.1074652512959928e+00,3.0459398827813517e+00,4.0416273464150416e+00
5.6152343750000000e-01,3.9266944332444220e+00,3.9266944332444220e+00,3.9266944332444220e+00,3.9266944332444220e+00,3.0803370433111272e+00,3.0219079183837851e+00,3.9266944332444127e+00
5.6347656250000000e-01,3.8114819055908056e+00,3.8114819055908056e+00,3.8114819055908056e+00,3.8114819055908056e+00,3.0525626311422398e+00,2.9972774219903089e+00,3.8114819055908384e+00
5.6542968750000000e-01,3.6962091871393148e+00,3.6962091871393148e+00,3.6962091871393148e+00,3.6962091871393148e+00,3.0241619251682019e+00,2.9720639812908916e+00,3.6962091871393299e+00
5.6738281250000000e-01,3.5810893271956061e+00,3.5810893271956061e+00,3.5810893271956061e+00,3.5810893271956061e+00,2.9951551781098167e+00,2.9462834857478515e+00,3.5810893271956150e+00
5.6933593750000000e-01,3.4663284128588230e+00,3.4663284128588230e+00,3.4663284128588230e+00,3.4663284128588230e+00,2.9655629623863469e+00,2.9199521112479911e+00,3.4663284128588163e+00
5.7128906250000000e-01,3.3521250311321538e+00,3.3521250311321538e+00,3.3521250311321538e+00,3.3521250311321538e+00,2.9354061472362409e+00,2.8930863045414643e+00,3.3521250311321737e+00
5.7324218750000000e-01,3.2386697823696782e+00,3.2386697823696782e+00,3.2386697823696782e+00,3.2386697823696782e+00,2.9047058756358406e+00,2.8657027674869271e+00,3.2386697823696791e+00
5.7519531250000000e-01,3.1261448460842591e+00,3.1261448460842591e+00,3.1261448460842591e+00,3.1261448460842591e+00,2.8734835410499566e+00,2.8378184411226677e+00,3.1261448460842551e+00
5.7714843750000000e-01,3.0147235997734083e+00,3.0147235997734083e+00,3.0147235997734083e+00,3.0147235997734083e+00,2.8417607640482592e+00,2.8094504895835848e+00,3.0147235997733901e+00
5.7910156250000000e-01,2.9045702910579503e+00,2.9045702910579503e+00,2.9045702910579503e+00,2.9045702910579503e+00,2.8095593688214038e+00,2.7806162838839250e+00,2.9045702910579614e+00
5.8105468750000000e-01,2.7958397630777521e+00,2.7958397630777521e+00,2.7958397630777521e+00,2.7958397630777521e+00,2.7769013596307595e+00,2.7513333855858271e+00,2.7958397630777525e+00
5.8300781250000000e-01,2.6886772327493174e+00,2.6886772327493174e+00,2.6886772327493174e+00,2.6886772327493174e+00,2.7438088972254731e+00,2.7216195303737258e+00,2.6886772327493160e+00
5.8496093750000000e-01,2.5832181211673784e+00,2.5832181211673784e+00,2.5832181211673784e+00,2.5832181211673784e+00,2.7103042752603956e+00,2.6914926115546902e+00,2.5832181211673668e+00
5.8691406250000000e-01,2.4795879351252084e+00,2.4795879351252084e+00,2.4795879351252084e+00,2.4795879351252084e+00,2.6764098967481722e+00,2.6609706635047585e+00,2.4795879351252124e+00
5.8886718750000000e-01,2.3779021984413897e+00,2.3779021984413897e+00,2.3779021984413897e+00,2.3779021984413897e+00,2.6421482505784857e+00,2.6300718450812819e+00,2.3779021984413844e+00
5.9082031250000000e-01,2.2782664315132122e+00,2.2782664315132122e+00,2.2782664315132122e+00,2.2782664315132122e+00,2.6075418881370624e+00,2.5988144230212242e+00,2.2782664315132037e+00
5.9277343750000000e-01,2.1807761772724961e+00,2.1807761772724961e+00,2.1807761772724961e+00,2.1807761772724961e+00,2.5726134000566692e+00,2.5672167553452510e+00,2.1807761772724796e+00
5.9472656250000000e-01,2.0855170714972702e+00,2.0855170714972702e+00,2.0855170714972702e+00,2.0855170714972702e+00,2.5373853931318151e+00,2.5352972747873044e+00,2.0855170714972799e+00
5.9667968750000000e-01,1.9925649552353917e+00,1.9925649552353917e+00,1.9925649552353917e+00,1.9925649552353917e+00,2.5018804674283763e+00,2.5030744722692222e+00,1.9925649552353930e+00
5.9863281250000000e-01,1.9019860269223734e+00,1.9019860269223734e+00,1.9019860269223734e+00,1.9019860269223734e+00,2.4661211936187808e+00,2.4705668804397347e+00,1.9019860269223747e+00
6.0058593750000000e-01,1.8138370316283001e+00,1.8138370316283001e+00,1.8138370316283001e+00,1.8138370316283001e+00,2.4301300905727499e+00,2.4377930572969890e+00,1.8138370316282941e+00
6.0253906250000000e-01,1.7281654847449819e+00,1.7281654847449819e+00,1.7281654847449819e+00,1.7281654847449819e+00,2.3939296032329405e+00,2.4047715699134935e+00,1.7281654847449885e+00
6.0449218750000000e-01,1.6450099273270782e+00,1.6450099273270782e+00,1.6450099273270782e+00,1.6450099273270782e+00,2.3575420808040919e+00,2.3715209782821023e+00,1.6450099273270768e+00
6.0644531250000000e-01,1.5644002102271251e+00,1.5644002102271251e+00,1.5644002102271251e+00,1.5644002102271251e+00,2.3209897552835277e+00,2.3380598193013746e+00,1.5644002102271197e+00
6.0839843750000000e-01,1.4863578041158383e+00,1.4863578041158383e+00,1.4863578041158383e+00,1.4863578041158383e+00,2.2842947203600446e+00,2.3044065909183122e+00,1.4863578041158267e+00
6.1035156250000000e-01,1.4108961324529956e+00,1.4108961324529956e+00,1.4108961324529956e+00,1.4108961324529956e+00,2.2474789107073754e+00,2.2705797364461446e+00,1.4108961324530001e+00
6.1230468750000000e-01,1.3380209244714543e+00,1.3380209244714543e+00,1.3380209244714543e+00,1.3380209244714543e+00,2.2105640816975285e+00,2.2365976290744496e+00,1.3380209244714534e+00
6.1425781250000000e-01,1.2677305852547816e+00,1.2677305852547816e+00,1.2677305852547816e+00,1.2677305852547816e+00,2.1735717895583728e+00,2.2024785565885092e+00,1.2677305852547791e+00
6.1621093750000000e-01,1.2000165800281095e+00,1.2000165800281095e+00,1.2000165800281095e+00,1.2000165800281095e+00,2.1365233719988770e+00,2.1682407063144011e+00,1.2000165800281017e+00
6.1816406250000000e-01,1.1348638298389195e+00,1.1348638298389195e+00,1.1348638298389195e+00,1.1348638298389195e+00,2.0994399293244306e+00,2.1339021503058739e+00,1.1348638298389191e+00
6.2011718750000000e-01,1.0722511158797778e+00,1.0722511158797778e+00,1.0722511158797778e+00,1.0722511158797778e+00,2.0623423060636297e+00,2.0994808307886030e+00,1.0722511158797734e+00
6.2207031250000000e-01,1.0121514897957364e+00,1.0121514897957364e+00,1.0121514897957364e+00,1.0121514897957364e+00,2.0252510731268845e+00,2.0649945458769530e+00,1.0121514897957311e+00
6.2402343750000000e-01,9.5453268742472763e-01,9.5453268742472763e-01,9.5453268742472763e-01,9.5453268742472763e-01,1.9881865105161136e+00,2.0304609355778771e+00,9.5453268742471864e-01
6.2597656250000000e-01,8.9935754353713249e-01,8.9935754353713249e-01,8.9935754353713249e-01,8.9935754353713249e-01,1.9511685906036864e+00,1.9958974680960671e+00,8.9935754353713293e-01
6.2792968750000000e-01,8.4658440527003354e-01,8.4658440527003354e-01,8.4658440527003354e-01,8.4658440527003354e-01,1.9142169619976659e+00,1.9613214264539525e+00,8.4658440527003198e-01
6.2988281250000000e-01,7.9616754208999430e-01,7.9616754208999430e-01,7.9616754208999430e-01,7.9616754208999430e-01,1.8773509340092653e+00,1.9267498954395825e+00,7.9616754208999196e-01
6.3183593750000000e-01,7.4805755026479270e-01,7.4805755026479270e-01,7.4805755026479270e-01,7.4805755026479270e-01,1.8405894617372605e+00,1.8921997488948905e+00,7.4805755026478737e-01
6.3378906250000000e-01,7.0220174997674978e-01,7.0220174997674978e-01,7.0220174997674978e-01,7.0220174997674978e-01,1.8039511317829522e+00,1.8576876373562434e+00,7.0220174997674956e-01
6.3574218750000000e-01,6.5854457336740013e-01,6.5854457336740013e-01,6.5854457336740013e-01,6.5854457336740013e-01,1.7674541486080790e+00,1.8232299760586139e+00,6.5854457336739713e-01
6.3769531250000000e-01,6.1702794196302813e-01,6.1702794196302813e-01,6.1702794196302813e-01,6.1702794196302813e-01,1.7311163215468961e+00,1.7888429333141085e+00,6.1702794196302491e-01
6.3964843750000000e-01,5.7759163209222020e-01,5.7759163209222020e-01,5.7759163209222020e-01,5.7759163209222020e-01,1.6949550524824446e+00,1.7545424192749710e+00,5.7759163209221531e-01
6.4160156250000000e-01,5.4017362706796102e-01,5.4017362706796102e-01,5.4017362706796102e-01,5.4017362706796102e-01,1.6589873241958304e+00,1.7203440750905767e+00,5.4017362706796290e-01
6.4355468750000000e-01,5.0471045506728340e-01,5.0471045506728340e-01,5.0471045506728340e-01,5.0471045506728340e-01,1.6232296893961398e+00,1.6862632624672909e+00,5.0471045506728351e-01
6.4550781250000000e-01,4.7113751179919766e-01,4.7113751179919766e-01,4.7113751179919766e-01,4.7113751179919766e-01,1.5876982604374148e+00,1.6523150536394511e+00,4.7113751179919711e-01
6.4746093750000000e-01,4.3938936720617094e-01,4.3938936720617094e-01,4.3938936720617094e-01,4.3938936720617094e-01,1.5524086997279147e+00,1.6185142217590853e+00,4.3938936720616911e-01
6.4941406250000000e-01,4.0940005559401665e-01,4.0940005559401665e-01,4.0940005559401665e-01,4.0940005559401665e-01,1.5173762108357078e+00,1.5848752317113295e+00,4.0940005559401749e-01
6.5136718750000000e-01,3.8110334872943136e-01,3.8110334872943136e-01,3.8110334872943136e-01,3.8110334872943136e-01,1.4826155302934421e+00,1.5514122313618677e+00,3.8110334872943080e-01
6.5332031250000000e-01,3.5443301158229901e-01,3.5443301158229901e-01,3.5443301158229901e-01,3.5443301158229901e-01,1.4481409201039934e+00,1.5181390432420674e+00,3.5443301158229829e-01
6.5527343750000000e-01,3.2932304052095523e-01,3.2932304052095523e-01,3.2932304052095523e-01,3.2932304052095523e-01,1.4139661609475014e+00,1.4850691566768219e+00,3.2932304052095307e-01
6.5722656250000000e-01,3.0570788389193693e-01,3.0570788389193693e-01,3.0570788389193693e-01,3.0570788389193693e-01,1.3801045460891821e+00,1.4522157203594690e+00,3.0570788389193798e-01
6.5917968750000000e-01,2.8352264503118096e-01,2.8352264503118096e-01,2.8352264503118096e-01,2.8352264503118096e-01,1.3465688759861738e+00,1.4195915353774973e+00,2.8352264503118130e-01
6.6113281250000000e-01,2.6270326786048409e-01,2.6270326786048409e-01,2.6270326786048409e-01,2.6270326786048409e-01,1.3133714535905470e+00,1.3872090486920945e+00,2.6270326786048376e-01
6.6308593750000000e-01,2.4318670532140230e-01,2.4318670532140230e-01,2.4318670532140230e-01,2.4318670532140230e-01,1.2805240803445421e+00,1.3550803470739534e+00,2.4318670532140110e-01
6.6503906250000000e-01,2.2491107098807867e-01,2.2491107098807867e-01,2.2491107098807867e-01,2.2491107098807867e-01,1.2480380528630159e+00,1.3232171514970998e+00,2.2491107098807911e-01
6.6699218750000000e-01,2.0781577428099895e-01,2.0781577428099895e-01,2.0781577428099895e-01,2.0781577428099895e-01,1.2159241602970390e+00,1.2916308119918678e+00,2.0781577428099901e-01
6.6894531250000000e-01,1.9184163977514293e-01,1.9184163977514293e-01,1.9184163977514293e-01,1.9184163977514293e-01,1.1841926823715772e+00,1.2603323029575040e+00,1.9184163977514282e-01
6.7089843750000000e-01,1.7693101115872770e-01,1.7693101115872770e-01,1.7693101115872770e-01,1.7693101115872770e-01,1.1528533880891847e+00,1.2293322189342710e+00,1.7693101115872667e-01
6.7285156250000000e-01,1.6302784045266233e-01,1.6302784045266233e-01,1.6302784045266233e-01,1.6302784045266233e-01,1.1219155350906962e+00,1.1986407708342759e+00,1.6302784045266322e-01
6.7480468750000000e-01,1.5007776314638760e-01,1.5007776314638760e-01,1.5007776314638760e-01,1.5007776314638760e-01,1.0913878696629573e+00,1.1682677826296564e+00,1.5007776314638779e-01
6.7675781250000000e-01,1.3802815994303694e-01,1.3802815994303694e-01,1.3802815994303694e-01,1.3802815994303694e-01,1.0612786273827537e+00,1.1382226884961422e+00,1.3802815994303699e-01
6.7871093750000000e-01,1.2682820583638685e-01,1.2682820583638685e-01,1.2682820583638685e-01,1.2682820583638685e-01,1.0315955343852101e+00,1.1085145304094159e+00,1.2682820583638643e-01
6.8066406250000000e-01,1.1642890726400229e-01,1.1642890726400229e-01,1.1642890726400229e-01,1.1642890726400229e-01,1.0023458092441335e+00,1.0791519561911187e+00,1.1642890726400273e-01
6.8261718750000000e-01,1.0678312809594863e-01,1.0678312809594863e-01,1.0678312809594863e-01,1.0678312809594863e-01,9.7353616545095156e-01,1.0501432180007721e+00,1.0678312809594849e-01
6.8457031250000000e-01,9.7845605226723531e-02,9.7845605226723531e-02,9.7845605226723531e-02,9.7845605226723531e-02,9.4517281447815860e-01,1.0214961712693322e+00,9.7845605226723420e-02
6.8652343750000000e-01,8.9572954540262539e-02,8.9572954540262539e-02,8.9572954540262539e-02,8.9572954540262539e-02,9.1726146941245423e-01,9.9321827406954222e-01,8.9572954540262123e-02
6.8847656250000000e-01,8.1923668014342269e-02,8.1923668014342269e-02,8.1923668014342269e-02,8.1923668014342269e-02,8.8980734914208071e-01,9.6531658691772315e-01,8.1923668014342796e-02
6.9042968750000000e-01,7.4858102722067540e-02,7.4858102722067540e-02,7.4858102722067540e-02,7.4858102722067540e-02,8.6281518308222327e-01,9.3779777300112110e-01,7.4858102722067721e-02
6.9238281250000000e-01,6.8338462474765688e-02,6.8338462474765688e-02,6.8338462474765688e-02,6.8338462474765688e-02,8.3628921642173826e-01,9.1066809882443922e-01,6.8338462474765840e-02
6.9433593750000000e-01,6.2328772833140658e-02,6.2328772833140658e-02,6.2328772833140658e-02,6.2328772833140658e-02,8.1023321587391250e-01,8.8393343526868551e-01,6.2328772833140637e-02
6.9628906250000000e-01,5.6794850192340686e-02,5.6794850192340686e-02,5.6794850192340686e-02,5.6794850192340686e-02,7.8465047591343062e-01,8.5759925905501111e-01,5.6794850192340970e-02
6.9824218750000000e-01,5.1704265622246517e-02,5.1704265622246517e-02,5.1704265622246517e-02,5.1704265622246517e-02,7.5954382548126198e-01,8.3167065460575540e-01,5.1704265622246566e-02
7.0019531250000000e-01,4.7026304117195099e-02,4.7026304117195099e-02,4.7026304117195099e-02,4.7026304117195099e-02,7.3491563513872926e-01,8.0615231629448680e-01,4.7026304117195113e-02
7.0214843750000000e-01,4.2731919880023825e-02,4.2731919880023825e-02,4.2731919880023825e-02,4.2731919880023825e-02,7.1076782465162891e-01,7.8104855107641102e-01,4.2731919880023610e-02
7.0410156250000000e-01,3.8793688234140429e-02,3.8793688234140429e-02,3.8793688234140429e-02,3.8793688234140429e-02,6.8710187098492592e-01,7.5636328149012411e-01,3.8793688234140700e-02
7.0605468750000000e-01,3.5185754724748386e-02,3.5185754724748386e-02,3.5185754724748386e-02,3.5185754724748386e-02,6.6391881668822594e-01,7.3210004902131542e-01,3.5185754724748504e-02
7.0800781250000000e-01,3.1883781936731297e-02,3.1883781936731297e-02,3.1883781936731297e-02,3.1883781936731297e-02,6.4121927865196382e-01,7.0826201781865961e-01,3.1883781936731352e-02
7.0996093750000000e-01,2.8864894522434230e-02,2.8864894522434230e-02,2.8864894522434230e-02,2.8864894522434230e-02,6.1900345721401606e-01,6.8485197875180925e-01,2.8864894522434174e-02
7.1191406250000000e-01,2.6107622897957775e-02,2.6107622897957775e-02,2.6107622897957775e-02,2.6107622897957775e-02,5.9727114559626071e-01,6.6187235380107678e-01,2.6107622897957903e-02
7.1386718750000000e-01,2.3591846031949325e-02,2.3591846031949325e-02,2.3591846031949325e-02,2.3591846031949325e-02,5.7602173965046077e-01,6.3932520076810218e-01,2.3591846031949353e-02
7.1582031250000000e-01,2.1298733716487241e-02,2.1298733716487241e-02,2.1298733716487241e-02,2.1298733716487241e-02,5.5525424789274225e-01,6.1721221829652595e-01,2.1298733716487241e-02
7.1777343750000000e-01,1.9210688675777694e-02,1.9210688675777694e-02,1.9210688675777694e-02,1.9210688675777694e-02,5.3496730180587349e-01,5.9553475119142874e-01,1.9210688675777621e-02
7.1972656250000000e-01,1.7311288835222063e-02,1.7311288835222063e-02,1.7311288835222063e-02,1.7311288835222063e-02,5.1515916638852455e-01,5.7429379602606911e-01,1.7311288835222195e-02
7.2167968750000000e-01,1.5585230041178625e-02,1.5585230041178625e-02,1.5585230041178625e-02,1.5585230041178625e-02,4.9582775093070253e-01,5.5349000702423601e-01,1.5585230041178677e-02
7.2363281250000000e-01,1.4018269490584786e-02,1.4018269490584786e-02,1.4018269490584786e-02,1.4018269490584786e-02,4.7697061999460710e-01,5.3312370220633831e-01,1.4018269490584807e-02
7.2558593750000000e-01,1.2597170099686738e-02,1.2597170099686738e-02,1.2597170099686738e-02,1.2597170099686738e-02,4.5858500458023560e-01,5.1319486978718787e-01,1.2597170099686703e-02
7.2753906250000000e-01,1.1309646012537269e-02,1.1309646012537269e-02,1.1309646012537269e-02,1.1309646012537269e-02,4.4066781345519895e-01,4.9370317481327630e-01,1.1309646012537301e-02
7.2949218750000000e-01,1.0144309422781363e-02,1.0144309422781363e-02,1.0144309422781363e-02,1.0144309422781363e-02,4.2321564462836320e-01,4.7464796602722031e-01,1.0144309422781345e-02
7.3144531250000000e-01,9.0906188566112160e-03,9.0906188566112160e-03,9.0906188566112160e-03,9.0906188566112160e-03,4.0622479694712893e-01,4.5602828294694225e-01,9.0906188566111986e-03
7.3339843750000000e-01,8.1388290406984899e-03,8.1388290406984899e-03,8.1388290406984899e-03,8.1388290406984899e-03,3.8969128179838874e-01,4.3784286314706167e-01,8.1388290406984379e-03
7.3535156250000000e-01,7.2799424564242059e-03,7.2799424564242059e-03,7.2799424564242059e-03,7.2799424564242059e-03,3.7361083489345803e-01,4.2009014972990905e-01,7.2799424564242354e-03
7.3730468750000000e-01,6.5056626608497557e-03,6.5056626608497557e-03,6.5056626608497557e-03,6.5056626608497557e-03,3.5797892811757404e-01,4.0276829897352417e-01,6.5056626608497601e-03
7.3925781250000000e-01,5.8083494355955787e-03,5.8083494355955787e-03,5.8083494355955787e-03,5.8083494355955787e-03,3.4279078142487002e-01,3.8587518814397787e-01,5.8083494355955795e-03
7.4121093750000000e-01,5.1809758071125036e-03,5.1809758071125036e-03,5.1809758071125036e-03,5.1809758071125036e-03,3.2804137476008660e-01,3.6940842345934510e-01,5.1809758071124801e-03
7.4316406250000000e-01,4.6170869657065758e-03,4.6170869657065758e-03,4.6170869657065758e-03,4.6170869657065758e-03,3.1372545998865492e-01,3.5336534819267185e-01,4.6170869657065801e-03
7.4511718750000000e-01,4.1107610960820001e-03,4.1107610960820001e-03,4.1107610960820001e-03,4.1107610960820001e-03,2.9983757281719353e-01,3.3774305090130829e-01,4.1107610960819880e-03
7.4707031250000000e-01,3.6565721190445011e-03,3.6565721190445011e-03,3.6565721190445011e-03,3.6565721190445011e-03,2.8637204468688360e-01,3.2253837377003358e-01,3.6565721190444833e-03
7.4902343750000000e-01,3.2495543323088822e-03,3.2495543323088822e-03,3.2495543323088822e-03,3.2495543323088822e-03,2.7332301462264091e-01,3.0774792105546339e-01,3.2495543323088475e-03
7.5097656250000000e-01,2.8851689280130848e-03,2.8851689280130848e-03,2.8851689280130848e-03,2.8851689280130848e-03,2.6068444102147392e-01,2.9336806761931961e-01,2.8851689280130870e-03
7.5292968750000000e-01,2.5592723554936909e-03,2.5592723554936909e-03,2.5592723554936909e-03,2.5592723554936909e-03,2.4845011336391024e-01,2.7939496753824461e-01,2.5592723554936823e-03
7.5488281250000000e-01,2.2680864900498673e-03,2.2680864900498673e-03,2.2680864900498673e-03,2.2680864900498673e-03,2.3661366383288682e-01,2.6582456277796374e-01,2.2680864900498569e-03
7.5683593750000000e-01,2.0081705617442814e-03,2.0081705617442814e-03,2.0081705617442814e-03,2.0081705617442814e-03,2.2516857882502805e-01,2.5265259191973871e-01,2.0081705617442614e-03
7.5878906250000000e-01,1.7763947926806086e-03,1.7763947926806086e-03,1.7763947926806086e-03,1.7763947926806086e-03,2.1410821033978106e-01,2.3987459892720647e-01,1.7763947926806029e-03
7.6074218750000000e-01,1.5699156865849892e-03,1.5699156865849892e-03,1.5699156865849892e-03,1.5699156865849892e-03,2.0342578723243745e-01,2.2748594194186622e-01,1.5699156865849797e-03
7.6269531250000000e-01,1.3861529108238212e-03,1.3861529108238212e-03,1.3861529108238212e-03,1.3861529108238212e-03,1.9311442631764694e-01,2.1548180209566414e-01,1.3861529108238123e-03
7.6464843750000000e-01,1.2227677081389143e-03,1.2227677081389143e-03,1.2227677081389143e-03,1.2227677081389143e-03,1.8316714331061010e-01,2.0385719232932031e-01,1.2227677081389009e-03
7.6660156250000000e-01,1.0776427732966040e-03,1.0776427732966040e-03,1.0776427732966040e-03,1.0776427732966040e-03,1.7357686359373420e-01,1.9260696620525602e-01,1.0776427732966040e-03
7.6855468750000000e-01,9.4886352845909721e-04,9.4886352845909721e-04,9.4886352845909721e-04,9.4886352845909721e-04,1.6433643279714150e-01,1.8172582670420329e-01,9.4886352845909461e-04
7.7050781250000000e-01,8.3470073032224622e-04,8.3470073032224622e-04,8.3470073032224622e-04,8.3470073032224622e-04,1.5543862718202903e-01,1.7120833499481666e-01,8.3470073032224340e-04
7.7246093750000000e-01,7.3359434185816771e-04,7.3359434185816771e-04,7.3359434185816771e-04,7.3359434185816771e-04,1.4687616381649812e-01,1.6104891916585559e-01,7.3359434185816261e-04
7.7441406250000000e-01,6.4413860178769730e-04,6.4413860178769730e-04,6.4413860178769730e-04,6.4413860178769730e-04,1.3864171053409283e-01,1.5124188291076590e-01,6.4413860178769698e-04
7.7636718750000000e-01,5.6506822562681449e-04,5.6506822562681449e-04,5.6506822562681449e-04,5.6506822562681449e-04,1.3072789566591281e-01,1.4178141415475937e-01,5.6506822562681211e-04
7.7832031250000000e-01,4.9524567324450502e-04,4.9524567324450502e-04,4.9524567324450502e-04,4.9524567324450502e-04,1.2312731753779299e-01,1.3266159361477128e-01,4.9524567324450252e-04
7.8027343750000000e-01,4.3364941928389708e-04,4.3364941928389708e-04,4.3364941928389708e-04,4.3364941928389708e-04,1.1583255372466927e-01,1.2387640328296515e-01,4.3364941928389280e-04
7.8222656250000000e-01,3.7936316448314392e-04,3.7936316448314392e-04,3.7936316448314392e-04,3.7936316448314392e-04,1.0883617005487778e-01,1.1541973482475064e-01,3.7936316448314457e-04
7.8417968750000000e-01,3.3156592784171224e-04,3.3156592784171224e-04,3.3156592784171224e-04,3.3156592784171224e-04,1.0213072935775816e-01,1.0728539788258747e-01,3.3156592784171169e-04
7.8613281250000000e-01,2.8952296166830040e-04,2.8952296166830040e-04,2.8952296166830040e-04,2.8952296166830040e-04,9.5708799948554565e-02,9.9467128277159880e-02,2.8952296166829991e-04
7.8808593750000000e-01,2.5257743378023529e-04,2.5257743378023529e-04,2.5257743378023529e-04,2.5257743378023529e-04,8.9562963845223123e-02,9.1958596097825432e-02,2.5257743378023361e-04
7.9003906250000000e-01,2.2014282346499779e-04,2.2014282346499779e-04,2.2014282346499779e-04,2.2014282346499779e-04,8.3685824712367116e-02,8.4753413674566291e-02,2.2014282346499795e-04
7.9199218750000000e-01,1.9169598023117040e-04,1.9169598023117040e-04,1.9169598023117040e-04,1.9169598023117040e-04,7.8070015528124689e-02,7.7845143424000521e-02,1.9169598023116992e-04
7.9394531250000000e-01,1.6677079683980047e-04,1.6677079683980047e-04,1.6677079683980047e-04,1.6677079683980047e-04,7.2708205970430290e-02,7.1227305562344592e-02,1.6677079683980001e-04
7.9589843750000000e-01,1.4495245059293379e-04,1.4495245059293379e-04,1.4495245059293379e-04,1.4495245059293379e-04,6.7593109519658634e-02,6.4893385678555279e-02,1.4495245059293273e-04
7.9785156250000000e-01,1.2587216934145231e-04,1.2587216934145231e-04,1.2587216934145231e-04,1.2587216934145231e-04,6.2717490275237431e-02,5.8836842161219406e-02,1.2587216934145280e-04
7.9980468750000000e-01,1.0920248114018913e-04,1.0920248114018913e-04,1.0920248114018913e-04,1.0920248114018913e-04,5.8074169484380968e-02,5.3051113473101597e-02,1.0920248114018908e-04
8.0175781250000000e-01,9.4652908907742202e-05,9.4652908907742202e-05,9.4652908907742202e-05,9.4652908907742202e-05,5.3656031781652312e-02,4.7529625267604181e-02,9.4652908907742202e-05
8.0371093750000000e-01,8.1966073827445304e-05,8.1966073827445304e-05,8.1966073827445304e-05,8.1966073827445304e-05,4.9456031138602828e-02,4.2265797341737972e-02,8.1966073827444911e-05
8.0566406250000000e-01,7.0914173542496595e-05,7.0914173542496595e-05,7.0914173542496595e-05,7.0914173542496595e-05,4.5467196523266772e-02,3.7253050420546961e-02,7.0914173542496744e-05
8.0761718750000000e-01,6.1295803442670835e-05,6.1295803442670835e-05,6.1295803442670835e-05,6.1295803442670835e-05,4.1682637269802349e-02,3.2484812768274425e-02,6.1295803442670740e-05
8.0957031250000000e-01,5.2933091504347898e-05,5.2933091504347898e-05,5.2933091504347898e-05,5.2933091504347898e-05,3.8095548159070361e-02,2.7954526621900892e-02,5.2933091504347803e-05
8.1152343750000000e-01,4.5669119223766797e-05,4.5669119223766797e-05,4.5669119223766797e-05,4.5669119223766797e-05,3.4699214211424488e-02,2.3655654443025906e-02,4.5669119223766486e-05
8.1347656250000000e-01,3.9365603170799799e-05,3.9365603170799799e-05,3.9365603170799799e-05,3.9365603170799799e-05,3.1487015193454704e-02,1.9581684984404463e-02,3.9365603170799962e-05
8.1542968750000000e-01,3.3900813584060809e-05,3.3900813584060809e-05,3.3900813584060809e-05,3.3900813584060809e-05,2.8452429840875544e-02,1.5726139167785244e-02,3.3900813584060857e-05
8.1738281250000000e-01,2.9167708225827617e-05,2.9167708225827617e-05,2.9167708225827617e-05,2.9167708225827617e-05,2.5589039800184111e-02,1.2082575770030453e-02,2.9167708225827661e-05
8.1933593750000000e-01,2.5072261416301891e-05,2.5072261416301891e-05,2.5072261416301891e-05,2.5072261416301891e-05,2.2890533292127705e-02,8.6445969148255773e-03,2.5072261416301868e-05
8.2128906250000000e-01,2.1531969771209287e-05,2.1531969771209287e-05,2.1531969771209287e-05,2.1531969771209287e-05,2.0350708500417859e-02,5.4058533676116308e-03,2.1531969771209436e-05
8.2324218750000000e-01,1.8474517675637955e-05,1.8474517675637955e-05,1.8474517675637955e-05,1.8474517675637955e-05,1.7963476689506021e-02,2.3600496316911477e-03,1.8474517675638023e-05
8.2519531250000000e-01,1.5836586941919352e-05,1.5836586941919352e-05,1.5836586941919352e-05,1.5836586941919352e-05,1.5722865055595347e-02,-4.9905115622720655e-04,1.5836586941919386e-05
8.2714843750000000e-01,1.3562796422505276e-05,1.3562796422505276e-05,1.3562796422505276e-05,1.3562796422505276e-05,1.3623019315403266e-02,-3.1776225324734700e-03,1.3562796422505225e-05
8.2910156250000000e-01,1.1604758582854655e-05,1.1604758582854655e-05,1.1604758582854655e-05,1.1604758582854655e-05,1.1658206037510350e-02,-5.6817702159779456e-03,1.1604758582854716e-05
8.3105468750000000e-01,9.9202411874078920e-06,9.9202411874078920e-06,9.9202411874078920e-06,9.9202411874078920e-06,9.8228147214320122e-03,-8.0175278217830791e-03,9.9202411874079157e-06
8.3300781250000000e-01,8.4724233171541890e-06,8.4724233171541890e-06,8.4724233171541890e-06,8.4724233171541890e-06,8.1113596298311406e-03,-1.0190852779052966e-02,8.4724233171541974e-06
8.3496093750000000e-01,7.2292359237107862e-06,7.2292359237107862e-06,7.2292359237107862e-06,7.2292359237107862e-06,6.5184813795513162e-03,-1.2207622453849352e-02,7.2292359237107751e-06
8.3691406250000000e-01,6.1627780359797424e-06,6.1627780359797424e-06,6.1627780359797424e-06,6.1627780359797424e-06,5.0389482973920603e-03,-1.4073630476672715e-02,6.1627780359797746e-06
8.3886718750000000e-01,5.2488005752092643e-06,5.2488005752092643e-06,5.2488005752092643e-06,5.2488005752092643e-06,3.6676575467695051e-03,-1.5794583274505367e-02,5.2488005752092727e-06
8.4082031250000000e-01,4.4662505065702604e-06,4.4662505065702604e-06,4.4662505065702604e-06,4.4662505065702604e-06,2.3996360316079304e-03,-1.7376096806840720e-02,4.4662505065702621e-06
8.4277343750000000e-01,3.7968687640966420e-06,3.7968687640966420e-06,3.7968687640966420e-06,3.7968687640966420e-06,1.2300410839900544e-03,-1.8823693504939246e-02,3.7968687640966255e-06
8.4472656250000000e-01,3.2248360349151103e-06,3.2248360349151103e-06,3.2248360349151103e-06,3.2248360349151103e-06,1.5416094225667419e-04,-2.0142799413317664e-02,3.2248360349151307e-06
8.4667968750000000e-01,2.7364610819419122e-06,2.7364610819419122e-06,2.7364610819419122e-06,2.7364610819419122e-06,-8.3258497361038744e-04,-2.1338741532253604e-02,2.7364610819419253e-06
8.4863281250000000e-01,2.3199068253832541e-06,2.3199068253832541e-06,2.3199068253832541e-06,2.3199068253832541e-06,-1.7346459823640579e-03,-2.2416745359873654e-02,2.3199068253832643e-06
8.5058593750000000e-01,1.9649498960741727e-06,1.9649498960741727e-06,1.9649498960741727e-06,1.9649498960741727e-06,-2.5563402505635355e-03,-2.3381932632188865e-02,1.9649498960741719e-06
8.5253906250000000e-01,1.6627698214197513e-06,1.6627698214197513e-06,1.6627698214197513e-06,1.6627698214197513e-06,-3.3018550831923669e-03,-2.4239319259248111e-02,1.6627698214197606e-06
8.5449218750000000e-01,1.4057644108203919e-06,1.4057644108203919e-06,1.4057644108203919e-06,1.4057644108203919e-06,-3.9752473886061875e-03,-2.4993813455396870e-02,1.4057644108203955e-06
8.5644531250000000e-01,1.1873882751680075e-06,1.1873882751680075e-06,1.1873882751680075e-06,1.1873882751680075e-06,-4.5804443105437170e-03,-2.5650214061456823e-02,1.1873882751680096e-06
8.5839843750000000e-01,1.0020117473359928e-06,1.0020117473359928e-06,1.0020117473359928e-06,1.0020117473359928e-06,-5.1212440199029608e-03,-2.6213209056480665e-02,1.0020117473359892e-06
8.6035156250000000e-01,8.4479777042843329e-07,8.4479777042843329e-07,8.4479777042843329e-07,8.4479777042843329e-07,-5.6013166589703647e-03,-2.6687374256586134e-02,8.4479777042843838e-07
8.6230468750000000e-01,7.1159459061676223e-07,7.1159459061676223e-07,7.1159459061676223e-07,7.1159459061676223e-07,-6.0242054307936771e-03,-2.7077172198234523e-02,7.1159459061676393e-07
8.6425781250000000e-01,5.9884233421994918e-07,5.9884233421994918e-07,5.9884233421994918e-07,5.9884233421994918e-07,-6.3933278264088674e-03,-2.7386951203191161e-02,5.9884233421994960e-07
8.6621093750000000e-01,5.0349176666119955e-07,5.0349176666119955e-07,5.0349176666119955e-07,5.0349176666119955e-07,-6.7119769826674107e-03,-2.7620944622288732e-02,5.0349176666119775e-07
8.6816406250000000e-01,4.2293372628065267e-07,4.2293372628065267e-07,4.2293372628065267e-07,4.2293372628065267e-07,-6.9833231634619875e-03,-2.7783270255009325e-02,4.2293372628065394e-07
8.7011718750000000e-01,3.5493790076653261e-07,3.5493790076653261e-07,3.5493790076653261e-07,3.5493790076653261e-07,-7.2104153572158658e-03,-2.7877929941807031e-02,3.5493790076653266e-07
8.7207031250000000e-01,2.9759977010056211e-07,2.9759977010056211e-07,2.9759977010056211e-07,2.9759977010056211e-07,-7.3961829835832490e-03,-2.7908809326010676e-02,2.9759977010056163e-07
8.7402343750000000e-01,2.4929467916744445e-07,2.4929467916744445e-07,2.4929467916744445e-07,2.4929467916744445e-07,-7.5434377024044463e-03,-2.7879677782074737e-02,2.4929467916744265e-07
8.7597656250000000e-01,2.0863812718355379e-07,2.0863812718355379e-07,2.0863812718355379e-07,2.0863812718355379e-07,-7.6548753180701919e-03,-2.7794188506886672e-02,2.0863812718355450e-07
8.7792968750000000e-01,1.7445147135653993e-07,1.7445147135653993e-07,1.7445147135653993e-07,1.7445147135653993e-07,-7.7330777725733634e-03,-2.7655878770790066e-02,1.7445147135653993e-07
8.7988281250000000e-01,1.4573234007004988e-07,1.4573234007004988e-07,1.4573234007004988e-07,1.4573234007004988e-07,-7.7805152206633418e-03,-2.7468170324945241e-02,1.4573234007004974e-07
8.8183593750000000e-01,1.2162913765420963e-07,1.2162913765420963e-07,1.2162913765420963e-07,1.2162913765420963e-07,-7.7995481806676162e-03,-2.7234369961622453e-02,1.2162913765420894e-07
8.8378906250000000e-01,1.0141909960028635e-07,1.0141909960028635e-07,1.0141909960028635e-07,1.0141909960028635e-07,-7.7924297547065924e-03,-2.6957670224006868e-02,1.0141909960028635e-07
8.8574218750000000e-01,8.4489424952234372e-08,8.4489424952234372e-08,8.4489424952234372e-08,8.4489424952234372e-08,-7.7613079122004517e-03,-2.6641150262089727e-02,8.4489424952234028e-08
8.8769531250000000e-01,7.0321072507594984e-08,7.0321072507594984e-08,7.0321072507594984e-08,7.0321072507594984e-08,-7.7082278307507085e-03,-2.6287776831225615e-02,7.0321072507594414e-08
8.8964843750000000e-01,5.8474860245944487e-08,5.8474860245944487e-08,5.8474860245944487e-08,5.8474860245944487e-08,-7.6351342886734263e-03,-2.5900405429952179e-02,5.8474860245943581e-08
8.9160156250000000e-01,4.8579553852802011e-08,4.8579553852802011e-08,4.8579553852802011e-08,4.8579553852802011e-08,-7.5438741036654268e-03,-2.5481781573694861e-02,4.8579553852801568e-08
8.9355468750000000e-01,4.0321671023068135e-08,4.0321671023068135e-08,4.0321671023068135e-08,4.0321671023068135e-08,-7.4361986122985476e-03,-2.5034542201016089e-02,4.0321671023067341e-08
8.9550781250000000e-01,3.3436764043267463e-08,3.3436764043267463e-08,3.3436764043267463e-08,3.3436764043267463e-08,-7.3137661852600818e-03,-2.4561217209114833e-02,3.3436764043266451e-08
8.9746093750000000e-01,2.7701974534936952e-08,2.7701974534936952e-08,2.7701974534936952e-08,2.7701974534936952e-08,-7.1781447734889049e-03,-2.4064231115339035e-02,2.7701974534935545e-08
8.9941406250000000e-01,2.2929681702687103e-08,2.2929681702687103e-08,2.2929681702687103e-08,2.2929681702687103e-08,-7.0308144805965433e-03,-2.3545904841539164e-02,2.2929681702685469e-08
9.0136718750000000e-01,1.8962089426829219e-08,1.8962089426829219e-08,1.8962089426829219e-08,1.8962089426829219e-08,-6.8731701572098116e-03,-2.3008457618166406e-02,1.8962089426826986e-08
9.0332031250000000e-01,1.5666618480471000e-08,1.5666618480471000e-08,1.5666618480471000e-08,1.5666618480471000e-08,-6.7065240131264437e-03,-2.2454009005103331e-02,1.5666618480468068e-08
9.0527343750000000e-01,1.2931988399143677e-08,1.2931988399143677e-08,1.2931988399143677e-08,1.2931988399143677e-08,-6.5321082434367508e-03,-2.1884581026308109e-02,1.2931988399139807e-08
9.0722656250000000e-01,1.0664889411922824e-08,1.0664889411922824e-08,1.0664889411922824e-08,1.0664889411922824e-08,-6.3510776650325604e-03,-2.1302100415454918e-02,1.0664889411917915e-08
9.0917968750000000e-01,8.7871586452580528e-09,8.7871586452580528e-09,8.7871586452580528e-09,8.7871586452580528e-09,-6.1645123601991314e-03,-2.0708400969863310e-02,8.7871586452516057e-09
9.1113281250000000e-01,7.2333867904435536e-09,7.2333867904435536e-09,7.2333867904435536e-09,7.2333867904435536e-09,-5.9734203242659918e-03,-2.0105226010127309e-02,7.2333867904351346e-09
9.1308593750000000e-01,5.9488918097799990e-09,5.9488918097799990e-09,5.9488918097799990e-09,5.9488918097799990e-09,-5.7787401145784250e-03,-1.9494230942980771e-02,5.9488918097689719e-09
9.1503906250000000e-01,4.8880052456885970e-09,4.8880052456885970e-09,4.8880052456885970e-09,4.8880052456885970e-09,-5.5813434983423846e-03,-1.8876985925068850e-02,4.8880052456742661e-09
9.1699218750000000e-01,4.0126244685774371e-09,4.0126244685774371e-09,4.0126244685774371e-09,4.0126244685774371e-09,-5.3820380971916397e-03,-1.8254978625435684e-02,4.0126244685587395e-09
9.1894531250000000e-01,3.2909909093498292e-09,3.2909909093498292e-09,3.2909909093498292e-09,3.2909909093498292e-09,-5.1815700266266201e-03,-1.7629617084685672e-02,3.2909909093254716e-09
9.2089843750000000e-01,2.6966601085940576e-09,2.6966601085940576e-09,2.6966601085940576e-09,2.6966601085940576e-09,-4.9806265287796955e-03,-1.7002232668929203e-02,2.6966601085623518e-09
9.2285156250000000e-01,2.2076343975196587e-09,2.2076343975196587e-09,2.2076343975196587e-09,2.2076343975196587e-09,-4.7798385972709963e-03,-1.6374083116783726e-02,2.2076343974784647e-09
9.2480468750000000e-01,1.8056333116129167e-09,1.8056333116129167e-09,1.8056333116129167e-09,1.8056333116129167e-09,-4.5797835932325157e-03,-1.5746355677866329e-02,1.8056333115593855e-09
9.2675781250000000e-01,1.4754805196189868e-09,1.4754805196189868e-09,1.4754805196189868e-09,1.4754805196189868e-09,-4.3809878518956081e-03,-1.5120170341385237e-02,1.4754805195494997e-09
9.2871093750000000e-01,1.2045892090277735e-09,1.2045892090277735e-09,1.2045892090277735e-09,1.2045892090277735e-09,-4.1839292794582520e-03,-1.4496583153613450e-02,1.2045892089376512e-09
9.3066406250000000e-01,9.8253057565350173e-10,9.8253057565350173e-10,9.8253057565350173e-10,9.8253057565350173e-10,-3.9890399402732054e-03,-1.3876589623208414e-02,9.8253057553674374e-10
9.3261718750000000e-01,8.0067238098525332e-10,8.0067238098525332e-10,8.0067238098525332e-10,8.0067238098525332e-10,-3.7967086347265714e-03,-1.3261128213526336e-02,8.0067238083411253e-10
9.3457031250000000e-01,6.5187652057440532e-10,6.5187652057440532e-10,6.5187652057440532e-10,6.5187652057440532e-10,-3.6072834685079241e-03,-1.2651083921268454e-02,6.5187652037894419e-10
9.3652343750000000e-01,5.3024623661055755e-10,5.3024623661055755e-10,5.3024623661055755e-10,5.3024623661055755e-10,-3.4210744143081339e-03,-1.2047291940988174e-02,5.3024623635801724e-10
9.3847656250000000e-01,4.3091504863780188e-10,4.3091504863780188e-10,4.3091504863780188e-10,4.3091504863780188e-10,-3.2383558673192070e-03,-1.1450541415182694e-02,4.3091504831183151e-10
9.4042968750000000e-01,3.4987070328627392e-10,3.4987070328627392e-10,3.4987070328627392e-10,3.4987070328627392e-10,-3.0593691962516253e-03,-1.0861579269889499e-02,3.4987070286591211e-10
9.4238281250000000e-01,2.8380848741139894e-10,2.8380848741139894e-10,2.8380848741139894e-10,2.8380848741139894e-10,-2.8843252919289139e-03,-1.0281114135906553e-02,2.8380848686982807e-10
9.4433593750000000e-01,2.3000913548204368e-10,2.3000913548204368e-10,2.3000913548204368e-10,2.3000913548204368e-10,-2.7134071158661410e-03,-9.7098203559547024e-03,2.3000913478497465e-10
9.4628906250000000e-01,1.8623731416769146e-10,1.8623731416769146e-10,1.8623731416769146e-10,1.8623731416769146e-10,-2.5467722515887629e-03,-9.1483420783007065e-03,1.8623731327133113e-10
9.4824218750000000e-01,1.5065730443289969e-10,1.5065730443289969e-10,1.5065730443289969e-10,1.5065730443289969e-10,-2.3845554618004603e-03,-8.5972974375590119e-03,1.5065730328136220e-10
9.5019531250000000e-01,1.2176304091265758e-10,1.2176304091265758e-10,1.2176304091265758e-10,1.2176304091265758e-10,-2.2268712548630795e-03,-8.0572828235891732e-03,1.2176303943470438e-10
9.5214843750000000e-01,9.8320124403382998e-11,9.8320124403382998e-11,9.8320124403382998e-11,9.8320124403382998e-11,-2.0738164644082953e-03,-7.5288772396026448e-03,9.8320122508289725e-11
9.5410156250000000e-01,7.9317808395251006e-11,7.9317808395251006e-11,7.9317808395251006e-11,7.9317808395251006e-11,-1.9254728462587453e-03,-7.0126467507868407e-03,7.9317805967594712e-11
9.5605468750000000e-01,6.3929285349324034e-11,6.3929285349324034e-11,6.3929285349324034e-11,6.3929285349324034e-11,-1.7819096971957563e-03,-6.5091490249448653e-03,6.3929282242398472e-11
9.5800781250000000e-01,5.1478872008359605e-11,5.1478872008359605e-11,5.1478872008359605e-11,5.1478872008359605e-11,-1.6431865004708083e-03,-6.0189379668351434e-03,5.1478868035885621e-11
9.5996093750000000e-01,4.1414923219173795e-11,4.1414923219173795e-11,4.1414923219173795e-11,4.1414923219173795e-11,-1.5093556033179214e-03,-5.5425684480750635e-03,4.1414918144855951e-11
9.6191406250000000e-01,3.3287497191133798e-11,3.3287497191133798e-11,3.3287497191133798e-11,3.3287497191133798e-11,-1.3804649320833869e-03,-5.0806011346456867e-03,3.3287490715527923e-11
9.6386718750000000e-01,2.6729957491967552e-11,2.6729957491967552e-11,2.6729957491967552e-11,2.6729957491967552e-11,-1.2565607509467042e-03,-4.6336074141989352e-03,2.6729949235977979e-11
9.6582031250000000e-01,2.1443833217019847e-11,2.1443833217019847e-11,2.1443833217019847e-11,2.1443833217019847e-11,-1.1376904705610034e-03,-4.2021744255232221e-03,2.1443822701188761e-11
9.6777343750000000e-01,1.7186372766152536e-11,1.7186372766152536e-11,1.7186372766152536e-11,1.7186372766152536e-11,-1.0239055132912234e-03,-3.7869101926663483e-03,1.7186359384689581e-11
9.6972656250000000e-01,1.3760322008439531e-11,1.3760322008439531e-11,1.3760322008439531e-11,1.3760322008439531e-11,-9.1526424207211653e-04,-3.3884488663440890e-03,1.3760304996693293e-11
9.7167968750000000e-01,1.1005537263106958e-11,1.1005537263106958e-11,1.1005537263106958e-11,1.1005537263106958e-11,-8.1183496024372416e-04,-3.0074560753770838e-03,1.1005515656861992e-11
9.7363281250000000e-01,8.7921099771029825e-12,8.7921099771029825e-12,8.7921099771029825e-12,8.7921099771029825e-12,-7.1369899004689269e-04,-2.6446343909953774e-03,8.7920825617041061e-12
9.7558593750000000e-01,7.0147353499528994e-12,7.0147353499528994e-12,7.0147353499528994e-12,7.0147353499528994e-12,-6.2095383777276440e-04,-2.3007289069268120e-03,7.0147005967772627e-12
9.7753906250000000e-01,5.5881032303193786e-12,5.5881032303193786e-12,5.5881032303193786e-12,5.5881032303193786e-12,-5.3371645385467611e-04,-1.9765329382397871e-03,5.5880592175344303e-12
9.7949218750000000e-01,4.4431278906318967e-12,4.4431278906318967e-12,4.4431278906318967e-12,4.4431278906318967e-12,-4.5212659646455246e-04,-1.6728938419398849e-03,4.4430722044541503e-12
9.8144531250000000e-01,3.5238650423736007e-12,3.5238650423736007e-12,3.5238650423736007e-12,3.5238650423736007e-12,-3.7635030742413412e-04,-1.3907189623202619e-03,3.5237946541595857e-12
9.8339843750000000e-01,2.7849907485187165e-12,2.7849907485187165e-12,2.7849907485187165e-12,2.7849907485187165e-12,-3.0658350945889204e-04,-1.1309817040341082e-03,2.7849018619317413e-12
9.8535156250000000e-01,2.1897386124132619e-12,2.1897386124132619e-12,2.1897386124132619e-12,2.1897386124132619e-12,-2.4305573400310349e-04,-8.9472773579000401e-04,2.1896264735801083e-12
9.8730468750000000e-01,1.7082095191233888e-12,1.7082095191233888e-12,1.7082095191233888e-12,1.7082095191233888e-12,-1.8603398890116891e-04,-6.8308132746347657e-04,1.7080681810654238e-12
9.8925781250000000e-01,1.3159828967942236e-12,1.3159828967942236e-12,1.3159828967942236e-12,1.3159828967942236e-12,-1.3582677543465496e-04,-4.9725182326586194e-04,1.3158049274269824e-12
9.9121093750000000e-01,9.9297046716074737e-13,9.9297046716074737e-13,9.9297046716074737e-13,9.9297046716074737e-13,-9.2788264127328360e-05,-3.3854025340960284e-04,9.9274658772379621e-13
9.9316406250000000e-01,7.2246319138274263e-13,7.2246319138274263e-13,7.2246319138274263e-13,7.2246319138274263e-13,-5.7322638730811600e-05,-2.0834608645180929e-04,7.2218182919662087e-13
9.9511718750000000e-01,4.9032993832598140e-13,4.9032993832598140e-13,4.9032993832598140e-13,4.9032993832598140e-13,-2.9888617659093189e-05,-1.0817412417916120e-04,4.8997667415985521e-13
9.9707031250000000e-01,2.8433258972018648e-13,2.8433258972018648e-13,2.8433258972018648e-13,2.8433258972018648e-13,-1.1004161906865524e-05,-3.9641540510297214e-05,2.8388947565776860e-13
9.9902343750000000e-01,9.3527075551277820e-14,9.3527075551277820e-14,9.3527075551277820e-14,9.3527075551277820e-14,-1.2513781384697650e-06,-4.4850654293935191e-06,9.2971793899232422e-14
