x,psi,u,v
9.7656250000000000e-04,9.3527075551279398e-14,8.2845677238320355e-14,1.0681398312959046e-14
2.9296875000000000e-03,2.8433258972019112e-13,2.5183472116413792e-13,3.2497868556053202e-14
4.8828125000000000e-03,4.9032993832598746e-13,4.3417689943595779e-13,5.6153038890029648e-14
6.8359375000000000e-03,7.2246319138275273e-13,6.3948527985920166e-13,8.2977911523551086e-14
8.7890625000000000e-03,9.9297046716075545e-13,8.7849982124817394e-13,1.1447064591258150e-13
1.0742187500000000e-02,1.3159828967942335e-12,1.1636082086673246e-12,1.5237468812690896e-13
1.2695312500000000e-02,1.7082095191233961e-12,1.5094406715492009e-12,1.9876884757419522e-13
1.4648437500000000e-02,2.1897386124132712e-12,1.9335649823065790e-12,2.5617363010669219e-13
1.6601562500000000e-02,2.7849907485187003e-12,2.4573118890085501e-12,3.2767885951015020e-13
1.8554687500000000e-02,3.5238650423736003e-12,3.1067664820053301e-12,4.1709856036827023e-13
2.0507812500000000e-02,4.4431278906318983e-12,3.9139676186896463e-12,5.2916027194225174e-13
2.2460937500000000e-02,5.5881032303194037e-12,4.9183657678192816e-12,6.6973746250012176e-13
2.4414062500000000e-02,7.0147353499528743e-12,6.1685997744477891e-12,8.4613557550508488e-13
2.6367187500000000e-02,8.7921099771029954e-12,7.7246654412524554e-12,1.0674445358505398e-12
2.8320312500000000e-02,1.1005537263106972e-11,9.6605638984724830e-12,1.3449733646344895e-12
3.0273437500000000e-02,1.3760322008439581e-11,1.2067536005789614e-11,1.6927860026499672e-12
3.2226562500000000e-02,1.7186372766152407e-11,1.5058011109702476e-11,2.1283616564499321e-12
3.4179687500000000e-02,2.1443833217019789e-11,1.8770425102752088e-11,2.6734081142677005e-12
3.6132812500000000e-02,2.6729957491967523e-11,2.3375094769669474e-11,3.3548627222980493e-12
3.8085937500000000e-02,3.3287497191133876e-11,2.9081373897704493e-11,4.2061232934293842e-12
4.0039062500000000e-02,4.1414923219173647e-11,3.6146362804320778e-11,5.2685604148528706e-12
4.1992187500000000e-02,5.1478872008359643e-11,4.4885498251384943e-11,6.5933737569747021e-12
4.3945312500000000e-02,6.3929285349324073e-11,5.5685416891897266e-11,8.2438684574268048e-12
4.5898437500000000e-02,7.9317808395251265e-11,6.9019564463908729e-11,1.0298243931342531e-11
4.7851562500000000e-02,9.8320124403382313e-11,8.5467117299097665e-11,1.2853007104284644e-11
4.9804687500000000e-02,1.2176304091265753e-10,1.0573589516547778e-10,1.6027145747179744e-11
5.1757812500000000e-02,1.5065730443289967e-10,1.3069007832186414e-10,1.9967226111035534e-11
5.3710937500000000e-02,1.8623731416769188e-10,1.6138370080586156e-10,2.4853613361830318e-11
5.5664062500000000e-02,2.3000913548204288e-10,1.9910108095234497e-10,3.0908054529697902e-11
5.7617187500000000e-02,2.8380848741139945e-10,2.4540557426305003e-10,3.8402913148349440e-11
5.9570312500000000e-02,3.4987070328627475e-10,3.0219829923157240e-10,4.7672404054702346e-11
6.1523437500000000e-02,4.3091504863780400e-10,3.7178880081816682e-10,5.9126247819637170e-11
6.3476562500000000e-02,5.3024623661055517e-10,4.5697998740616427e-10,7.3266249204390910e-11
6.5429687500000000e-02,6.5187652057440552e-10,5.6117011507545493e-10,9.0706405498950578e-11
6.7382812500000000e-02,8.0067238098525384e-10,6.8847510930270630e-10,1.1219727168254752e-10
6.9335937500000000e-02,9.8253057565350463e-10,8.4387512197054343e-10,1.3865545368296123e-10
7.1289062500000000e-02,1.2045892090277684e-09,1.0333899361571253e-09,1.7119927287064304e-10
7.3242187500000000e-02,1.4754805196189861e-09,1.2642886702984923e-09,2.1119184932049374e-10
7.5195312500000000e-02,1.8056333116129159e-09,1.5453402174222241e-09,2.6029309419069189e-10
7.7148437500000000e-02,2.2076343975196637e-09,1.8871120078248311e-09,3.2052238969483259e-10
7.9101562500000000e-02,2.6966601085940336e-09,2.3023260319517332e-09,3.9433407664230024e-10
8.1054687500000000e-02,3.2909909093498126e-09,2.8062826355386577e-09,4.8470827381115477e-10
8.3007812500000000e-02,4.0126244685774164e-09,3.4173644370891715e-09,5.9526003148824485e-10
8.4960937500000000e-02,4.8880052456885871e-09,4.1576348595186024e-09,7.3037038616998503e-10
8.6914062500000000e-02,5.9488918097799420e-09,5.0535482602114206e-09,8.9534354956852132e-10
8.8867187500000000e-02,7.2333867904435263e-09,6.1367915404101489e-09,1.0965952500333776e-09
9.0820312500000000e-02,8.7871586452580164e-09,7.4452804768764885e-09,1.3418781683815277e-09
9.2773437500000000e-02,1.0664889411922797e-08,9.0243379156923562e-09,1.6405514962304415e-09
9.4726562500000000e-02,1.2931988399143528e-08,1.0928085478926574e-08,2.0039029202169549e-09
9.6679687500000000e-02,1.5666618480470901e-08,1.3221085649337688e-08,2.4455328311332130e-09
9.8632812500000000e-02,1.8962089426829110e-08,1.5980277117831995e-08,2.9818123089971165e-09
1.0058593750000000e-01,2.2929681702687047e-08,1.9297253217816503e-08,3.6324284848705440e-09
1.0253906250000000e-01,2.7701974534936736e-08,2.3280941259363831e-08,4.4210332755729051e-09
1.0449218750000000e-01,3.3436764043267318e-08,2.8060749760097157e-08,5.3760142831701602e-09
1.0644531250000000e-01,4.0321671023067989e-08,3.3790261112862039e-08,6.5314099102059486e-09
1.0839843750000000e-01,4.8579553852802024e-08,4.0651559316566289e-08,7.9279945362357335e-09
1.1035156250000000e-01,5.8474860245943918e-08,4.8860296232061356e-08,9.6145640138825660e-09
1.1230468750000000e-01,7.0321072507594666e-08,5.8671615639899461e-08,1.1649456867695203e-08
1.1425781250000000e-01,8.4489424952234200e-08,7.0387072428062953e-08,1.4102352524171251e-08
1.1621093750000000e-01,1.0141909960028646e-07,8.4362704811260560e-08,1.7056394789025901e-08
1.1816406250000000e-01,1.2162913765420900e-07,1.0101844089664146e-07,2.0610696757567541e-08
1.2011718750000000e-01,1.4573234007004977e-07,1.2084904751578312e-07,2.4883292554266646e-08
1.2207031250000000e-01,1.7445147135653993e-07,1.4443685942872660e-07,3.0014611927813341e-08
1.2402343750000000e-01,2.0863812718355450e-07,1.7246656120212199e-07,3.6171565981432517e-08
1.2597656250000000e-01,2.4929467916744265e-07,2.0574233274275708e-07,4.3552346424685567e-08
1.2792968750000000e-01,2.9759977010056163e-07,2.4520771314888793e-07,5.2392056951673685e-08
1.2988281250000000e-01,3.5493790076653266e-07,2.9196858679307286e-07,6.2969313973459798e-08
1.3183593750000000e-01,4.2293372628065394e-07,3.4731975099257249e-07,7.5613975288081431e-08
1.3378906250000000e-01,5.0349176666119775e-07,4.1277558693283860e-07,9.0716179728359149e-08
1.3574218750000000e-01,5.9884233421994929e-07,4.9010542542087115e-07,1.0873690879907816e-07
1.3769531250000000e-01,7.1159459061676329e-07,5.8137427735358398e-07,1.3022031326317931e-07
1.3964843750000000e-01,8.4479777042843700e-07,6.8898968635078128e-07,1.5580808407765572e-07
1.4160156250000000e-01,1.0020117473359873e-06,8.1575555874679510e-07,1.8625618858919222e-07
1.4355468750000000e-01,1.1873882751680075e-06,9.6493393505056091e-07,2.2245434011744665e-07
1.4550781250000000e-01,1.4057644108203925e-06,1.1403157881292920e-06,2.6544862269110055e-07
1.4746093750000000e-01,1.6627698214197581e-06,1.3463020678734698e-06,3.1646775354628826e-07
1.4941406250000000e-01,1.9649498960741689e-06,1.5879963611540521e-06,3.7695353492011686e-07
1.5136718750000000e-01,2.3199068253832588e-06,1.8713107007474768e-06,4.4859612463578209e-07
1.5332031250000000e-01,2.7364610819419198e-06,2.2030862389023853e-06,5.3337484303953480e-07
1.5527343750000000e-01,3.2248360349151247e-06,2.5912307017367393e-06,6.3360533317838538e-07
1.5722656250000000e-01,3.7968687640966183e-06,3.0448747611188104e-06,7.5199400297780807e-07
1.5917968750000000e-01,4.4662505065702494e-06,3.5745497025815122e-06,8.9170080398873746e-07
1.6113281250000000e-01,5.2488005752092626e-06,4.1923890326615851e-06,1.0564115425476776e-06
1.6308593750000000e-01,6.1627780359797627e-06,4.9123569583844146e-06,1.2504210775953484e-06
1.6503906250000000e-01,7.2292359237107599e-06,5.7505069869799010e-06,1.4787289367308586e-06
1.6699218750000000e-01,8.4724233171541907e-06,6.7252742368573667e-06,1.7471490802968240e-06
1.6894531250000000e-01,9.9202411874078937e-06,7.8578054229015445e-06,2.0624357645063492e-06
1.7089843750000000e-01,1.1604758582854694e-05,9.1723308817405007e-06,2.4324277011141921e-06
1.7285156250000000e-01,1.3562796422505178e-05,1.0696583437162810e-05,2.8662129853423684e-06
1.7480468750000000e-01,1.5836586941919321e-05,1.2462269373602116e-05,3.3743175683172052e-06
1.7675781250000000e-01,1.8474517675637949e-05,1.4505597287687772e-05,3.9689203879501776e-06
1.7871093750000000e-01,2.1531969771209382e-05,1.6867871125234599e-05,4.6640986459747833e-06
1.8066406250000000e-01,2.5072261416301851e-05,1.9596154284419936e-05,5.4761071318819143e-06
1.8261718750000000e-01,2.9167708225827644e-05,2.2744012275724783e-05,6.4236959501028611e-06
1.8457031250000000e-01,3.3900813584060850e-05,2.6372342075595119e-05,7.5284715084657322e-06
1.8652343750000000e-01,3.9365603170799941e-05,3.0550296993445798e-05,8.8153061773541436e-06
1.8847656250000000e-01,4.5669119223766431e-05,3.5356316589836173e-05,1.0312802633930257e-05
1.9042968750000000e-01,5.2933091504347708e-05,4.0879271936154536e-05,1.2053819568193172e-05
1.9238281250000000e-01,6.1295803442670672e-05,4.7219737291092812e-05,1.4076066151577860e-05
1.9433593750000000e-01,7.0914173542496650e-05,5.4491400084077410e-05,1.6422773458419240e-05
1.9628906250000000e-01,8.1966073827444749e-05,6.2822621937341447e-05,1.9143451890103299e-05
1.9824218750000000e-01,9.4652908907742080e-05,7.2358164322387539e-05,2.2294744585354538e-05
2.0019531250000000e-01,1.0920248114018900e-04,8.3261093328118320e-05,2.5941387812070676e-05
2.0214843750000000e-01,1.2587216934145266e-04,9.5714878910875732e-05,3.0157290430576930e-05
2.0410156250000000e-01,1.4495245059293271e-04,1.0992570489378244e-04,3.5026745699150269e-05
2.0605468750000000e-01,1.6677079683979993e-04,1.2612500687578295e-04,4.0645789964016986e-05
2.0800781250000000e-01,1.9169598023116994e-04,1.4457225608984853e-04,4.7123724141321413e-05
2.0996093750000000e-01,2.2014282346499809e-04,1.6555800810394536e-04,5.4584815361052741e-05
2.1191406250000000e-01,2.5257743378023399e-04,1.8940723607485134e-04,6.3170197705382644e-05
2.1386718750000000e-01,2.8952296166830018e-04,2.1648296902970223e-04,7.3039992638597936e-05
2.1582031250000000e-01,3.3156592784171224e-04,2.4719025634733599e-04,8.4375671494376234e-05
2.1777343750000000e-01,3.7936316448314539e-04,2.8198048022372161e-04,9.7382684259423804e-05
2.1972656250000000e-01,4.3364941928389383e-04,3.2135603841352872e-04,1.1229338087036508e-04
2.2167968750000000e-01,4.9524567324450350e-04,3.6587541992239806e-04,1.2937025332210544e-04
2.2363281250000000e-01,5.6506822562681341e-04,4.1615869655850599e-04,1.4890952906830741e-04
2.2558593750000000e-01,6.4413860178769882e-04,4.7289345331322458e-04,1.7124514847447424e-04
2.2753906250000000e-01,7.3359434185816510e-04,5.3684118040220156e-04,1.9675316145596359e-04
2.2949218750000000e-01,8.3470073032224697e-04,6.0884414943204973e-04,2.2585658089019722e-04
2.3144531250000000e-01,9.4886352845909895e-04,6.8983279553384955e-04,2.5903073292524940e-04
2.3339843750000000e-01,1.0776427732966090e-03,7.8083362639177600e-04,2.9680914690483301e-04
2.3535156250000000e-01,1.2227677081389067e-03,8.8297767785991128e-04,3.3979003027899537e-04
2.3730468750000000e-01,1.3861529108238199e-03,9.9750953426938865e-04,3.8864337655443128e-04
2.3925781250000000e-01,1.5699156865849892e-03,1.1257969295455214e-03,4.4411875703946792e-04
2.4121093750000000e-01,1.7763947926806142e-03,1.2693409428458256e-03,5.0705384983478852e-04
2.4316406250000000e-01,2.0081705617442749e-03,1.4297867995578940e-03,5.7838376218638098e-04
2.4511718750000000e-01,2.2680864900498704e-03,1.6089352851255258e-03,6.5915120492434449e-04
2.4707031250000000e-01,2.5592723554936974e-03,1.8087547752665294e-03,7.5051758022716809e-04
2.4902343750000000e-01,2.8851689280131030e-03,2.0313938816720117e-03,8.5377504634109121e-04
2.5097656250000000e-01,3.2495543323088657e-03,2.2791947072012988e-03,9.7035962510756701e-04
2.5292968750000000e-01,3.6565721190445028e-03,2.5547066988786523e-03,1.1018654201658505e-03
2.5488281250000000e-01,4.1107610960820053e-03,2.8607010806285067e-03,1.2500600154534984e-03
2.5683593750000000e-01,4.6170869657065992e-03,3.2001858406324087e-03,1.4169011250741905e-03
2.5878906250000000e-01,5.1809758071124975e-03,3.5764212404305615e-03,1.6045545666819358e-03
2.6074218750000000e-01,5.8083494355955995e-03,3.9929358044107771e-03,1.8154136311848228e-03
2.6269531250000000e-01,6.5056626608497835e-03,4.4535427391166338e-03,2.0521199217331501e-03
2.6464843750000000e-01,7.2799424564242571e-03,4.9623567218645519e-03,2.3175857345597052e-03
2.6660156250000000e-01,8.1388290406984622e-03,5.5238109874884639e-03,2.6150180532099982e-03
2.6855468750000000e-01,9.0906188566112194e-03,6.1426746306489704e-03,2.9479442259622490e-03
2.7050781250000000e-01,1.0144309422781373e-02,6.8240700290686795e-03,3.3202393937126935e-03
2.7246093750000000e-01,1.1309646012537327e-02,7.5734902803294970e-03,3.7361557322078296e-03
2.7441406250000000e-01,1.2597170099686738e-02,8.3968165315267788e-03,4.2003535681599587e-03
2.7636718750000000e-01,1.4018269490584826e-02,9.3003350671850595e-03,4.7179344233997658e-03
2.7832031250000000e-01,1.5585230041178689e-02,1.0290754006466455e-02,5.2944760347122333e-03
2.8027343750000000e-01,1.7311288835222198e-02,1.1375219445933494e-02,5.9360693892887033e-03
2.8222656250000000e-01,1.9210688675777628e-02,1.2561330869060224e-02,6.6493578067174045e-03
2.8417968750000000e-01,2.1298733716487252e-02,1.3857155628435694e-02,7.4415780880515581e-03
2.8613281250000000e-01,2.3591846031949359e-02,1.5271242291297669e-02,8.3206037406516904e-03
2.8808593750000000e-01,2.6107622897957903e-02,1.6812632623826547e-02,9.2949902741313543e-03
2.9003906250000000e-01,2.8864894522434174e-02,1.8490871974670677e-02,1.0374022547763498e-02
2.9199218750000000e-01,3.1883781936731352e-02,2.0316017803653722e-02,1.1567764133077630e-02
2.9394531250000000e-01,3.5185754724748504e-02,2.2298646087715680e-02,1.2887108637032825e-02
2.9589843750000000e-01,3.8793688234140693e-02,2.4449855323086314e-02,1.4343832911054380e-02
2.9785156250000000e-01,4.2731919880023603e-02,2.6781267830687665e-02,1.5950652049335937e-02
2.9980468750000000e-01,4.7026304117195043e-02,2.9305028061077123e-02,1.7721276056117920e-02
3.0175781250000000e-01,5.1704265622246455e-02,3.2033797586090568e-02,1.9670468036155887e-02
3.0371093750000000e-01,5.6794850192340859e-02,3.4980746457038372e-02,2.1814103735302487e-02
3.0566406250000000e-01,6.2328772833140464e-02,3.8159540604071188e-02,2.4169232229069276e-02
3.0761718750000000e-01,6.8338462474765702e-02,4.1584324948490840e-02,2.6754137526274861e-02
3.0957031250000000e-01,7.4858102722067624e-02,4.5269701899601486e-02,2.9588400822466134e-02
3.1152343750000000e-01,8.1923668014342643e-02,4.9230704910491911e-02,3.2692963103850732e-02
3.1347656250000000e-01,8.9572954540262026e-02,5.3482766773191803e-02,3.6090187767070223e-02
3.1542968750000000e-01,9.7845605226723281e-02,5.8041682343270694e-02,3.9803922883452587e-02
3.1738281250000000e-01,1.0678312809594837e-01,6.2923565397429271e-02,4.3859562698519088e-02
3.1933593750000000e-01,1.1642890726400254e-01,6.8144799345265961e-02,4.8284107918736587e-02
3.2128906250000000e-01,1.2682820583638632e-01,7.3721981538483139e-02,5.3106224297903175e-02
3.2324218750000000e-01,1.3802815994303688e-01,7.9671860947551729e-02,5.8356298995485154e-02
3.2519531250000000e-01,1.5007776314638760e-01,8.6011269007599617e-02,6.4066494138787983e-02
3.2714843750000000e-01,1.6302784045266289e-01,9.2757043472191519e-02,7.0270796980471367e-02
3.2910156250000000e-01,1.7693101115872634e-01,9.9925945155997592e-02,7.7005066002728745e-02
3.3105468750000000e-01,1.9184163977514240e-01,1.0753456749525411e-01,8.4307072279888290e-02
3.3300781250000000e-01,2.0781577428099848e-01,1.1559923890849644e-01,9.2216535372502045e-02
3.3496093750000000e-01,2.2491107098807878e-01,1.2413591799958344e-01,1.0077515298849533e-01
3.3691406250000000e-01,2.4318670532140069e-01,1.3316008171031543e-01,1.1002662361108526e-01
3.3886718750000000e-01,2.6270326786048359e-01,1.4268660660129384e-01,1.2001666125918974e-01
3.4082031250000000e-01,2.8352264503118096e-01,1.5272964351677579e-01,1.3079300151440518e-01
3.4277343750000000e-01,3.0570788389193787e-01,1.6330248597225344e-01,1.4240539791968443e-01
3.4472656250000000e-01,3.2932304052095279e-01,1.7441743269197696e-01,1.5490560782897583e-01
3.4667968750000000e-01,3.5443301158229806e-01,1.8608564481757184e-01,1.6834736676472623e-01
3.4863281250000000e-01,3.8110334872943064e-01,1.9831699840769718e-01,1.8278635032173346e-01
3.5058593750000000e-01,4.0940005559401765e-01,2.1111993295224882e-01,1.9828012264176884e-01
3.5253906250000000e-01,4.3938936720616945e-01,2.2450129673198319e-01,2.1488807047418626e-01
3.5449218750000000e-01,4.7113751179919738e-01,2.3846618996535693e-01,2.3267132183384046e-01
3.5644531250000000e-01,5.0471045506728374e-01,2.5301780679767938e-01,2.5169264826960436e-01
3.5839843750000000e-01,5.4017362706796335e-01,2.6815727730283634e-01,2.7201634976512701e-01
3.6035156250000000e-01,5.7759163209221553e-01,2.8388351078336971e-01,2.9370812130884583e-01
3.6230468750000000e-01,6.1702794196302502e-01,3.0019304176967132e-01,3.1683490019335370e-01
3.6425781250000000e-01,6.5854457336739713e-01,3.1707988023191053e-01,3.4146469313548661e-01
3.6621093750000000e-01,7.0220174997674900e-01,3.3453536762756036e-01,3.6766638234918864e-01
3.6816406250000000e-01,7.4805755026478693e-01,3.5254804051116428e-01,3.9550950975362265e-01
3.7011718750000000e-01,7.9616754208999141e-01,3.7110350352953292e-01,4.2506403856045849e-01
3.7207031250000000e-01,8.4658440527003198e-01,3.9018431371248063e-01,4.5640009155755135e-01
3.7402343750000000e-01,8.9935754353713293e-01,4.0976987804456400e-01,4.8958766549256894e-01
3.7597656250000000e-01,9.5453268742471864e-01,4.2983636636437617e-01,5.2469632106034247e-01
3.7792968750000000e-01,1.0121514897957311e+00,4.5035664168213019e-01,5.6179484811360092e-01
3.7988281250000000e-01,1.0722511158797738e+00,4.7130021003115607e-01,6.0095090584861777e-01
3.8183593750000000e-01,1.1348638298389193e+00,4.9263319197129996e-01,6.4223063786761936e-01
3.8378906250000000e-01,1.2000165800281017e+00,5.1431831783963877e-01,6.8569826218846297e-01
3.8574218750000000e-01,1.2677305852547811e+00,5.3631494879307973e-01,7.3141563646170138e-01
3.8769531250000000e-01,1.3380209244714554e+00,5.5857912560598555e-01,7.7944179886546983e-01
3.8964843750000000e-01,1.4108961324530018e+00,5.8106364707104152e-01,8.2983248538196031e-01
3.9160156250000000e-01,1.4863578041158274e+00,6.0371817970068853e-01,8.8263962441513888e-01
3.9355468750000000e-01,1.5644002102271191e+00,6.2648940023753563e-01,9.3791080998958343e-01
3.9550781250000000e-01,1.6450099273270768e+00,6.4932117225329733e-01,9.9568875507377952e-01
3.9746093750000000e-01,1.7281654847449885e+00,6.7215475784614220e-01,1.0560107268988463e+00
3.9941406250000000e-01,1.8138370316282948e+00,6.9492906513410801e-01,1.1189079664941868e+00
4.0136718750000000e-01,1.9019860269223750e+00,7.1758093188889815e-01,1.1844050950334768e+00
4.0332031250000000e-01,1.9925649552353937e+00,7.4004544525904636e-01,1.2525195099763473e+00
4.0527343750000000e-01,2.0855170714972813e+00,7.6225629709710518e-01,1.3232607744001761e+00
4.0722656250000000e-01,2.1807761772724814e+00,7.8414617393376718e-01,1.3966300033387142e+00
4.0917968750000000e-01,2.2782664315132055e+00,8.0564718013681880e-01,1.4726192513763867e+00
4.1113281250000000e-01,2.3779021984413844e+00,8.2669129225883853e-01,1.5512109061825459e+00
4.1308593750000000e-01,2.4795879351252150e+00,8.4721084202120367e-01,1.6323770931040114e+00
4.1503906250000000e-01,2.5832181211673695e+00,8.6713902480843008e-01,1.7160790963589394e+00
4.1699218750000000e-01,2.6886772327493200e+00,8.8641042996741759e-01,1.8022668027819024e+00
4.1894531250000000e-01,2.7958397630777561e+00,9.0496158862538167e-01,1.8908781744523744e+00
4.2089843750000000e-01,2.9045702910579645e+00,9.2273153417391018e-01,1.9818387568840543e+00
4.2285156250000000e-01,3.0147235997733932e+00,9.3966237001955255e-01,2.0750612297538407e+00
4.2480468750000000e-01,3.1261448460842578e+00,9.5569983869200881e-01,2.1704450073922490e+00
4.2675781250000000e-01,3.2386697823696835e+00,9.7079388593447158e-01,2.2678758964352119e+00
4.2871093750000000e-01,3.3521250311321777e+00,9.8489921299733618e-01,2.3672258181348416e+00
4.3066406250000000e-01,3.4663284128588265e+00,9.9797581002106517e-01,2.4683526028377614e+00
4.3261718750000000e-01,3.5810893271956257e+00,1.0099894631464030e+00,2.5710998640492226e+00
4.3457031250000000e-01,3.6962091871393437e+00,1.0209122278355678e+00,2.6752969593037759e+00
4.3652343750000000e-01,3.8114819055908491e+00,1.0307228608428338e+00,2.7807590447480153e+00
4.3847656250000000e-01,3.9266944332444202e+00,1.0394072033427757e+00,2.8872872299016445e+00
4.4042968750000000e-01,4.0416273464150461e+00,1.0469585079199959e+00,2.9946688384950502e+00
4.4238281250000000e-01,4.1560554830302117e+00,1.0533777024502382e+00,3.1026777805799735e+00
4.4433593750000000e-01,4.2697486246409193e+00,1.0586735843642381e+00,3.2110750402766812e+00
4.4628906250000000e-01,4.3824722219377747e+00,1.0628629393821019e+00,3.3196092825556729e+00
4.4824218750000000e-01,4.4939881608989083e+00,1.0659705795399881e+00,3.4280175813589202e+00
4.5019531250000000e-01,4.6040555663473386e+00,1.0680292961915185e+00,3.5360262701558201e+00
4.5214843750000000e-01,4.7124316393629337e+00,1.0690797246548653e+00,3.6433519147080684e+00
4.5410156250000000e-01,4.8188725246775981e+00,1.0691701182736675e+00,3.7497024064039306e+00
4.5605468750000000e-01,4.9231342038889307e+00,1.0683560308590505e+00,3.8547781730298802e+00
4.5800781250000000e-01,5.0249734100558214e+00,1.0666999077599630e+00,3.9582735022958584e+00
4.5996093750000000e-01,5.1241485589981304e+00,1.0642705871537794e+00,4.0598779718443510e+00
4.6191406250000000e-01,5.2204206924074308e+00,1.0611427145330223e+00,4.1592779778744084e+00
4.6386718750000000e-01,5.3135544276956690e+00,1.0573960747678761e+00,4.2561583529277929e+00
4.6582031250000000e-01,5.4033189093603919e+00,1.0531148475168388e+00,4.3502040618435531e+00
4.6777343750000000e-01,5.4894887565359625e+00,1.0483867931177162e+00,4.4411019634182463e+00
4.6972656250000000e-01,5.5718450013262233e+00,1.0433023773864747e+00,4.5285426239397486e+00
4.7167968750000000e-01,5.6501760124819116e+00,1.0379538449564718e+00,4.6122221675254398e+00
4.7363281250000000e-01,5.7242783989913812e+00,1.0324342518813490e+00,4.6918441471100323e+00
4.7558593750000000e-01,5.7939578882027138e+00,1.0268364691690133e+00,4.7671214190337006e+00
4.7753906250000000e-01,5.8590301731825098e+00,1.0212521696961980e+00,4.8377780034863118e+00
4.7949218750000000e-01,5.9193217241474612e+00,1.0157708115465116e+00,4.9035509126009496e+00
4.8144531250000000e-01,5.9746705589737141e+00,1.0104786312065723e+00,4.9641919277671418e+00
4.8339843750000000e-01,6.0249269679999005e+00,1.0054576602260052e+00,5.0194693077738952e+00
4.8535156250000000e-01,6.0699541885860526e+00,1.0007847788938706e+00,5.0691694096921820e+00
4.8730468750000000e-01,6.1096290251762460e+00,9.9653082019949313e-01,5.1130982049767528e+00
4.8925781250000000e-01,6.1438424109295422e+00,9.9275973682534158e-01,5.1510826741042006e+00
4.9121093750000000e-01,6.1724999073366735e+00,9.8952784317804365e-01,5.1829720641586299e+00
4.9316406250000000e-01,6.1955221386182560e+00,9.8688314350124173e-01,5.2086389951170142e+00
4.9511718750000000e-01,6.2128451581080846e+00,9.8486475595019929e-01,5.2279804021578853e+00
4.9707031250000000e-01,6.2244207442535053e+00,9.8350244116376384e-01,5.2409183030897415e+00
4.9902343750000000e-01,6.2302166243155455e+00,9.8281624236198173e-01,5.2474003819535637e+00
5.0097656250000000e-01,6.2302166243155126e+00,9.8281624236196485e-01,5.2474003819535477e+00
5.0292968750000000e-01,6.2244207442534929e+00,9.8350244116375940e-01,5.2409183030897335e+00
5.0488281250000000e-01,6.2128451581080739e+00,9.8486475595018863e-01,5.2279804021578853e+00
5.0683593750000000e-01,6.1955221386182737e+00,9.8688314350125950e-01,5.2086389951170142e+00
5.0878906250000000e-01,6.1724999073366549e+00,9.8952784317805698e-01,5.1829720641585979e+00
5.1074218750000000e-01,6.1438424109295440e+00,9.9275973682534335e-01,5.1510826741042006e+00
5.1269531250000000e-01,6.1096290251762584e+00,9.9653082019948158e-01,5.1130982049767768e+00
5.1464843750000000e-01,6.0699541885860944e+00,1.0007847788938697e+00,5.0691694096922246e+00
5.1660156250000000e-01,6.0249269679998694e+00,1.0054576602259742e+00,5.0194693077738952e+00
5.1855468750000000e-01,5.9746705589737070e+00,1.0104786312065652e+00,4.9641919277671418e+00
5.2050781250000000e-01,5.9193217241474532e+00,1.0157708115465036e+00,4.9035509126009496e+00
5.2246093750000000e-01,5.8590301731825241e+00,1.0212521696961838e+00,4.8377780034863402e+00
5.2441406250000000e-01,5.7939578882026899e+00,1.0268364691689920e+00,4.7671214190336979e+00
5.2636718750000000e-01,5.7242783989913724e+00,1.0324342518813321e+00,4.6918441471100403e+00
5.2832031250000000e-01,5.6501760124819027e+00,1.0379538449564425e+00,4.6122221675254602e+00
5.3027343750000000e-01,5.5718450013262322e+00,1.0433023773864836e+00,4.5285426239397486e+00
5.3222656250000000e-01,5.4894887565359083e+00,1.0483867931176940e+00,4.4411019634182143e+00
5.3417968750000000e-01,5.4033189093603573e+00,1.0531148475168282e+00,4.3502040618435291e+00
5.3613281250000000e-01,5.3135544276956388e+00,1.0573960747678610e+00,4.2561583529277778e+00
5.3808593750000000e-01,5.2204206924074192e+00,1.0611427145330028e+00,4.1592779778744164e+00
5.4003906250000000e-01,5.1241485589980842e+00,1.0642705871537492e+00,4.0598779718443350e+00
5.4199218750000000e-01,5.0249734100557903e+00,1.0666999077599009e+00,3.9582735022958895e+00
5.4394531250000000e-01,4.9231342038889006e+00,1.0683560308590159e+00,3.8547781730298847e+00
5.4589843750000000e-01,4.8188725246775794e+00,1.0691701182736306e+00,3.7497024064039488e+00
5.4785156250000000e-01,4.7124316393628547e+00,1.0690797246548396e+00,3.6433519147080151e+00
5.4980468750000000e-01,4.6040555663472809e+00,1.0680292961914692e+00,3.5360262701558116e+00
5.5175781250000000e-01,4.4939881608988586e+00,1.0659705795399468e+00,3.4280175813589118e+00
5.5371093750000000e-01,4.3824722219377445e+00,1.0628629393820637e+00,3.3196092825556809e+00
5.5566406250000000e-01,4.2697486246408634e+00,1.0586735843641870e+00,3.2110750402766763e+00
5.5761718750000000e-01,4.1560554830301806e+00,1.0533777024502093e+00,3.1026777805799712e+00
5.5957031250000000e-01,4.0416273464150283e+00,1.0469585079199781e+00,2.9946688384950502e+00
5.6152343750000000e-01,3.9266944332444220e+00,1.0394072033427624e+00,2.8872872299016596e+00
5.6347656250000000e-01,3.8114819055908056e+00,1.0307228608428245e+00,2.7807590447479811e+00
5.6542968750000000e-01,3.6962091871393148e+00,1.0209122278355571e+00,2.6752969593037577e+00
5.6738281250000000e-01,3.5810893271956061e+00,1.0099894631463817e+00,2.5710998640492244e+00
5.6933593750000000e-01,3.4663284128588230e+00,9.9797581002106162e-01,2.4683526028377614e+00
5.7128906250000000e-01,3.3521250311321538e+00,9.8489921299732819e-01,2.3672258181348256e+00
5.7324218750000000e-01,3.2386697823696782e+00,9.7079388593446225e-01,2.2678758964352159e+00
5.7519531250000000e-01,3.1261448460842591e+00,9.5569983869201014e-01,2.1704450073922490e+00
5.7714843750000000e-01,3.0147235997734083e+00,9.3966237001956365e-01,2.0750612297538447e+00
5.7910156250000000e-01,2.9045702910579503e+00,9.2273153417390352e-01,1.9818387568840468e+00
5.8105468750000000e-01,2.7958397630777521e+00,9.0496158862537923e-01,1.8908781744523728e+00
5.8300781250000000e-01,2.6886772327493174e+00,8.8641042996742292e-01,1.8022668027818944e+00
5.8496093750000000e-01,2.5832181211673784e+00,8.6713902480842187e-01,1.7160790963589565e+00
5.8691406250000000e-01,2.4795879351252084e+00,8.4721084202119767e-01,1.6323770931040107e+00
5.8886718750000000e-01,2.3779021984413897e+00,8.2669129225884319e-01,1.5512109061825465e+00
5.9082031250000000e-01,2.2782664315132122e+00,8.0564718013681436e-01,1.4726192513763978e+00
5.9277343750000000e-01,2.1807761772724961e+00,7.8414617393376873e-01,1.3966300033387273e+00
5.9472656250000000e-01,2.0855170714972702e+00,7.6225629709709808e-01,1.3232607744001721e+00
5.9667968750000000e-01,1.9925649552353917e+00,7.4004544525904437e-01,1.2525195099763473e+00
5.9863281250000000e-01,1.9019860269223734e+00,7.1758093188889660e-01,1.1844050950334768e+00
6.0058593750000000e-01,1.8138370316283001e+00,6.9492906513410535e-01,1.1189079664941948e+00
6.0253906250000000e-01,1.7281654847449819e+00,6.7215475784613954e-01,1.0560107268988423e+00
6.0449218750000000e-01,1.6450099273270782e+00,6.4932117225329500e-01,9.9568875507378318e-01
6.0644531250000000e-01,1.5644002102271251e+00,6.2648940023754152e-01,9.3791080998958354e-01
6.0839843750000000e-01,1.4863578041158383e+00,6.0371817970069619e-01,8.8263962441514210e-01
6.1035156250000000e-01,1.4108961324529956e+00,5.8106364707103664e-01,8.2983248538195897e-01
6.1230468750000000e-01,1.3380209244714543e+00,5.5857912560598444e-01,7.7944179886546983e-01
6.1425781250000000e-01,1.2677305852547816e+00,5.3631494879308017e-01,7.3141563646170138e-01
6.1621093750000000e-01,1.2000165800281095e+00,5.1431831783964554e-01,6.8569826218846397e-01
6.1816406250000000e-01,1.1348638298389195e+00,4.9263319197130118e-01,6.4223063786761836e-01
6.2011718750000000e-01,1.0722511158797778e+00,4.7130021003115707e-01,6.0095090584862076e-01
6.2207031250000000e-01,1.0121514897957364e+00,4.5035664168213252e-01,5.6179484811360392e-01
6.2402343750000000e-01,9.5453268742472763e-01,4.2983636636437994e-01,5.2469632106034769e-01
6.2597656250000000e-01,8.9935754353713249e-01,4.0976987804456355e-01,4.8958766549256894e-01
6.2792968750000000e-01,8.4658440527003354e-01,3.9018431371248219e-01,4.5640009155755135e-01
6.2988281250000000e-01,7.9616754208999430e-01,3.7110350352953481e-01,4.2506403856045949e-01
6.3183593750000000e-01,7.4805755026479270e-01,3.5254804051116745e-01,3.9550950975362525e-01
6.3378906250000000e-01,7.0220174997674978e-01,3.3453536762756114e-01,3.6766638234918864e-01
6.3574218750000000e-01,6.5854457336740013e-01,3.1707988023191269e-01,3.4146469313548744e-01
6.3769531250000000e-01,6.1702794196302813e-01,3.0019304176967276e-01,3.1683490019335536e-01
6.3964843750000000e-01,5.7759163209222020e-01,2.8388351078337337e-01,2.9370812130884683e-01
6.4160156250000000e-01,5.4017362706796102e-01,2.6815727730283451e-01,2.7201634976512651e-01
6.4355468750000000e-01,5.0471045506728340e-01,2.5301780679767905e-01,2.5169264826960436e-01
6.4550781250000000e-01,4.7113751179919766e-01,2.3846618996535671e-01,2.3267132183384096e-01
6.4746093750000000e-01,4.3938936720617094e-01,2.2450129673198460e-01,2.1488807047418634e-01
6.4941406250000000e-01,4.0940005559401665e-01,2.1111993295224782e-01,1.9828012264176884e-01
6.5136718750000000e-01,3.8110334872943136e-01,1.9831699840769740e-01,1.8278635032173396e-01
6.5332031250000000e-01,3.5443301158229901e-01,1.8608564481757203e-01,1.6834736676472697e-01
6.5527343750000000e-01,3.2932304052095523e-01,1.7441743269197801e-01,1.5490560782897722e-01
6.5722656250000000e-01,3.0570788389193693e-01,1.6330248597225250e-01,1.4240539791968443e-01
6.5917968750000000e-01,2.8352264503118096e-01,1.5272964351677529e-01,1.3079300151440568e-01
6.6113281250000000e-01,2.6270326786048409e-01,1.4268660660129434e-01,1.2001666125918974e-01
6.6308593750000000e-01,2.4318670532140230e-01,1.3316008171031654e-01,1.1002662361108576e-01
6.6503906250000000e-01,2.2491107098807867e-01,1.2413591799958333e-01,1.0077515298849533e-01
6.6699218750000000e-01,2.0781577428099895e-01,1.1559923890849678e-01,9.2216535372502170e-02
6.6894531250000000e-01,1.9184163977514293e-01,1.0753456749525420e-01,8.4307072279888734e-02
6.7089843750000000e-01,1.7693101115872770e-01,9.9925945155998702e-02,7.7005066002728995e-02
6.7285156250000000e-01,1.6302784045266233e-01,9.2757043472191089e-02,7.0270796980471242e-02
6.7480468750000000e-01,1.5007776314638760e-01,8.6011269007599617e-02,6.4066494138787983e-02
6.7675781250000000e-01,1.3802815994303694e-01,7.9671860947552020e-02,5.8356298995484918e-02
6.7871093750000000e-01,1.2682820583638685e-01,7.3721981538483361e-02,5.3106224297903480e-02
6.8066406250000000e-01,1.1642890726400229e-01,6.8144799345265794e-02,4.8284107918736496e-02
6.8261718750000000e-01,1.0678312809594863e-01,6.2923565397429548e-02,4.3859562698519088e-02
6.8457031250000000e-01,9.7845605226723531e-02,5.8041682343270846e-02,3.9803922883452685e-02
6.8652343750000000e-01,8.9572954540262539e-02,5.3482766773192220e-02,3.6090187767070320e-02
6.8847656250000000e-01,8.1923668014342269e-02,4.9230704910491696e-02,3.2692963103850572e-02
6.9042968750000000e-01,7.4858102722067540e-02,4.5269701899601403e-02,2.9588400822466134e-02
6.9238281250000000e-01,6.8338462474765688e-02,4.1584324948490826e-02,2.6754137526274861e-02
6.9433593750000000e-01,6.2328772833140658e-02,3.8159540604071319e-02,2.4169232229069339e-02
6.9628906250000000e-01,5.6794850192340686e-02,3.4980746457038248e-02,2.1814103735302442e-02
6.9824218750000000e-01,5.1704265622246517e-02,3.2033797586090630e-02,1.9670468036155887e-02
7.0019531250000000e-01,4.7026304117195099e-02,2.9305028061077116e-02,1.7721276056117983e-02
7.0214843750000000e-01,4.2731919880023825e-02,2.6781267830687780e-02,1.5950652049336045e-02
7.0410156250000000e-01,3.8793688234140429e-02,2.4449855323086134e-02,1.4343832911054295e-02
7.0605468750000000e-01,3.5185754724748386e-02,2.2298646087715594e-02,1.2887108637032792e-02
7.0800781250000000e-01,3.1883781936731297e-02,2.0316017803653667e-02,1.1567764133077630e-02
7.0996093750000000e-01,2.8864894522434230e-02,1.8490871974670701e-02,1.0374022547763529e-02
7.1191406250000000e-01,2.6107622897957775e-02,1.6812632623826446e-02,9.2949902741313283e-03
7.1386718750000000e-01,2.3591846031949325e-02,1.5271242291297634e-02,8.3206037406516904e-03
7.1582031250000000e-01,2.1298733716487241e-02,1.3857155628435668e-02,7.4415780880515746e-03
7.1777343750000000e-01,1.9210688675777694e-02,1.2561330869060250e-02,6.6493578067174444e-03
7.1972656250000000e-01,1.7311288835222063e-02,1.1375219445933383e-02,5.9360693892886798e-03
7.2167968750000000e-01,1.5585230041178625e-02,1.0290754006466393e-02,5.2944760347122333e-03
7.2363281250000000e-01,1.4018269490584786e-02,9.3003350671850265e-03,4.7179344233997597e-03
7.2558593750000000e-01,1.2597170099686738e-02,8.3968165315267788e-03,4.2003535681599587e-03
7.2753906250000000e-01,1.1309646012537269e-02,7.5734902803294632e-03,3.7361557322078062e-03
7.2949218750000000e-01,1.0144309422781363e-02,6.8240700290686691e-03,3.3202393937126935e-03
7.3144531250000000e-01,9.0906188566112160e-03,6.1426746306489670e-03,2.9479442259622490e-03
7.3339843750000000e-01,8.1388290406984899e-03,5.5238109874884839e-03,2.6150180532100060e-03
7.3535156250000000e-01,7.2799424564242059e-03,4.9623567218645050e-03,2.3175857345597009e-03
7.3730468750000000e-01,6.5056626608497557e-03,4.4535427391166199e-03,2.0521199217331362e-03
7.3925781250000000e-01,5.8083494355955787e-03,3.9929358044107598e-03,1.8154136311848189e-03
7.4121093750000000e-01,5.1809758071125036e-03,3.5764212404305611e-03,1.6045545666819425e-03
7.4316406250000000e-01,4.6170869657065758e-03,3.2001858406323930e-03,1.4169011250741827e-03
7.4511718750000000e-01,4.1107610960820001e-03,2.8607010806285015e-03,1.2500600154534984e-03
7.4707031250000000e-01,3.6565721190445011e-03,2.5547066988786506e-03,1.1018654201658505e-03
7.4902343750000000e-01,3.2495543323088822e-03,2.2791947072013084e-03,9.7035962510757373e-04
7.5097656250000000e-01,2.8851689280130848e-03,2.0313938816719996e-03,8.5377504634108503e-04
7.5292968750000000e-01,2.5592723554936909e-03,1.8087547752665247e-03,7.5051758022716614e-04
7.5488281250000000e-01,2.2680864900498673e-03,1.6089352851255227e-03,6.5915120492434449e-04
7.5683593750000000e-01,2.0081705617442814e-03,1.4297867995579005e-03,5.7838376218638098e-04
7.5878906250000000e-01,1.7763947926806086e-03,1.2693409428458221e-03,5.0705384983478657e-04
7.6074218750000000e-01,1.5699156865849892e-03,1.1257969295455214e-03,4.4411875703946792e-04
7.6269531250000000e-01,1.3861529108238212e-03,9.9750953426938995e-04,3.8864337655443128e-04
7.6464843750000000e-01,1.2227677081389143e-03,8.8297767785991605e-04,3.3979003027899819e-04
7.6660156250000000e-01,1.0776427732966040e-03,7.8083362639177198e-04,2.9680914690483203e-04
7.6855468750000000e-01,9.4886352845909721e-04,6.8983279553384846e-04,2.5903073292524880e-04
7.7050781250000000e-01,8.3470073032224622e-04,6.0884414943204930e-04,2.2585658089019692e-04
7.7246093750000000e-01,7.3359434185816771e-04,5.3684118040220384e-04,1.9675316145596384e-04
7.7441406250000000e-01,6.4413860178769730e-04,4.7289345331322382e-04,1.7124514847447348e-04
7.7636718750000000e-01,5.6506822562681449e-04,4.1615869655850643e-04,1.4890952906830804e-04
7.7832031250000000e-01,4.9524567324450502e-04,3.6587541992239936e-04,1.2937025332210566e-04
7.8027343750000000e-01,4.3364941928389708e-04,3.2135603841353111e-04,1.1229338087036594e-04
7.8222656250000000e-01,3.7936316448314392e-04,2.8198048022372080e-04,9.7382684259423127e-05
7.8417968750000000e-01,3.3156592784171224e-04,2.4719025634733599e-04,8.4375671494376234e-05
7.8613281250000000e-01,2.8952296166830040e-04,2.1648296902970245e-04,7.3039992638597936e-05
7.8808593750000000e-01,2.5257743378023529e-04,1.8940723607485226e-04,6.3170197705383010e-05
7.9003906250000000e-01,2.2014282346499779e-04,1.6555800810394504e-04,5.4584815361052741e-05
7.9199218750000000e-01,1.9169598023117040e-04,1.4457225608984896e-04,4.7123724141321440e-05
7.9394531250000000e-01,1.6677079683980047e-04,1.2612500687578343e-04,4.0645789964017047e-05
7.9589843750000000e-01,1.4495245059293379e-04,1.0992570489378321e-04,3.5026745699150574e-05
7.9785156250000000e-01,1.2587216934145231e-04,9.5714878910875380e-05,3.0157290430576930e-05
7.9980468750000000e-01,1.0920248114018913e-04,8.3261093328118509e-05,2.5941387812070629e-05
8.0175781250000000e-01,9.4652908907742202e-05,7.2358164322387634e-05,2.2294744585354568e-05
8.0371093750000000e-01,8.1966073827445304e-05,6.2822621937341934e-05,1.9143451890103376e-05
8.0566406250000000e-01,7.0914173542496595e-05,5.4491400084077390e-05,1.6422773458419209e-05
8.0761718750000000e-01,6.1295803442670835e-05,4.7219737291092975e-05,1.4076066151577860e-05
8.0957031250000000e-01,5.2933091504347898e-05,4.0879271936154705e-05,1.2053819568193196e-05
8.1152343750000000e-01,4.5669119223766797e-05,3.5356316589836437e-05,1.0312802633930358e-05
8.1347656250000000e-01,3.9365603170799799e-05,3.0550296993445703e-05,8.8153061773540979e-06
8.1542968750000000e-01,3.3900813584060809e-05,2.6372342075595078e-05,7.5284715084657322e-06
8.1738281250000000e-01,2.9167708225827617e-05,2.2744012275724780e-05,6.4236959501028390e-06
8.1933593750000000e-01,2.5072261416301891e-05,1.9596154284419950e-05,5.4761071318819406e-06
8.2128906250000000e-01,2.1531969771209287e-05,1.6867871125234511e-05,4.6640986459747757e-06
8.2324218750000000e-01,1.8474517675637955e-05,1.4505597287687779e-05,3.9689203879501776e-06
8.2519531250000000e-01,1.5836586941919352e-05,1.2462269373602143e-05,3.3743175683172081e-06
8.2714843750000000e-01,1.3562796422505276e-05,1.0696583437162878e-05,2.8662129853423980e-06
8.2910156250000000e-01,1.1604758582854655e-05,9.1723308817404668e-06,2.4324277011141875e-06
8.3105468750000000e-01,9.9202411874078920e-06,7.8578054229015496e-06,2.0624357645063424e-06
8.3300781250000000e-01,8.4724233171541890e-06,6.7252742368573667e-06,1.7471490802968223e-06
8.3496093750000000e-01,7.2292359237107862e-06,5.7505069869799188e-06,1.4787289367308673e-06
8.3691406250000000e-01,6.1627780359797424e-06,4.9123569583843968e-06,1.2504210775953452e-06
8.3886718750000000e-01,5.2488005752092643e-06,4.1923890326615868e-06,1.0564115425476776e-06
8.4082031250000000e-01,4.4662505065702604e-06,3.5745497025815206e-06,8.9170080398873989e-07
8.4277343750000000e-01,3.7968687640966420e-06,3.0448747611188291e-06,7.5199400297781305e-07
8.4472656250000000e-01,3.2248360349151103e-06,2.5912307017367265e-06,6.3360533317838390e-07
8.4667968750000000e-01,2.7364610819419122e-06,2.2030862389023785e-06,5.3337484303953353e-07
8.4863281250000000e-01,2.3199068253832541e-06,1.8713107007474730e-06,4.4859612463578113e-07
8.5058593750000000e-01,1.9649498960741727e-06,1.5879963611540553e-06,3.7695353492011744e-07
8.5253906250000000e-01,1.6627698214197513e-06,1.3463020678734635e-06,3.1646775354628779e-07
8.5449218750000000e-01,1.4057644108203919e-06,1.1403157881292913e-06,2.6544862269110055e-07
8.5644531250000000e-01,1.1873882751680075e-06,9.6493393505056091e-07,2.2245434011744665e-07
8.5839843750000000e-01,1.0020117473359928e-06,8.1575555874679954e-07,1.8625618858919330e-07
8.6035156250000000e-01,8.4479777042843329e-07,6.8898968635077821e-07,1.5580808407765508e-07
8.6230468750000000e-01,7.1159459061676223e-07,5.8137427735358271e-07,1.3022031326317950e-07
8.6425781250000000e-01,5.9884233421994918e-07,4.9010542542087115e-07,1.0873690879907806e-07
8.6621093750000000e-01,5.0349176666119955e-07,4.1277558693283998e-07,9.0716179728359559e-08
8.6816406250000000e-01,4.2293372628065267e-07,3.4731975099257148e-07,7.5613975288081206e-08
8.7011718750000000e-01,3.5493790076653261e-07,2.9196858679307260e-07,6.2969313973460036e-08
8.7207031250000000e-01,2.9759977010056211e-07,2.4520771314888830e-07,5.2392056951673804e-08
8.7402343750000000e-01,2.4929467916744445e-07,2.0574233274275851e-07,4.3552346424685925e-08
8.7597656250000000e-01,2.0863812718355379e-07,1.7246656120212128e-07,3.6171565981432517e-08
8.7792968750000000e-01,1.7445147135653993e-07,1.4443685942872655e-07,3.0014611927813387e-08
8.7988281250000000e-01,1.4573234007004988e-07,1.2084904751578312e-07,2.4883292554266748e-08
8.8183593750000000e-01,1.2162913765420963e-07,1.0101844089664194e-07,2.0610696757567687e-08
8.8378906250000000e-01,1.0141909960028635e-07,8.4362704811260414e-08,1.7056394789025941e-08
8.8574218750000000e-01,8.4489424952234372e-08,7.0387072428063032e-08,1.4102352524171337e-08
8.8769531250000000e-01,7.0321072507594984e-08,5.8671615639899706e-08,1.1649456867695276e-08
8.8964843750000000e-01,5.8474860245944487e-08,4.8860296232061806e-08,9.6145640138826785e-09
8.9160156250000000e-01,4.8579553852802011e-08,4.0651559316566263e-08,7.9279945362357484e-09
8.9355468750000000e-01,4.0321671023068135e-08,3.3790261112862184e-08,6.5314099102059486e-09
8.9550781250000000e-01,3.3436764043267463e-08,2.8060749760097276e-08,5.3760142831701883e-09
8.9746093750000000e-01,2.7701974534936952e-08,2.3280941259364003e-08,4.4210332755729473e-09
8.9941406250000000e-01,2.2929681702687103e-08,1.9297253217816559e-08,3.6324284848705444e-09
9.0136718750000000e-01,1.8962089426829219e-08,1.5980277117832084e-08,2.9818123089971343e-09
9.0332031250000000e-01,1.5666618480471000e-08,1.3221085649337771e-08,2.4455328311332299e-09
9.0527343750000000e-01,1.2931988399143677e-08,1.0928085478926705e-08,2.0039029202169718e-09
9.0722656250000000e-01,1.0664889411922824e-08,9.0243379156923793e-09,1.6405514962304442e-09
9.0917968750000000e-01,8.7871586452580528e-09,7.4452804768765249e-09,1.3418781683815277e-09
9.1113281250000000e-01,7.2333867904435536e-09,6.1367915404101721e-09,1.0965952500333813e-09
9.1308593750000000e-01,5.9488918097799990e-09,5.0535482602114711e-09,8.9534354956852804e-10
9.1503906250000000e-01,4.8880052456885970e-09,4.1576348595186115e-09,7.3037038616998545e-10
9.1699218750000000e-01,4.0126244685774371e-09,3.4173644370891905e-09,5.9526003148824661e-10
9.1894531250000000e-01,3.2909909093498292e-09,2.8062826355386730e-09,4.8470827381115611e-10
9.2089843750000000e-01,2.6966601085940576e-09,2.3023260319517547e-09,3.9433407664230293e-10
9.2285156250000000e-01,2.2076343975196587e-09,1.8871120078248274e-09,3.2052238969483120e-10
9.2480468750000000e-01,1.8056333116129167e-09,1.5453402174222249e-09,2.6029309419069189e-10
9.2675781250000000e-01,1.4754805196189868e-09,1.2642886702984929e-09,2.1119184932049374e-10
9.2871093750000000e-01,1.2045892090277735e-09,1.0333899361571298e-09,1.7119927287064364e-10
9.3066406250000000e-01,9.8253057565350173e-10,8.4387512197054105e-10,1.3865545368296071e-10
9.3261718750000000e-01,8.0067238098525332e-10,6.8847510930270599e-10,1.1219727168254729e-10
9.3457031250000000e-01,6.5187652057440532e-10,5.6117011507545473e-10,9.0706405498950578e-11
9.3652343750000000e-01,5.3024623661055755e-10,4.5697998740616629e-10,7.3266249204391259e-11
9.3847656250000000e-01,4.3091504863780188e-10,3.7178880081816491e-10,5.9126247819636989e-11
9.4042968750000000e-01,3.4987070328627392e-10,3.0219829923157168e-10,4.7672404054702236e-11
9.4238281250000000e-01,2.8380848741139894e-10,2.4540557426304951e-10,3.8402913148349433e-11
9.4433593750000000e-01,2.3000913548204368e-10,1.9910108095234565e-10,3.0908054529698024e-11
9.4628906250000000e-01,1.8623731416769146e-10,1.6138370080586123e-10,2.4853613361830244e-11
9.4824218750000000e-01,1.5065730443289969e-10,1.3069007832186419e-10,1.9967226111035505e-11
9.5019531250000000e-01,1.2176304091265758e-10,1.0573589516547782e-10,1.6027145747179760e-11
9.5214843750000000e-01,9.8320124403382998e-11,8.5467117299098299e-11,1.2853007104284694e-11
9.5410156250000000e-01,7.9317808395251006e-11,6.9019564463908496e-11,1.0298243931342505e-11
9.5605468750000000e-01,6.3929285349324034e-11,5.5685416891897253e-11,8.2438684574267822e-12
9.5800781250000000e-01,5.1478872008359605e-11,4.4885498251384917e-11,6.5933737569746843e-12
9.5996093750000000e-01,4.1414923219173795e-11,3.6146362804320901e-11,5.2685604148528924e-12
9.6191406250000000e-01,3.3287497191133798e-11,2.9081373897704421e-11,4.2061232934293778e-12
9.6386718750000000e-01,2.6729957491967552e-11,2.3375094769669503e-11,3.3548627222980493e-12
9.6582031250000000e-01,2.1443833217019847e-11,1.8770425102752146e-11,2.6734081142677021e-12
9.6777343750000000e-01,1.7186372766152536e-11,1.5058011109702593e-11,2.1283616564499434e-12
9.6972656250000000e-01,1.3760322008439531e-11,1.2067536005789572e-11,1.6927860026499589e-12
9.7167968750000000e-01,1.1005537263106958e-11,9.6605638984724733e-12,1.3449733646344846e-12
9.7363281250000000e-01,8.7921099771029825e-12,7.7246654412524457e-12,1.0674445358505372e-12
9.7558593750000000e-01,7.0147353499528994e-12,6.1685997744478134e-12,8.4613557550508579e-13
9.7753906250000000e-01,5.5881032303193786e-12,4.9183657678192606e-12,6.6973746250011792e-13
9.7949218750000000e-01,4.4431278906318967e-12,3.9139676186896447e-12,5.2916027194225174e-13
9.8144531250000000e-01,3.5238650423736007e-12,3.1067664820053305e-12,4.1709856036827023e-13
9.8339843750000000e-01,2.7849907485187165e-12,2.4573118890085646e-12,3.2767885951015171e-13
9.8535156250000000e-01,2.1897386124132619e-12,1.9335649823065717e-12,2.5617363010669032e-13
9.8730468750000000e-01,1.7082095191233888e-12,1.5094406715491944e-12,1.9876884757419432e-13
9.8925781250000000e-01,1.3159828967942236e-12,1.1636082086673167e-12,1.5237468812690702e-13
9.9121093750000000e-01,9.9297046716074737e-13,8.7849982124816708e-13,1.1447064591258034e-13
9.9316406250000000e-01,7.2246319138274263e-13,6.3948527985919237e-13,8.2977911523550279e-14
9.9511718750000000e-01,4.9032993832598140e-13,4.3417689943595249e-13,5.6153038890028904e-14
9.9707031250000000e-01,2.8433258972018648e-13,2.5183472116413378e-13,3.2497868556052716e-14
9.9902343750000000e-01,9.3527075551277820e-14,8.2845677238318954e-14,1.0681398312958870e-14
