case,cell,x,psi0,v0,u0,psi_final,v_final,u_final,ratio_final,fickian_ref
P2b,1,0.0009765625,1.592210207341625e-33,0,1.592210207341625e-33,6.061031000965788e-08,3.943320811645768e-11,6.057087680154142e-08,0.00065060231683643,5.8620548243408e-08
P2b,2,0.0029296875,2.924403403316695e-33,0,2.924403403316695e-33,6.189545750750499e-08,4.035684500460078e-11,6.18551006625004e-08,0.0006520162646783473,5.987167671422314e-08
P2b,3,0.0048828125,5.358444276976007e-33,0,5.358444276976007e-33,6.449000601909881e-08,4.222370039747282e-11,6.444778231870133e-08,0.0006547324617238864,6.239769044050123e-08
P2b,4,0.0068359375,9.79500626733825e-33,0,9.79500626733825e-33,6.844286014566788e-08,4.507330701018497e-11,6.839778683865769e-08,0.0006585538201392348,6.624649464763556e-08
P2b,5,0.0087890625,1.786221361867457e-32,0,1.786221361867457e-32,7.382837615747625e-08,4.896589367529973e-11,7.377941026380095e-08,0.000663239478149367,7.149093170624067e-08
P2b,6,0.0107421875,3.249603702238553e-32,0,3.249603702238553e-32,8.074757653946304e-08,5.398351809217916e-11,8.069359302137087e-08,0.0006685466041918458,7.822997772724564e-08
P2b,7,0.0126953125,5.897800583113055e-32,0,5.897800583113055e-32,8.932979506558992e-08,6.023160580441046e-11,8.926956345978551e-08,0.0006742610991124039,8.659036345556871e-08
P2b,8,0.0146484375,1.067860023550038e-31,0,1.067860023550038e-31,9.97347747632685e-08,6.784092046044526e-11,9.966693384280805e-08,0.000680213301944815,9.672864161069449e-08
P2b,9,0.0166015625,1.928870780820615e-31,0,1.928870780820615e-31,1.121552471596614e-07,7.696999730961563e-11,1.120782771623517e-07,0.0006862808406997053,1.088337287975663e-07
P2b,10,0.0185546875,3.475813785261701e-31,0,3.475813785261701e-31,1.268200275298638e-07,8.780807921550981e-11,1.267322194506483e-07,0.0006923833792326895,1.231299563826804e-07
P2b,11,0.0205078125,6.24848065502078e-31,0,6.24848065502078e-31,1.439976675569387e-07,1.005786023268772e-10,1.438970889546119e-07,0.000698473829703575,1.398806713618608e-07
P2b,12,0.0224609375,1.120616258516674e-30,0,1.120616258516674e-30,1.640007139318715e-07,1.155432870349028e-10,1.638851706448366e-07,0.0007045291710309343,1.593924353039453e-07
P2b,13,0.0244140625,2.004951954867461e-30,0,2.004951954867461e-30,1.87190629036926e-07,1.330068990731291e-10,1.870576221378529e-07,0.0007105425082304283,1.820198770075024e-07
P2b,14,0.0263671875,3.578619977779841e-30,0,3.578619977779841e-30,2.139834380410363e-07,1.533227556984742e-10,2.138301152853378e-07,0.0007165169281422191,2.081712626278056e-07
P2b,15,0.0283203125,6.372234585716762e-30,0,6.372234585716762e-30,2.448561755668099e-07,1.768990629531932e-10,2.446792765038567e-07,0.0007224611041305989,2.383148557944606e-07
P2b,16,0.0302734375,1.13196367392644e-29,0,1.13196367392644e-29,2.803542146455517e-07,2.042061821828317e-10,2.801500084633689e-07,0.000728386346682917,2.729861497260664e-07
P2b,17,0.0322265625,2.006031673784663e-29,0,2.006031673784663e-29,3.210995710439942e-07,2.357849374194516e-10,3.208637861065747e-07,0.0007343047412142026,3.127960636414579e-07
P2b,18,0.0341796875,3.546562707396826e-29,0,3.546562707396826e-29,3.678002873135642e-07,2.722560900907236e-10,3.675280312234735e-07,0.0007402280516943006,3.584402069565056e-07
P2b,19,0.0361328125,6.25521240673322e-29,0,6.25521240673322e-29,4.212610131747316e-07,3.143311239550712e-10,4.209466820507766e-07,0.0007461671365840166,4.107093269356155e-07
P2b,20,0.0380859375,1.100629226916196e-28,0,1.100629226916196e-28,4.823949122056568e-07,3.62824501377731e-10,4.820320877042791e-07,0.000752131691685525,4.705010687381484e-07
P2b,21,0.0400390625,1.931988700961572e-28,0,1.931988700961572e-28,5.522370393624447e-07,4.186675722555449e-10,5.518183717901892e-07,0.0007581301912289237,5.388331912680079e-07
P2b,22,0.0419921875,3.383239046149875e-28,0,3.383239046149875e-28,6.319593497307943e-07,4.829243392909236e-10,6.314764253915033e-07,0.0007641699414632327,6.168583980125901e-07
P2b,23,0.0439453125,5.910515327055671e-28,0,5.910515327055671e-28,7.228875162154872e-07,5.568093081494774e-10,7.223307069073377e-07,0.0007702571916921814,7.058809592644759e-07
P2b,24,0.0458984375,1.030107555606283e-27,0,1.030107555606283e-27,8.265197527420939e-07,6.417076785744105e-10,8.258780450635195e-07,0.0007763972687228058,8.073753208826269e-07
P2b,25,0.0478515625,1.791036178826217e-27,0,1.791036178826217e-27,9.445478601091068e-07,7.391981630610099e-10,9.438086619460459e-07,0.0007825947146559873,9.230069152038487e-07
P2b,26,0.0498046875,3.106638398984925e-27,0,3.106638398984925e-27,1.07888073403106e-06,8.510787535293964e-10,1.078029655277531e-06,0.0007888534169569242,1.054655412002241e-06
P2b,27,0.0517578125,5.375781575737859e-27,0,5.375781575737859e-27,1.23167059930493e-06,9.793957939139017e-10,1.230691203511016e-06,0.0007951767253895685,1.204440671664938e-06
P2b,28,0.0537109375,9.280194624306191e-27,0,9.280194624306191e-27,1.405342260572607e-06,1.126476758083772e-09,1.404215783814523e-06,0.0008015675538176649,1.374751689165889e-06
P2b,29,0.0556640625,1.598222040008038e-26,0,1.598222040008038e-26,1.602625689009715e-06,1.294967178426705e-09,1.601330721831288e-06,0.0008080284668510983,1.568278846143702e-06
P2b,30,0.0576171875,2.745880973357791e-26,0,2.745880973357791e-26,1.826592295622798e-06,1.487872221202049e-09,1.825104423401596e-06,0.0008145617523776657,1.788049819601808e-06
P2b,31,0.0595703125,4.70642195608712e-26,0,4.70642195608712e-26,2.0806952758692e-06,1.708603460882306e-09,2.078986672408318e-06,0.0008211694815179246,2.037469529635657e-06
P2b,32,0.0615234375,8.047566541030962e-26,0,8.047566541030962e-26,2.368814447222773e-06,1.961031467665995e-09,2.366853415755107e-06,0.0008278535577006179,2.320364545347848e-06
P2b,33,0.0634765625,1.372786034759192e-25,0,1.372786034759192e-25,2.695306041298749e-06,2.249544890724951e-09,2.693056496408024e-06,0.0008346157565249975,2.641032407943281e-06
P2b,34,0.0654296875,2.336176709467311e-25,0,2.336176709467311e-25,3.065057955437396e-06,2.579116795151399e-09,3.062478838642245e-06,0.0008414577579442047,3.004296373116581e-06
P2b,35,0.0673828125,3.966186104113067e-25,0,3.966186104113067e-25,3.483551015452134e-06,2.955379093653523e-09,3.48059563635848e-06,0.0008483811721270116,3.415566121477491e-06
P2b,36,0.0693359375,6.717459373982284e-25,0,6.717459373982284e-25,3.95692685180641e-06,3.384706005524748e-09,3.953542145800886e-06,0.0008553875601666903,3.880905036138853e-06
P2b,37,0.0712890625,1.135014918307608e-24,0,1.135014918307608e-24,4.492063046036886e-06,3.8743075760491e-09,4.488188738460837e-06,0.000862478450623528,4.407104700958543e-06
P2b,38,0.0732421875,1.91321004459184e-24,0,1.91321004459184e-24,5.096656263038167e-06,4.43233440013383e-09,5.092223928638032e-06,0.0008696553527217219,5.001767331531016e-06
P2b,39,0.0751953125,3.217275828226994e-24,0,3.217275828226994e-24,5.779314148125033e-06,5.067994815472868e-09,5.77424615330956e-06,0.0008769197668752897,5.673396914124872e-06
P2b,40,0.0771484375,5.39732414501596e-24,0,5.39732414501596e-24,6.549656835857284e-06,5.791685963904498e-09,6.54386514989338e-06,0.000884273193092631,6.431499895624956e-06
P2b,41,0.0791015625,9.033026148280529e-24,0,9.033026148280529e-24,7.418428990722055e-06,6.615140265867422e-09,7.411813850456188e-06,0.0008917171377040508,7.286696340433902e-06
P2b,42,0.0810546875,1.508177977728797e-23,0,1.508177977728797e-23,8.397623378196872e-06,7.551589013092883e-09,8.390071789183779e-06,0.0008992531187692239,8.25084254849687e-06
P2b,43,0.0830078125,2.51209745658745e-23,0,2.51209745658745e-23,9.500617048746121e-06,8.615944960087629e-09,9.492001103786033e-06,0.000906882670449784,9.337166212416057e-06
P2b,44,0.0849609375,4.174312264850489e-23,0,4.174312264850489e-23,1.074232130721977e-05,9.825005986841721e-09,1.073249630123293e-05,0.0009146073465740094,1.056041528130659e-05
P2b,45,0.0869140625,6.919870153076411e-23,0,6.919870153076411e-23,1.213934673621404e-05,1.119768211490054e-08,1.212814905409914e-05,0.0009224287235733757,1.19370217948977e-05
P2b,46,0.0888671875,1.144393857064587e-22,0,1.144393857064587e-22,1.371018464450663e-05,1.275524838793367e-08,1.369742939611869e-05,0.0009303484029330282,1.348528205369413e-05
P2b,47,0.0908203125,1.888068087694906e-22,0,1.888068087694906e-22,1.547540642098085e-05,1.452162637777111e-08,1.546088479460308e-05,0.0009383680132680298,1.522555460006566e-05
P2b,48,0.0927734375,3.10759452037034e-22,0,3.10759452037034e-22,1.745788239078507e-05,1.652369734922027e-08,1.744135869343585e-05,0.0009464892121132689,1.718047760121322e-05
P2b,49,0.0947265625,5.102647921692477e-22,0,5.102647921692477e-22,1.968302189411262e-05,1.879165041359282e-08,1.966423024369902e-05,0.0009547136874960031,1.937520734834222e-05
P2b,50,0.0966796875,8.358559169228236e-22,0,8.358559169228236e-22,2.217903643919979e-05,2.135936932363325e-08,2.215767706987616e-05,0.0009630431593449281,2.183767971732626e-05
P2b,51,0.0986328125,1.365940556895315e-21,0,1.365940556895315e-21,2.497722792018052e-05,2.426486191344862e-08,2.495296305826707e-05,0.0009714793807780268,2.459889657492406e-05
P2b,52,0.1005859375,2.226879618098004e-21,0,2.226879618098004e-21,2.811230403754563e-05,2.755073656819873e-08,2.808475330097743e-05,0.0009800241393022467,2.769323926145555e-05
P2b,53,0.1025390625,3.621814823043536e-21,0,3.621814823043536e-21,3.162272321435377e-05,3.126473052194617e-08,3.159145848383182e-05,0.0009886792579506529,3.115881143597794e-05
P2b,54,0.1044921875,5.876521164431974e-21,0,5.876521164431974e-21,3.555107146522822e-05,3.546029523056022e-08,3.551561116999766e-05,0.0009974465963773613,3.503781373362204e-05
P2b,55,0.1064453125,9.512155223009021e-21,0,9.512155223009021e-21,3.994447384772072e-05,4.019724455238518e-08,3.990427660316834e-05,0.001006328051925983,3.937695285703098e-05
P2b,56,0.1083984375,1.536038545145677e-20,0,1.536038545145677e-20,4.485504330697032e-05,4.554247199515288e-08,4.480950083497517e-05,0.001015325560683958,4.422788790492417e-05
P2b,57,0.1103515625,2.474513688229073e-20,0,2.474513688229073e-20,5.034036991483642e-05,5.157074385609308e-08,5.028879917098033e-05,0.001024441098532612,4.964771693079875e-05
P2b,58,0.1123046875,3.976877085938364e-20,0,3.976877085938364e-20,5.646405370390212e-05,5.836557569624645e-08,5.640568812820588e-05,0.001033676682200607,5.569950692373828e-05
P2b,59,0.1142578125,6.376157518825463e-20,0,6.376157518825463e-20,6.32962845049433e-05,6.60202002526558e-08,6.323026430469064e-05,0.001043034370327057,6.245287061124264e-05
P2b,60,0.1162109375,1.019859786854341e-19,0,1.019859786854341e-19,7.091447241360145e-05,7.463863560652604e-08,7.083983377799492e-05,0.001052516264539117,6.998459370088725e-05
P2b,61,0.1181640625,1.62737057644681e-19,0,1.62737057644681e-19,7.940393273798765e-05,8.433686319494544e-08,7.931959587479271e-05,0.001062124510548302,7.837931640336685e-05
P2b,62,0.1201171875,2.590580024354066e-19,0,2.590580024354066e-19,8.885862951361757e-05,9.524412608170404e-08,8.876338538753587e-05,0.001071861299268721,8.773027331391884e-05
P2b,63,0.1220703125,4.114074260395284e-19,0,4.114074260395284e-19,9.938198191519714e-05,1.075043587927574e-07,9.927447755640439e-05,0.001081728867960101,9.814009597201784e-05
P2b,64,0.1240234375,6.517961667582964e-19,0,6.517961667582964e-19,0.0001110877381460279,1.212777609776018e-07,0.0001109664603850503,0.001091729501398065,0.0001097216826702717
P2b,65,0.1259765625,1.030186937271086e-18,0,1.030186937271086e-18,0.000124100921644777,1.367425281830517e-07,0.0001239641791165939,0.001101865533073636,0.0001225991403422275
P2b,66,0.1279296875,1.624369538763521e-18,0,1.624369538763521e-18,0.0001385588547155575,1.540967541246231e-07,0.0001384047579614329,0.001112139346424036,0.0001369088036248162
P2b,67,0.1298828125,2.555160563777607e-18,0,2.555160563777607e-18,0.0001546122649600879,1.735605200168609e-07,0.000154438704440071,0.00112255337609642,0.0001528003364638211
P2b,68,0.1318359375,4.009739109187065e-18,0,4.009739109187065e-18,0.0001724264801694272,1.953781877816938e-07,0.0001722311019816455,0.001133110109246063,0.0001704379219093421
P2b,69,0.1337890625,6.277382585546694e-18,0,6.277382585546694e-18,0.0001921827176165766,2.198209152975215e-07,0.000191962896701279,0.001143812086870818,0.0001900015460319002
P2b,70,0.1357421875,9.804052795798566e-18,0,9.804052795798566e-18,0.0002140794739791405,2.47189413285334e-07,0.0002138322845658552,0.001154661905183024,0.0002116883821776313
P2b,71,0.1376953125,1.527556370144985e-17,0,1.527556370144985e-17,0.0002383340224121352,2.778169649563636e-07,0.0002380562054471789,0.001165662217020586,0.000235714282071839
P2b,72,0.1396484375,2.374397417275267e-17,0,2.374397417275267e-17,0.0002651840235836785,3.120727311726784e-07,0.0002648719508525058,0.001176815733298519,0.0002623153805727995
P2b,73,0.1416015625,3.681918219963792e-17,0,3.681918219963792e-17,0.000294889257779286,3.503653656024122e-07,0.0002945388924136836,0.001188125224502576,0.0002917498211706835
P2b,74,0.1435546875,5.695861574331909e-17,0,5.695861574331909e-17,0.0003277334854722619,3.931469661891674e-07,0.0003273403385060727,0.001199593522226284,0.0003242996096182584
P2b,75,0.1455078125,8.790412909601914e-17,0,8.790412909601914e-17,0.0003640264440464717,4.409173912051827e-07,0.0003635855266552665,0.001211223520753056,0.000360272603368927
P2b,76,0.1474609375,1.353392253003392e-16,0,1.353392253003392e-16,0.0004041059886416988,4.942289702242086e-07,0.0004036117596714746,0.001223018178684844,0.0004000046447816627
P2b,77,0.1494140625,2.078751894901356e-16,0,2.078751894901356e-16,0.0004483403853687108,5.53691642537157e-07,0.0004477866937261736,0.001234980520618963,0.0004438618463295331
P2b,78,0.1513671875,3.185269560027672e-16,0,3.185269560027672e-16,0.0004971307654087898,6.199785578454812e-07,0.0004965107868509442,0.001247113638874621,0.000492243036316322
P2b,79,0.1533203125,4.869162691952426e-16,0,4.869162691952426e-16,0.0005509137487683212,6.93832176508213e-07,0.000550219916591813,0.00125942069527111,0.0005455823738619262
P2b,80,0.1552734375,7.42552118495309e-16,0,7.42552118495309e-16,0.0006101642467003785,7.760709091917913e-07,0.0006093881757911867,0.001271904922959017,0.0006043521421588547
P2b,81,0.1572265625,1.129702678475518e-15,0,1.129702678475518e-15,0.0006753984520291591,8.675963384819647e-07,0.0006745308556906772,0.001284569628306622,0.0006690657292265535
P2b,82,0.1591796875,1.71461230722852e-15,0,1.71461230722852e-15,0.0007471770268165163,9.694010678661648e-07,0.0007462076257486501,0.0012974181928431,0.0007402808055941228
P2b,83,0.1611328125,2.596164913366223e-15,0,2.596164913366223e-15,0.0008261084969893087,1.082577246487027e-06,0.0008250259197428217,0.001310454075260574,0.0008186027085220993
P2b,84,0.1630859375,3.921598944415841e-15,0,3.921598944415841e-15,0.0009128528636983305,1.208325821205076e-06,0.0009116445378771255,0.001323680813477067,0.0009046880425266954
P2b,85,0.1650390625,5.909607525538606e-15,0,5.909607525538606e-15,0.00100812544130037,1.347966570793286e-06,0.001006777474729577,0.001337102026762224,0.0009992485060914462
P2b,86,0.1669921875,8.884206865513725e-15,0,8.884206865513725e-15,0.001112700931940505,1.502948980520762e-06,0.001111197982959984,0.001350721417928248,0.001103054954537706
P2b,87,0.1689453125,1.332426455170493e-14,0,1.332426455170493e-14,0.001227417746757864,1.674864018966932e-06,0.001225742882738897,0.00136454277558799,0.001216941709072546
P2b,88,0.1708984375,1.993574146141086e-14,0,1.993574146141086e-14,0.001353182583740322,1.865456882643741e-06,0.001351317126857678,0.001378569976482735,0.001341811122036078
P2b,89,0.1728515625,2.975679136104897e-14,0,2.975679136104897e-14,0.001490975272207417,2.076640777889756e-06,0.001488898631429528,0.001392806987881999,0.001478638408325226
P2b,90,0.1748046875,4.431026714009524e-14,0,4.431026714009524e-14,0.00164185389380126,2.310511813536803e-06,0.001639543381987723,0.001407257870057761,0.001628476752873063
P2b,91,0.1767578125,6.582444378169106e-14,0,6.582444378169106e-14,0.001806960189707493,2.569365082035401e-06,0.001804390824625458,0.001421926778835855,0.001792462703906644
P2b,92,0.1787109375,9.755164313041173e-14,0,9.755164313041173e-14,0.001987525263607268,2.855712011056265e-06,0.001984669551596212,0.00143681796822712,0.001971821861487024
P2b,93,0.1806640625,1.442269903897707e-13,0,1.442269903897707e-13,0.002184875589571377,3.172299072059091e-06,0.002181703290499318,0.001451935793141167,0.002167874870547386
P2b,94,0.1826171875,2.12727215081947e-13,0,2.12727215081947e-13,0.002400439333743902,3.522127936931193e-06,0.002396917205806971,0.001467284712185508,0.002382043727283594
P2b,95,0.1845703125,3.130142644159335e-13,0,3.130142644159335e-13,0.002635752998219295,3.908477178543117e-06,0.002631844521040752,0.001482869290553276,0.002615858407310562
P2b,96,0.1865234375,4.594833357412827e-13,0,4.594833357412827e-13,0.002892468394988262,4.334925615936973e-06,0.002888133469372325,0.001498694203002541,0.002870963823472005
P2b,97,0.1884765625,6.728836295093047e-13,0,6.728836295093047e-13,0.003172359957208559,4.805377409849657e-06,0.003167554579798709,0.001514764236930425,0.003149127120574836
P2b,98,0.1904296875,9.830479934491187e-13,0,9.830479934491187e-13,0.003477332394341071,5.324089019367194e-06,0.003472008305321704,0.001531084295545485,0.003452245313607097
P2b,99,0.1923828125,1.432761954846663e-12,0,1.432761954846663e-12,0.003809428696873973,5.89569813569664e-06,0.003803532998738276,0.001547659401141873,0.003782353275184196
P2b,100,0.1943359375,2.083233361795909e-12,0,2.083233361795909e-12,0.004170838495432505,6.525254714315427e-06,0.00416431324071819,0.001564494698478795,0.004141632077047098
P2b,101,0.1962890625,3.021804504496938e-12,0,3.021804504496938e-12,0.004563906778033922,7.218254232102685e-06,0.004556688523801819,0.001581595458269247,0.00453241768940223
P2b,102,0.1982421875,4.372797518021501e-12,0,4.372797518021501e-12,0.004991142968090866,7.980673301452788e-06,0.004983162294789413,0.001598967080781785,0.004957210040741285
P2b,103,0.2001953125,6.312725901978015e-12,0,6.312725901978015e-12,0.005455230364486852,8.81900777880494e-06,0.005446411356708048,0.001616615099559504,0.005418682439504676
P2b,104,0.2021484375,9.091573599274251e-12,0,9.091573599274251e-12,0.00595903594364014,9.740313510471579e-06,0.005949295630129668,0.001634545185260555,0.005919691357550408
P2b,105,0.2041015625,1.306248324014213e-11,0,1.306248324014213e-11,0.006505620521932138,1.075224986408966e-05,0.006494868272068049,0.001652763149624395,0.006463286573855896
P2b,106,0.2060546875,1.872306715008934e-11,0,1.872306715008934e-11,0.007098249275199909,1.186312619943595e-05,0.007086386149000473,0.001671274949568723,0.007052721675210187
P2b,107,0.2080078125,2.677273903868272e-11,0,2.677273903868272e-11,0.007740402610175451,1.308195143770149e-05,0.007727320658737749,0.001690086691421463,0.007691464908844045
P2b,108,0.2099609375,3.819206809767399e-11,0,3.819206809767399e-11,0.008435787380794181,1.441848689360091e-05,0.008421368893900581,0.001709204635293155,0.00838321037999243
P2b,109,0.2119140625,5.435232275846172e-11,0,5.435232275846172e-11,0.009188348440188758,1.588330253985105e-05,0.009172465137648907,0.001728635199594668,0.009131889585285753
P2b,110,0.2138671875,7.716628670829949e-11,0,7.716628670829949e-11,0.01000228051693036,1.748783687857222e-05,0.00998479268005179,0.001748384965705713,0.009941683270620599
P2b,111,0.2158203125,1.092953429667008e-10,0,1.092953429667008e-10,0.01088204040167616,1.92444605990021e-05,0.01086279594107716,0.001768460682799695,0.01081703359976657
P2b,112,0.2177734375,1.544330588145181e-10,0,1.544330588145181e-10,0.01183235942782906,2.116654420553408e-05,0.01181119288362352,0.001788869272830872,0.01176265661742275
P2b,113,0.2197265625,2.176924920550385e-10,0,2.176924920550385e-10,0.01285825622711389,2.326852980445112e-05,0.01283498769730944,0.001809617835689519,0.01278355498774602
P2b,114,0.2216796875,3.061337347629812e-10,0,3.061337347629812e-10,0.01396504973812478,2.556600724180057e-05,0.01393948373088298,0.001830713654531786,0.01388503098653441
P2b,115,0.2236328125,4.294805394035298e-10,0,4.294805394035298e-10,0.01515837244290333,2.807579478857367e-05,0.01513029664811475,0.00185216420129048,0.01507269972226604
P2b,116,0.2255859375,6.010911741128128e-10,0,6.010911741128128e-10,0.01644418380347085,3.081602457269481e-05,0.01641336777889816,0.001873977142373616,0.01635250255806934
P2b,117,0.2275390625,8.392701438581603e-10,0,8.392701438581603e-10,0.01782878386696384,3.380623296022978e-05,0.01779497763400361,0.001896160344557861,0.01773072070343939
P2b,118,0.2294921875,1.169035656522884e-09,0,1.169035656522884e-09,0.01931882700461655,3.706745609063466e-05,0.01928175954852591,0.001918721881084022,0.01921398894112371
P2b,119,0.2314453125,1.624494715166257e-09,0,1.624494715166257e-09,0.0209213357463056,4.062233077274939e-05,0.02088071341553285,0.001941670037962213,0.02080930945108568
P2b,120,0.2333984375,2.252026046798518e-09,0,2.252026046798518e-09,0.02264371466872598,4.449520094952622e-05,0.02259921946777645,0.001965013320494632,0.0225240656898235
P2b,121,0.2353515625,3.114534004765559e-09,0,3.114534004765559e-09,0.02449376429151768,4.871222994011521e-05,0.02444505206157757,0.001988760460023881,0.02436603627958756
P2b,122,0.2373046875,4.29711825874928e-09,0,4.29711825874928e-09,0.02647969493181682,5.330151866786422e-05,0.02642639341314895,0.002012920420915405,0.02634340885821054
P2b,123,0.2392578125,5.914609766107687e-09,0,5.914609766107687e-09,0.02861014046377918,5.829323008194878e-05,0.02855184723369723,0.002037502407782611,0.02846479383635428
P2b,124,0.2412109375,8.121559820538392e-09,0,8.121559820538392e-09,0.03089417192563079,6.371971997868231e-05,0.03083045220565211,0.002062515872963677,0.03073923800500227
P2b,125,0.2431640625,1.11254442102341e-08,0,1.11254442102341e-08,0.03334131091275665,6.961567442599979e-05,0.03327169523833064,0.002087970524259269,0.0331762379320003
P2b,126,0.2451171875,1.520406908349939e-08,0,1.520406908349939e-08,0.03596154269126156,7.601825399109524e-05,0.03588552443727046,0.002113876332940723,0.03578575308238903
P2b,127,0.2470703125,2.072845196777925e-08,0,2.072845196777925e-08,0.0387653289623474,8.296724496664818e-05,0.03868236171738076,0.002140243542038142,0.03857821859320078
P2b,128,0.2490234375,2.819281659331187e-08,0,2.819281659331187e-08,0.04176362020376743,9.050521778547218e-05,0.04167311498598195,0.002167082674918777,0.04156455762932835
P2b,129,0.2509765625,3.825380360610235e-08,0,3.825380360610235e-08,0.04496786751056599,9.867769280661471e-05,0.04486918981775937,0.002194404544165423,0.04475619324303985
P2b,130,0.2529296875,5.178158538012359e-08,0,5.178158538012359e-08,0.04839003385331329,0.0001075333136479567,0.04828250053966534,0.002222220260765407,0.04816505965573442
P2b,131,0.2548828125,6.992631194865308e-08,0,6.992631194865308e-08,0.05204260466812659,0.0001171240282310501,0.05192548063989554,0.002250541243620393,0.05180361287663417
P2b,132,0.2568359375,9.420424318691887e-08,0,9.420424318691887e-08,0.05593859768895842,0.0001275052776932792,0.05581109241126515,0.002279379229387567,0.05568484056931548
P2b,133,0.2587890625,1.266090843051901e-07,0,1.266090843051901e-07,0.06009157192895853,0.0001387361933103294,0.05995283573564821,0.002308746282662504,0.05982227107332842
P2b,134,0.2607421875,1.697554913242734e-07,0,1.697554913242734e-07,0.06451563571420811,0.0001508798015583544,0.06436475591264976,0.002338654806514238,0.06422998148466244
P2b,135,0.2626953125,2.270635154072225e-07,0,2.270635154072225e-07,0.06922545366981644,0.0001640032374300281,0.06906145043238641,0.002369117553382485,0.06892260469552568
P2b,136,0.2646484375,3.029949875437468e-07,0,3.029949875437468e-07,0.07423625255529175,0.000178177966101822,0.07405807458918992,0.002400147636346724,0.07391533529084328
P2b,137,0.2666015625,4.033556010181024e-07,0,4.033556010181024e-07,0.07956382584328464,0.0001934800130312922,0.07937034583025335,0.002431758540776886,0.07922393419608494
P2b,138,0.2685546875,5.356798386555135e-07,0,5.356798386555135e-07,0.08522453693329042,0.0002099902025426655,0.08501454673074775,0.00246396413637349,0.08486473196853014
P2b,139,0.2705078125,7.097200453864708e-07,0,7.097200453864708e-07,0.09123532088971736,0.0002277944049368065,0.09100752648478055,0.002496778689605946,0.09085463062191768
P2b,140,0.2724609375,9.380660174009196e-07,0,9.380660174009196e-07,0.09761368459192281,0.0002469837921371945,0.09736670079978561,0.002530216876554945,0.09721110387263085
P2b,141,0.2744140625,1.236927646175363e-06,0,1.236927646175363e-06,0.1043777051824208,0.0002676551018571754,0.1041100500805636,0.002564293796164564,0.10395219569418
P2b,142,0.2763671875,1.627120627094448e-06,0,1.627120627094448e-06,0.1115460266985109,0.0002899109102450712,0.1112561157882658,0.002599024983907754,0.1110965170657999
P2b,143,0.2783203125,2.135304258733161e-06,0,2.135304258733161e-06,0.1191378547721085,0.0003138599129326784,0.1188239948591759,0.002634426425866419,0.1186632408005125
P2b,144,0.2802734375,2.795531196199853e-06,0,2.795531196199853e-06,0.1271729492826011,0.0003396172143792601,0.1268333320682218,0.002670514573225552,0.1266720943380541
P2b,145,0.2822265625,3.651181995119821e-06,0,3.651181995119821e-06,0.1356716148481579,0.0003673046253668781,0.135304310222791,0.002707306357176932,0.1351433503886678
P2b,146,0.2841796875,4.75737274840285e-06,0,4.75737274840285e-06,0.1446546890421117,0.0003970509684640658,0.1442576380736476,0.002744819204225567,0.1440978153149434
P2b,147,0.2861328125,6.183942476576683e-06,0,6.183942476576683e-06,0.1541435282228402,0.0004289923912326418,0.1537145358316076,0.002783071051886535,0.1535568151406994
P2b,148,0.2880859375,8.019148630824486e-06,0,8.019148630824486e-06,0.1641599908680524,0.000463272686907338,0.163696718181145,0.002822080364756506,0.1635421790783503
P2b,149,0.2900390625,1.037422459939056e-05,0,1.037422459939056e-05,0.1747264183075326,0.0005000436222288006,0.1742263746853038,0.00286186615093708,0.1740762204693491
P2b,150,0.2919921875,1.338898301257073e-05,0,1.338898301257073e-05,0.1858656127522783,0.0005394652720579573,0.1853261474802203,0.002902447978782157,0.1851817150361413
P2b,151,0.2939453125,1.723868350329749e-05,0,1.723868350329749e-05,0.1976008125225733,0.0005817063603424096,0.1970191061622309,0.002943845993932627,0.1968818763486536
P2b,152,0.2958984375,2.214242402383248e-05,0,2.214242402383248e-05,0.2099556643829295,0.0006269446069438242,0.2093287197759857,0.002986080936594145,0.2092003284136922
P2b,153,0.2978515625,2.837336150236465e-05,0,2.837336150236465e-05,0.2229541928979939,0.0006753670797681635,0.2222788258182257,0.003029174159003853,0.2221610753017497
P2b,154,0.2998046875,3.627112122835952e-05,0,3.627112122835952e-05,0.2366207667304991,0.0007271705515675117,0.2358935961789316,0.003073147643020393,0.2357884677326532
P2b,155,0.3017578125,4.625681557487042e-05,0,4.625681557487042e-05,0.2509800618101282,0.0007825618607028791,0.2501974999494254,0.00311802401776004,0.2501071665492181
P2b,156,0.3037109375,5.885116218532037e-05,0,5.885116218532037e-05,0.2660570213107914,0.0008417582750703446,0.2652152630357211,0.003163826577187206,0.2651421030166415
P2b,157,0.3056640625,7.469627022783129e-05,0,7.469627022783129e-05,0.281876812383275,0.0009049878582977657,0.2809718245249772,0.003210579297552261,0.2809184358947477
P2b,158,0.3076171875,9.458175135136969e-05,0,9.458175135136969e-05,0.2984647796005224,0.0009724898372149826,0.2974922897633074,0.003258306854552833,0.2974615052404211
P2b,159,0.3095703125,0.0001194759100735064,0,0.0001194759100735064,0.315846395083938,0.001044514969485294,0.3148018801144526,0.003307034640074674,0.3147967829085948
P2b,160,0.3115234375,0.0001505628768674557,0,0.0001505628768674557,0.334047205291066,0.001121325910159675,0.3329258793809063,0.003356788778348341,0.3329498197320145
P2b,161,0.3134765625,0.0001892866663967028,0,0.0001892866663967028,0.3530927744577656,0.001203197575775141,0.3518895768819905,0.003407596141333838,0.3519461893726545
P2b,162,0.3154296875,0.0002374032731379326,0,0.0002374032731379326,0.3730086247015635,0.001290417504464332,0.3717182071970991,0.00345948436312101,0.3718114288510812
P2b,163,0.3173828125,0.0002970420567138043,0,0.0002970420567138043,0.3938201728071984,0.001383286210372224,0.3924368865968262,0.003512481853105672,0.3925709757742527
P2b,164,0.3193359375,0.000370777818942985,0,0.000370777818942985,0.4155526637304311,0.001482117530486472,0.4140705461999446,0.003566617807671957,0.4142501022971341
P2b,165,0.3212890625,0.0004617151327884867,0,0.0004617151327884867,0.4382311008719604,0.001587238961778247,0.4366438619101822,0.00362192222007994,0.4368738458691023
P2b,166,0.3232421875,0.0005735866484163002,0,0.0005735866484163002,0.4618801731896986,0.001698991986318138,0.4601811812033805,0.003678425888223494,0.4604669368323241
P2b,167,0.3251953125,0.0007108672712379662,0,0.0007108672712379662,0.4865241792346832,0.001817732381774755,0.4847064468529085,0.003736160419887252,0.4850537229561074
P2b,168,0.3271484375,0.0008789062781950871,0,0.0008789062781950871,0.5121869482134744,0.001943830514419567,0.5102431176990548,0.003795158235093094,0.510658091008556
P2b,169,0.3291015625,0.001084079607976855,0,0.001084079607976855,0.5388917581979366,0.002077671611449171,0.5368140865864874,0.003855452565088287,0.5373033854846623
P2b,170,0.3310546875,0.001333964723822125,0,0.001333964723822125,0.5666612516217844,0.002219656009090144,0.5644415956126942,0.003917077447482933,0.5650123246281709
P2b,171,0.3330078125,0.001637540598602593,0,0.001637540598602593,0.5955173482220788,0.002370199372575071,0.5931471488495037,0.003980067717004916,0.5938069139030584
P2b,172,0.3349609375,0.002005415504586071,0,0.002005415504586071,0.6254811556029484,0.002529732883662895,0.6229514227192855,0.004044458991293342,0.6237083570892404
P2b,173,0.3369140625,0.002450085397180743,0,0.002450085397180743,0.6565728776180413,0.002698703390926791,0.6538741742271145,0.004110287651109388,0.6547369651960087
P2b,174,0.3388671875,0.002986225754548734,0,0.002986225754548734,0.6888117207875659,0.002877573517542101,0.6859341472700238,0.004177590814296791,0.6869120634056851
P2b,175,0.3408203125,0.003631019763683731,0,0.003631019763683731,0.7222157989850746,0.003066821720778556,0.7191489772642961,0.004246406302781442,0.7202518962788815
P2b,176,0.3427734375,0.004404525717789598,0,0.004404525717789598,0.7568020366483478,0.003266942296832033,0.7535350943515158,0.004316772601855505,0.7547735314715522
P2b,177,0.3447265625,0.005330086398052976,0,0.005330086398052976,0.7925860707876972,0.003478445324023531,0.7891076254636736,0.004388728810949884,0.7904927622325475
P2b,178,0.3466796875,0.006434783042835535,0,0.006434783042835535,0.8295821520836253,0.003701856536749576,0.8258802955468757,0.004462314585061629,0.8274240089685472
P2b,179,0.3486328125,0.007749936245945965,0,0.007749936245945965,0.8678030453839545,0.003937717121888318,0.8638653282620662,0.004537570065965945,0.8655802201809487
P2b,180,0.3505859375,0.009311655759611227,0,0.009311655759611227,0.9072599299281151,0.004186583428657987,0.9030733464994571,0.00461453580231379,0.9049727730963781
P2b,181,0.3525390625,0.01116144069357161,0,0.01116144069357161,0.9479622996431754,0.00444902658219089,0.9435132730609844,0.004693252657690668,0.9456113743288884
P2b,182,0.3544921875,0.01334683098615942,0,0.01334683098615942,0.9899178638722531,0.004725631990336221,0.9851922318819168,0.004773761705694458,0.987503960927458
P2b,183,0.3564453125,0.01592211026376965,0,0.01592211026376965,1.033132448911063,0.00501699873244835,1.028115450178614,0.004856104111081151,1.030656602177007
P2b,184,0.3583984375,0.01894905929047627,0,0.01894905929047627,1.077609900742367,0.005323738818164553,1.072286161924203,0.004940320996027431,1.075073402534675
P2b,185,0.3603515625,0.02249775813014409,0,0.02249775813014409,1.123351989370936,0.005646476303441472,1.117705513067494,0.005026453290569623,1.120756406095426
P2b,186,0.3623046875,0.02664743389207945,0,0.02664743389207945,1.170358315173079,0.005985846250419427,1.164372468922659,0.005114541566301607,1.167705502992085
P2b,187,0.3642578125,0.03148734950397439,0,0.03148734950397439,1.218626217684847,0.00634249351703921,1.212283724167807,0.005204625852452704,1.215918338144452
P2b,188,0.3662109375,0.03711772735232915,0,0.03711772735232915,1.268150687261416,0.006717071361761133,1.261433615899655,0.005296745433515251,1.265390222780232
P2b,189,0.3681640625,0.0436506998549032,0,0.0436506998549032,1.318924280046891,0.007110239848269551,1.311814040198621,0.005390938627664633,1.316114049156867
P2b,190,0.3701171875,0.05121127709150737,0,0.05121127709150737,1.370937036698643,0.007522664034693057,1.36341437266395,0.005487242545294715,1.368080208918003
P2b,191,0.3720703125,0.05993831953401409,0,0.05993831953401409,1.424176405313259,0.007955011931685421,1.416221393381573,0.005585692827101468,1.421276515521104
P2b,192,0.3740234375,0.06998550170583479,0,0.06998550170583479,1.478627169002057,0.008407952213704261,1.470219216788353,0.005686323361269553,1.475688131173558
P2b,193,0.3759765625,0.08152225029444984,0,0.08152225029444984,1.53427137856289,0.008882151668036983,1.525389226894853,0.00578916597946098,1.53129749871342
P2b,194,0.3779296875,0.09473463787463383,0,0.09473463787463383,1.591088290691444,0.009378272366596052,1.581710018324848,0.005894250131474797,1.588084278867641
P2b,195,0.3798828125,0.1098262110194294,0,0.1098262110194294,1.649054312169439,0.009896968546257977,1.639157343623181,0.006001602538631896,1.64602529331519
P2b,196,0.3818359375,0.1270187292332889,0,0.1270187292332889,1.708142950458911,0.01043888318460344,1.697704067274308,0.006111246826150543,1.705094473974756
P2b,197,0.3837890625,0.1465527888975441,0,0.1465527888975441,1.768324771121078,0.01100464425935833,1.75732012686172,0.006223203135011015,1.765262818926798
P2b,198,0.3857421875,0.1686883043403255,0,0.1686883043403255,1.829567362465102,0.01159486068166622,1.817972501783436,0.006337487714059167,1.826498355367465
P2b,199,0.3876953125,0.1937048163057811,0,0.1937048163057811,1.891835307816339,0.01221011789558214,1.879625189920757,0.006454112493373288,1.888766109977324
P2b,200,0.3896484375,0.2219015965811926,0,0.2219015965811926,1.955090165775356,0.01285097313888433,1.942239192636471,0.006573084640210368,1.952028087070967
P2b,201,0.3916015625,0.2535975164299257,0,0.2535975164299257,2.01929045881813,0.01351795036348136,2.005772508454648,0.006694406099156871,2.016243254874376
P2b,202,0.3935546875,0.289130645860288,0,0.289130645860288,2.084391670564426,0.01421153481736582,2.07018013574706,0.006818073118435327,2.081367540255396
P2b,203,0.3955078125,0.3288575507230967,0,0.3288575507230967,2.150346252015388,0.01493216729422658,2.135414084721161,0.006944075764650261,2.147353832208942
P2b,204,0.3974609375,0.3731522552600619,0,0.3731522552600619,2.217103637032916,0.01568023806150634,2.201423398971409,0.007072397428606784,2.214151994372573
P2b,205,0.3994140625,0.4224048391025294,0,0.4224048391025294,2.284610267302631,0.01645608048284168,2.268154186819789,0.007203014325183291,2.281708886819958
P2b,206,0.4013671875,0.4770196399198409,0,0.4770196399198409,2.352809626988966,0.01725996435644165,2.335549662632525,0.007335894990590579,2.349968397349558
P2b,207,0.4033203125,0.5374130360022464,0,0.5374130360022464,2.421642287255626,0.01809208899702345,2.403550198258602,0.007470999780701164,2.418871482453708
P2b,208,0.4052734375,0.6040107870848936,0,0.6040107870848936,2.491045960787149,0.01895257609535461,2.472093384691795,0.007608280374467984,2.488356218119216
P2b,209,0.4072265625,0.6772449167099038,0,0.6772449167099038,2.560955566407972,0.01984146239622576,2.541114104011747,0.007747679286781082,2.558357860574834
P2b,210,0.4091796875,0.7575501253957869,0,0.7575501253957869,2.631303303854213,0.02075869224269556,2.610544611611518,0.007889129395417539,2.628808917063571
P2b,211,0.4111328125,0.8453597308271401,0,0.8453597308271401,2.702018738710729,0.02170411004161042,2.680314628669119,0.008032553487014879,2.699639226678944
P2b,212,0.4130859375,0.9411011391566688,0,0.9411011391566688,2.773028897482003,0.02267745271266151,2.750351444769341,0.008177863827258831,2.770776051264122
P2b,213,0.4150390625,1.045190860261961,0,1.045190860261961,2.844258372720205,0.02367834219037925,2.820580030529826,0.008324961760676349,2.842144176331645
P2b,214,0.4169921875,1.158029089327373,0,1.158029089327373,2.915629438087893,0.02470627805545936,2.890923160032433,0.008473737345601111,2.913666021919183
P2b,215,0.4189453125,1.279993887302496,0,1.279993887302496,2.987062173186146,0.0257606303784395,2.961301542807706,0.008624069029993426,2.985261763253834
P2b,216,0.4208984375,1.411435003467723,0,1.411435003467723,3.058474597932151,0.02684063286489046,3.031633965067261,0.008775823373860141,3.056849461053984
P2b,217,0.4228515625,1.552667394329387,0,1.552667394329387,3.129782816223353,0.02794537639677216,3.10183743982658,0.008928854824020442,3.128345201253939
P2b,218,0.4248046875,1.703964504158183,0,1.703964504158183,3.200901168578747,0.02907380306928014,3.171827365509467,0.009083005546900214,3.19966324389262
P2b,219,0.4267578125,1.865551383436322,0,1.865551383436322,3.271742393401938,0.03022470082619363,3.241517692575745,0.009238105324901869,3.270716180863852
P2b,220,0.4287109375,2.037597732030481,0,2.037597732030481,3.342217796465629,0.03139669879926941,3.310821097666359,0.009393971521685748,3.341415102182357
P2b,221,0.4306640625,2.22021096378185,0,2.22021096378185,3.412237428173435,0.03258826345846914,3.379649164714965,0.009550409121417316,3.411669770376756
P2b,222,0.4326171875,2.413429398113344,0,2.413429398113344,3.481710268112783,0.03379769567955921,3.447912572433224,0.009707210846662097,3.48138880257891
P2b,223,0.4345703125,2.617215691905245,0,2.617215691905245,3.550544416372342,0.03502312883383196,3.51552128753851,0.009864157359173594,3.550479859838049
P2b,224,0.4365234375,2.831450630995763,0,2.831450630995763,3.618647291059347,0.03626252800115139,3.582384763058195,0.01002101754728786,3.618849843148565
P2b,225,0.4384765625,3.055927404945471,0,3.055927404945471,3.68592583141652,0.0375136904022275,3.648412141014292,0.01017754890304204,3.686405095642326
P2b,226,0.4404296875,3.29034649090825,0,3.29034649090825,3.752286705905402,0.03877424713883187,3.71351245876657,0.0103334979914537,3.753051610360147
P2b,227,0.4423828125,3.53431127234906,0,3.53431127234906,3.817636524592923,0.04004166632159345,3.77759485827133,0.01048860101365022,3.818695242982816
P2b,228,0.4443359375,3.787324515751703,0,3.787324515751703,3.88188205515133,0.04131325765405817,3.840568797497272,0.01064258446472754,3.883241928870132
P2b,229,0.4462890625,4.048785823224554,0,4.048785823224554,3.944930441758189,0.04258617852885389,3.902344263229335,0.01079516588634043,3.94659790372681
P2b,230,0.4482421875,4.317990170950167,0,4.317990170950167,4.006689426163407,0.04385744167722812,3.962831984486178,0.01094605471311104,4.008669927187248
P2b,231,0.4501953125,4.594127632706654,0,4.594127632706654,4.06706757017403,0.04512392439694627,4.021943645777085,0.01109495321097294,4.069365508587069
P2b,232,0.4521484375,4.87628437425192,0,4.87628437425192,4.12597447879523,0.04638237936580696,4.079592099429424,0.01124155750458022,4.128593134168262
P2b,233,0.4541015625,5.163444988312501,0,5.163444988312501,4.183321023257371,0.04762944702898919,4.135691576228382,0.01138555868989997,4.186262494946871
P2b,234,0.4560546875,5.454496221434745,0,5.454496221434745,4.239019563154347,0.04886166952829601,4.190157893626051,0.0115266440270771,4.24228471445756
P2b,235,0.4580078125,5.748232123286845,0,5.748232123286845,4.292984166917582,0.05007550612057234,4.242908660797009,0.01166449820767152,4.296572575578234
P2b,236,0.4599609375,6.043360626464485,0,6.043360626464485,4.345130829853046,0.05126735001113485,4.293863479841911,0.01179880468935586,4.349040745630274
P2b,237,0.4619140625,6.338511540834623,0,6.338511540834623,4.395377688975388,0.05243354650662888,4.342944142468759,0.0119292470902203,4.399605998945991
P2b,238,0.4638671875,6.632245921394077,0,6.632245921394077,4.443645233883562,0.05357041237048413,4.390074821513078,0.01205551063392741,4.44818743609458
P2b,239,0.4658203125,6.923066743015016,0,6.923066743015016,4.489856512936161,0.05467425624346603,4.435182256692695,0.01217728363611147,4.494706698961409
P2b,240,0.4677734375,7.20943078983125,0,7.20943078983125,4.533937334001817,0.0557413999721996,4.478195934029618,0.01229425902166147,4.53908818088268
P2b,241,0.4697265625,7.489761641947749,0,7.489761641947749,4.575816459080245,0.05676820067026414,4.519048258409981,0.01240613586185551,4.581259231048627
P2b,242,0.4716796875,7.762463618205755,0,7.762463618205755,4.615425792112733,0.05775107331989464,4.557674718792838,0.01251262091973942,4.621150352403189
P2b,243,0.4736328125,8.025936511481071,0,8.025936511481071,4.652700559326778,0.0586865137079606,4.594014045618818,0.01261343019170188,4.658695392286749
P2b,244,0.4755859375,8.278590932991351,0,8.278590932991351,4.687579481487961,0.05957112147787041,4.628008360010091,0.0127082904328613,4.693831725090718
P2b,245,0.4775390625,8.518864064866106,0,8.518864064866106,4.720004937462738,0.06040162306982919,4.659603314392909,0.01279694065368889,4.726500426218682
P2b,246,0.4794921875,8.74523560626969,0,8.74523560626969,4.74992311852864,0.06117489431565317,4.688748224212987,0.01287913357524048,4.756646436678126
P2b,247,0.4814453125,8.956243688081482,0,8.956243688081482,4.777284172902676,0.06188798245129336,4.715396190451383,0.01295463703045537,4.784218717659508
P2b,248,0.4833984375,9.150500524871678,0,9.150500524871678,4.802042339994868,0.06253812731058758,4.73950421268428,0.01302323529922363,4.809170394495462
P2b,249,0.4853515625,9.326707570923441,0,9.326707570923441,4.824156073931189,0.06312278146754222,4.761033292463646,0.01308473036530588,4.831458889431846
P2b,250,0.4873046875,9.483669949504193,0,9.483669949504193,4.843588155928766,0.06363962910172345,4.779948526827043,0.01313894308371898,4.851046042684372
P2b,251,0.4892578125,9.620309931539722,0,9.620309931539722,4.860305795145704,0.06408660337209425,4.79621919177361,0.01318571424787749,4.867898221299055
P2b,252,0.4912109375,9.735679251247388,0,9.735679251247388,4.874280717668214,0.06446190209871826,4.809818815569496,0.0132249055465882,4.881986415381851
P2b,253,0.4931640625,9.828970061983595,0,9.828970061983595,4.885489243338724,0.06476400156899025,4.820725241769733,0.01325640040192388,4.893286321312088
P2b,254,0.4951171875,9.899524355294517,0,9.899524355294517,4.893912350170213,0.06499166830530888,4.828920681864904,0.01328010468006204,4.9017784116056
P2b,255,0.4970703125,9.946841689566034,0,9.946841689566034,4.899535726133824,0.06514396865391867,4.834391757479906,0.01329594726831865,4.907447991146455
P2b,256,0.4990234375,9.970585101293077,0,9.970585101293077,4.902349808149177,0.06522027607984164,4.837129532069335,0.0133038805128565,4.910285239560637
P2b,257,0.5009765625,9.970585101293077,0,9.970585101293077,4.902349808149178,0.0652202760798417,4.837129532069336,0.01330388051285651,4.910285239560637
P2b,258,0.5029296875,9.946841689566034,0,9.946841689566034,4.899535726133823,0.06514396865391867,4.834391757479905,0.01329594726831865,4.907447991146455
P2b,259,0.5048828125,9.899524355294517,0,9.899524355294517,4.89391235017021,0.06499166830530881,4.828920681864901,0.01328010468006204,4.9017784116056
P2b,260,0.5068359375,9.828970061983595,0,9.828970061983595,4.88548924333872,0.06476400156898986,4.820725241769731,0.01325640040192381,4.893286321312088
P2b,261,0.5087890625,9.735679251247388,0,9.735679251247388,4.874280717668208,0.06446190209871776,4.80981881556949,0.01322490554658811,4.881986415381851
P2b,262,0.5107421875,9.620309931539722,0,9.620309931539722,4.860305795145699,0.06408660337209439,4.796219191773605,0.01318571424787753,4.867898221299055
P2b,263,0.5126953125,9.483669949504193,0,9.483669949504193,4.843588155928762,0.06363962910172359,4.779948526827038,0.01313894308371902,4.851046042684372
P2b,264,0.5146484375,9.326707570923441,0,9.326707570923441,4.824156073931184,0.06312278146754269,4.761033292463641,0.01308473036530599,4.831458889431846
P2b,265,0.5166015625,9.150500524871678,0,9.150500524871678,4.802042339994863,0.06253812731058771,4.739504212684275,0.01302323529922367,4.809170394495462
P2b,266,0.5185546875,8.956243688081482,0,8.956243688081482,4.777284172902672,0.06188798245129305,4.715396190451378,0.01295463703045532,4.784218717659508
P2b,267,0.5205078125,8.74523560626969,0,8.74523560626969,4.749923118528633,0.0611748943156538,4.688748224212979,0.01287913357524063,4.756646436678126
P2b,268,0.5224609375,8.518864064866106,0,8.518864064866106,4.720004937462733,0.06040162306982891,4.659603314392903,0.01279694065368884,4.726500426218682
P2b,269,0.5244140625,8.278590932991351,0,8.278590932991351,4.687579481487958,0.05957112147787001,4.628008360010089,0.01270829043286123,4.693831725090718
P2b,270,0.5263671875,8.025936511481071,0,8.025936511481071,4.65270055932678,0.05868651370796017,4.594014045618819,0.01261343019170178,4.658695392286749
P2b,271,0.5283203125,7.762463618205755,0,7.762463618205755,4.615425792112733,0.05775107331989391,4.557674718792839,0.01251262091973926,4.621150352403189
P2b,272,0.5302734375,7.489761641947749,0,7.489761641947749,4.575816459080247,0.05676820067026443,4.519048258409983,0.01240613586185557,4.581259231048627
P2b,273,0.5322265625,7.20943078983125,0,7.20943078983125,4.53393733400182,0.05574139997220013,4.478195934029619,0.01229425902166158,4.53908818088268
P2b,274,0.5341796875,6.923066743015016,0,6.923066743015016,4.489856512936164,0.05467425624346545,4.435182256692698,0.01217728363611133,4.494706698961409
P2b,275,0.5361328125,6.632245921394077,0,6.632245921394077,4.443645233883564,0.05357041237048412,4.39007482151308,0.0120555106339274,4.44818743609458
P2b,276,0.5380859375,6.338511540834623,0,6.338511540834623,4.395377688975387,0.05243354650662835,4.342944142468759,0.01192924709022018,4.399605998945991
P2b,277,0.5400390625,6.043360626464485,0,6.043360626464485,4.345130829853044,0.05126735001113503,4.293863479841909,0.01179880468935591,4.349040745630274
P2b,278,0.5419921875,5.748232123286845,0,5.748232123286845,4.292984166917583,0.05007550612057284,4.24290866079701,0.01166449820767163,4.296572575578234
P2b,279,0.5439453125,5.454496221434745,0,5.454496221434745,4.239019563154349,0.04886166952829569,4.190157893626053,0.01152664402707701,4.24228471445756
P2b,280,0.5458984375,5.163444988312501,0,5.163444988312501,4.183321023257372,0.04762944702898944,4.135691576228383,0.01138555868990002,4.186262494946871
P2b,281,0.5478515625,4.87628437425192,0,4.87628437425192,4.125974478795229,0.04638237936580759,4.079592099429422,0.01124155750458037,4.128593134168262
P2b,282,0.5498046875,4.594127632706654,0,4.594127632706654,4.067067570174027,0.0451239243969453,4.021943645777082,0.01109495321097271,4.069365508587069
P2b,283,0.5517578125,4.317990170950167,0,4.317990170950167,4.006689426163404,0.04385744167722792,3.962831984486176,0.010946054713111,4.008669927187248
P2b,284,0.5537109375,4.048785823224554,0,4.048785823224554,3.944930441758184,0.042586178528854,3.90234426322933,0.01079516588634047,3.94659790372681
P2b,285,0.5556640625,3.787324515751703,0,3.787324515751703,3.881882055151325,0.04131325765405811,3.840568797497267,0.01064258446472754,3.883241928870132
P2b,286,0.5576171875,3.53431127234906,0,3.53431127234906,3.817636524592919,0.04004166632159342,3.777594858271325,0.01048860101365023,3.818695242982816
P2b,287,0.5595703125,3.29034649090825,0,3.29034649090825,3.752286705905397,0.03877424713883194,3.713512458766565,0.01033349799145373,3.753051610360147
P2b,288,0.5615234375,3.055927404945471,0,3.055927404945471,3.685925831416516,0.0375136904022277,3.648412141014288,0.0101775489030421,3.686405095642326
P2b,289,0.5634765625,2.831450630995763,0,2.831450630995763,3.618647291059343,0.03626252800115119,3.582384763058192,0.01002101754728781,3.618849843148565
P2b,290,0.5654296875,2.617215691905245,0,2.617215691905245,3.55054441637234,0.03502312883383173,3.515521287538508,0.009864157359173538,3.550479859838049
P2b,291,0.5673828125,2.413429398113344,0,2.413429398113344,3.481710268112779,0.03379769567955904,3.44791257243322,0.009707210846662062,3.48138880257891
P2b,292,0.5693359375,2.22021096378185,0,2.22021096378185,3.412237428173429,0.03258826345846914,3.37964916471496,0.009550409121417332,3.411669770376756
P2b,293,0.5712890625,2.037597732030481,0,2.037597732030481,3.342217796465622,0.03139669879926936,3.310821097666353,0.009393971521685751,3.341415102182357
P2b,294,0.5732421875,1.865551383436322,0,1.865551383436322,3.271742393401931,0.03022470082619326,3.241517692575738,0.009238105324901776,3.270716180863852
P2b,295,0.5751953125,1.703964504158183,0,1.703964504158183,3.200901168578739,0.02907380306928,3.17182736550946,0.009083005546900193,3.19966324389262
P2b,296,0.5771484375,1.552667394329387,0,1.552667394329387,3.129782816223345,0.02794537639677221,3.101837439826573,0.008928854824020479,3.128345201253939
P2b,297,0.5791015625,1.411435003467723,0,1.411435003467723,3.058474597932142,0.02684063286489045,3.031633965067252,0.008775823373860158,3.056849461053984
P2b,298,0.5810546875,1.279993887302496,0,1.279993887302496,2.987062173186138,0.02576063037843949,2.961301542807699,0.008624069029993447,2.985261763253834
P2b,299,0.5830078125,1.158029089327373,0,1.158029089327373,2.915629438087887,0.02470627805545943,2.890923160032428,0.00847373734560115,2.913666021919183
P2b,300,0.5849609375,1.045190860261961,0,1.045190860261961,2.8442583727202,0.02367834219037949,2.82058003052982,0.008324961760676451,2.842144176331645
P2b,301,0.5869140625,0.9411011391566688,0,0.9411011391566688,2.773028897481998,0.02267745271266156,2.750351444769336,0.008177863827258864,2.770776051264122
P2b,302,0.5888671875,0.8453597308271401,0,0.8453597308271401,2.702018738710726,0.02170411004161039,2.680314628669116,0.008032553487014881,2.699639226678944
P2b,303,0.5908203125,0.7575501253957869,0,0.7575501253957869,2.63130330385421,0.02075869224269564,2.610544611611514,0.007889129395417577,2.628808917063571
P2b,304,0.5927734375,0.6772449167099038,0,0.6772449167099038,2.56095556640797,0.01984146239622594,2.541114104011744,0.007747679286781159,2.558357860574834
P2b,305,0.5947265625,0.6040107870848936,0,0.6040107870848936,2.491045960787145,0.01895257609535451,2.472093384691791,0.007608280374467957,2.488356218119216
P2b,306,0.5966796875,0.5374130360022464,0,0.5374130360022464,2.42164228725562,0.01809208899702337,2.403550198258597,0.007470999780701149,2.418871482453708
P2b,307,0.5986328125,0.4770196399198409,0,0.4770196399198409,2.352809626988961,0.01725996435644167,2.33554966263252,0.007335894990590603,2.349968397349558
P2b,308,0.6005859375,0.4224048391025294,0,0.4224048391025294,2.284610267302625,0.01645608048284161,2.268154186819784,0.007203014325183279,2.281708886819958
P2b,309,0.6025390625,0.3731522552600619,0,0.3731522552600619,2.217103637032909,0.01568023806150638,2.201423398971403,0.007072397428606822,2.214151994372573
P2b,310,0.6044921875,0.3288575507230967,0,0.3288575507230967,2.15034625201538,0.01493216729422661,2.135414084721154,0.006944075764650304,2.147353832208942
P2b,311,0.6064453125,0.289130645860288,0,0.289130645860288,2.08439167056442,0.01421153481736576,2.070180135747054,0.006818073118435321,2.081367540255396
P2b,312,0.6083984375,0.2535975164299257,0,0.2535975164299257,2.019290458818123,0.0135179503634813,2.005772508454642,0.006694406099156859,2.016243254874376
P2b,313,0.6103515625,0.2219015965811926,0,0.2219015965811926,1.955090165775351,0.01285097313888431,1.942239192636466,0.006573084640210372,1.952028087070967
P2b,314,0.6123046875,0.1937048163057811,0,0.1937048163057811,1.891835307816335,0.01221011789558221,1.879625189920753,0.00645411249337334,1.888766109977324
P2b,315,0.6142578125,0.1686883043403255,0,0.1686883043403255,1.829567362465099,0.01159486068166622,1.817972501783433,0.006337487714059178,1.826498355367465
P2b,316,0.6162109375,0.1465527888975441,0,0.1465527888975441,1.768324771121076,0.01100464425935828,1.757320126861717,0.006223203135010997,1.765262818926798
P2b,317,0.6181640625,0.1270187292332889,0,0.1270187292332889,1.708142950458909,0.01043888318460335,1.697704067274306,0.006111246826150495,1.705094473974756
P2b,318,0.6201171875,0.1098262110194294,0,0.1098262110194294,1.649054312169437,0.009896968546257925,1.639157343623179,0.006001602538631868,1.64602529331519
P2b,319,0.6220703125,0.09473463787463383,0,0.09473463787463383,1.591088290691442,0.009378272366596095,1.581710018324846,0.005894250131474829,1.588084278867641
P2b,320,0.6240234375,0.08152225029444984,0,0.08152225029444984,1.534271378562888,0.008882151668036921,1.525389226894851,0.005789165979460948,1.53129749871342
P2b,321,0.6259765625,0.06998550170583479,0,0.06998550170583479,1.478627169002055,0.008407952213704249,1.470219216788351,0.005686323361269553,1.475688131173558
P2b,322,0.6279296875,0.05993831953401409,0,0.05993831953401409,1.424176405313257,0.007955011931685463,1.416221393381571,0.005585692827101504,1.421276515521104
P2b,323,0.6298828125,0.05121127709150737,0,0.05121127709150737,1.370937036698641,0.007522664034693006,1.363414372663948,0.005487242545294687,1.368080208918003
P2b,324,0.6318359375,0.0436506998549032,0,0.0436506998549032,1.318924280046889,0.007110239848269583,1.311814040198619,0.005390938627664666,1.316114049156867
P2b,325,0.6337890625,0.03711772735232915,0,0.03711772735232915,1.268150687261414,0.006717071361761127,1.261433615899653,0.005296745433515255,1.265390222780232
P2b,326,0.6357421875,0.03148734950397439,0,0.03148734950397439,1.218626217684844,0.00634249351703921,1.212283724167805,0.005204625852452714,1.215918338144452
P2b,327,0.6376953125,0.02664743389207945,0,0.02664743389207945,1.170358315173077,0.005985846250419423,1.164372468922657,0.005114541566301613,1.167705502992085
P2b,328,0.6396484375,0.02249775813014409,0,0.02249775813014409,1.123351989370934,0.005646476303441517,1.117705513067492,0.005026453290569673,1.120756406095426
P2b,329,0.6416015625,0.01894905929047627,0,0.01894905929047627,1.077609900742365,0.005323738818164544,1.072286161924201,0.004940320996027431,1.075073402534675
P2b,330,0.6435546875,0.01592211026376965,0,0.01592211026376965,1.033132448911061,0.005016998732448315,1.028115450178613,0.004856104111081125,1.030656602177007
P2b,331,0.6455078125,0.01334683098615942,0,0.01334683098615942,0.9899178638722518,0.004725631990336226,0.9851922318819155,0.00477376170569447,0.987503960927458
P2b,332,0.6474609375,0.01116144069357161,0,0.01116144069357161,0.9479622996431739,0.004449026582190933,0.943513273060983,0.00469325265769072,0.9456113743288884
P2b,333,0.6494140625,0.009311655759611227,0,0.009311655759611227,0.907259929928114,0.004186583428658017,0.903073346499456,0.004614535802313828,0.9049727730963781
P2b,334,0.6513671875,0.007749936245945965,0,0.007749936245945965,0.8678030453839535,0.003937717121888317,0.8638653282620652,0.004537570065965948,0.8655802201809487
P2b,335,0.6533203125,0.006434783042835535,0,0.006434783042835535,0.8295821520836247,0.003701856536749569,0.8258802955468751,0.004462314585061624,0.8274240089685472
P2b,336,0.6552734375,0.005330086398052976,0,0.005330086398052976,0.7925860707876971,0.003478445324023526,0.7891076254636735,0.004388728810949879,0.7904927622325475
P2b,337,0.6572265625,0.004404525717789598,0,0.004404525717789598,0.7568020366483483,0.003266942296832032,0.7535350943515163,0.0043167726018555,0.7547735314715522
P2b,338,0.6591796875,0.003631019763683731,0,0.003631019763683731,0.7222157989850752,0.003066821720778569,0.7191489772642966,0.004246406302781457,0.7202518962788815
P2b,339,0.6611328125,0.002986225754548734,0,0.002986225754548734,0.6888117207875667,0.002877573517542083,0.6859341472700247,0.004177590814296759,0.6869120634056851
P2b,340,0.6630859375,0.002450085397180743,0,0.002450085397180743,0.6565728776180422,0.002698703390926796,0.6538741742271154,0.004110287651109391,0.6547369651960087
P2b,341,0.6650390625,0.002005415504586071,0,0.002005415504586071,0.6254811556029495,0.002529732883662893,0.6229514227192866,0.004044458991293332,0.6237083570892404
P2b,342,0.6669921875,0.001637540598602593,0,0.001637540598602593,0.59551734822208,0.002370199372575056,0.5931471488495049,0.003980067717004883,0.5938069139030584
P2b,343,0.6689453125,0.001333964723822125,0,0.001333964723822125,0.5666612516217855,0.002219656009090134,0.5644415956126954,0.00391707744748291,0.5650123246281709
P2b,344,0.6708984375,0.001084079607976855,0,0.001084079607976855,0.5388917581979378,0.002077671611449173,0.5368140865864885,0.003855452565088281,0.5373033854846623
P2b,345,0.6728515625,0.0008789062781950871,0,0.0008789062781950871,0.5121869482134753,0.001943830514419566,0.5102431176990557,0.003795158235093085,0.510658091008556
P2b,346,0.6748046875,0.0007108672712379662,0,0.0007108672712379662,0.4865241792346842,0.001817732381774758,0.4847064468529094,0.003736160419887252,0.4850537229561074
P2b,347,0.6767578125,0.0005735866484163002,0,0.0005735866484163002,0.4618801731896995,0.001698991986318148,0.4601811812033814,0.003678425888223507,0.4604669368323241
P2b,348,0.6787109375,0.0004617151327884867,0,0.0004617151327884867,0.4382311008719614,0.001587238961778249,0.4366438619101831,0.003621922220079937,0.4368738458691023
P2b,349,0.6806640625,0.000370777818942985,0,0.000370777818942985,0.4155526637304318,0.00148211753048647,0.4140705461999453,0.003566617807671946,0.4142501022971341
P2b,350,0.6826171875,0.0002970420567138043,0,0.0002970420567138043,0.3938201728071989,0.001383286210372226,0.3924368865968267,0.003512481853105671,0.3925709757742527
P2b,351,0.6845703125,0.0002374032731379326,0,0.0002374032731379326,0.373008624701564,0.00129041750446433,0.3717182071970996,0.003459484363120999,0.3718114288510812
P2b,352,0.6865234375,0.0001892866663967028,0,0.0001892866663967028,0.353092774457766,0.001203197575775142,0.3518895768819909,0.003407596141333836,0.3519461893726545
P2b,353,0.6884765625,0.0001505628768674557,0,0.0001505628768674557,0.3340472052910664,0.00112132591015967,0.3329258793809067,0.003356788778348323,0.3329498197320145
P2b,354,0.6904296875,0.0001194759100735064,0,0.0001194759100735064,0.3158463950839382,0.001044514969485295,0.3148018801144529,0.003307034640074673,0.3147967829085948
P2b,355,0.6923828125,9.458175135136969e-05,0,9.458175135136969e-05,0.2984647796005226,0.0009724898372149842,0.2974922897633076,0.003258306854552836,0.2974615052404211
P2b,356,0.6943359375,7.469627022783129e-05,0,7.469627022783129e-05,0.2818768123832752,0.0009049878582977673,0.2809718245249774,0.003210579297552265,0.2809184358947477
P2b,357,0.6962890625,5.885116218532037e-05,0,5.885116218532037e-05,0.2660570213107916,0.0008417582750703486,0.2652152630357213,0.003163826577187218,0.2651421030166415
P2b,358,0.6982421875,4.625681557487042e-05,0,4.625681557487042e-05,0.2509800618101285,0.0007825618607028832,0.2501974999494256,0.003118024017760053,0.2501071665492181
P2b,359,0.7001953125,3.627112122835952e-05,0,3.627112122835952e-05,0.2366207667304993,0.0007271705515675165,0.2358935961789318,0.003073147643020411,0.2357884677326532
P2b,360,0.7021484375,2.837336150236465e-05,0,2.837336150236465e-05,0.2229541928979941,0.0006753670797681659,0.2222788258182259,0.003029174159003861,0.2221610753017497
P2b,361,0.7041015625,2.214242402383248e-05,0,2.214242402383248e-05,0.2099556643829297,0.0006269446069438196,0.2093287197759859,0.002986080936594121,0.2092003284136922
P2b,362,0.7060546875,1.723868350329749e-05,0,1.723868350329749e-05,0.1976008125225736,0.0005817063603424096,0.1970191061622311,0.002943845993932624,0.1968818763486536
P2b,363,0.7080078125,1.338898301257073e-05,0,1.338898301257073e-05,0.1858656127522785,0.0005394652720579609,0.1853261474802206,0.002902447978782173,0.1851817150361413
P2b,364,0.7099609375,1.037422459939056e-05,0,1.037422459939056e-05,0.1747264183075328,0.0005000436222288003,0.174226374685304,0.002861866150937076,0.1740762204693491
P2b,365,0.7119140625,8.019148630824486e-06,0,8.019148630824486e-06,0.1641599908680525,0.0004632726869073355,0.1636967181811452,0.002822080364756489,0.1635421790783503
P2b,366,0.7138671875,6.183942476576683e-06,0,6.183942476576683e-06,0.1541435282228403,0.0004289923912326423,0.1537145358316077,0.002783071051886537,0.1535568151406994
P2b,367,0.7158203125,4.75737274840285e-06,0,4.75737274840285e-06,0.1446546890421117,0.0003970509684640649,0.1442576380736476,0.00274481920422556,0.1440978153149434
P2b,368,0.7177734375,3.651181995119821e-06,0,3.651181995119821e-06,0.135671614848158,0.0003673046253668773,0.1353043102227911,0.002707306357176925,0.1351433503886678
P2b,369,0.7197265625,2.795531196199853e-06,0,2.795531196199853e-06,0.1271729492826011,0.0003396172143792601,0.1268333320682219,0.00267051457322555,0.1266720943380541
P2b,370,0.7216796875,2.135304258733161e-06,0,2.135304258733161e-06,0.1191378547721087,0.0003138599129326797,0.118823994859176,0.002634426425866428,0.1186632408005125
P2b,371,0.7236328125,1.627120627094448e-06,0,1.627120627094448e-06,0.111546026698511,0.0002899109102450719,0.1112561157882659,0.002599024983907758,0.1110965170657999
P2b,372,0.7255859375,1.236927646175363e-06,0,1.236927646175363e-06,0.1043777051824208,0.0002676551018571757,0.1041100500805637,0.002564293796164564,0.10395219569418
P2b,373,0.7275390625,9.380660174009196e-07,0,9.380660174009196e-07,0.09761368459192282,0.0002469837921371945,0.09736670079978563,0.002530216876554945,0.09721110387263085
P2b,374,0.7294921875,7.097200453864708e-07,0,7.097200453864708e-07,0.09123532088971736,0.0002277944049368063,0.09100752648478055,0.002496778689605943,0.09085463062191768
P2b,375,0.7314453125,5.356798386555135e-07,0,5.356798386555135e-07,0.08522453693329041,0.0002099902025426639,0.08501454673074774,0.002463964136373472,0.08486473196853014
P2b,376,0.7333984375,4.033556010181024e-07,0,4.033556010181024e-07,0.07956382584328463,0.0001934800130312915,0.07937034583025333,0.002431758540776878,0.07922393419608494
P2b,377,0.7353515625,3.029949875437468e-07,0,3.029949875437468e-07,0.07423625255529175,0.000178177966101822,0.07405807458918992,0.002400147636346724,0.07391533529084328
P2b,378,0.7373046875,2.270635154072225e-07,0,2.270635154072225e-07,0.06922545366981647,0.0001640032374300278,0.06906145043238644,0.00236911755338248,0.06892260469552568
P2b,379,0.7392578125,1.697554913242734e-07,0,1.697554913242734e-07,0.06451563571420812,0.000150879801558355,0.06436475591264977,0.002338654806514246,0.06422998148466244
P2b,380,0.7412109375,1.266090843051901e-07,0,1.266090843051901e-07,0.06009157192895855,0.0001387361933103298,0.05995283573564822,0.002308746282662508,0.05982227107332842
P2b,381,0.7431640625,9.420424318691887e-08,0,9.420424318691887e-08,0.05593859768895848,0.0001275052776932792,0.0558110924112652,0.002279379229387565,0.05568484056931548
P2b,382,0.7451171875,6.992631194865308e-08,0,6.992631194865308e-08,0.05204260466812665,0.0001171240282310502,0.0519254806398956,0.002250541243620392,0.05180361287663417
P2b,383,0.7470703125,5.178158538012359e-08,0,5.178158538012359e-08,0.04839003385331339,0.0001075333136479573,0.04828250053966544,0.002222220260765414,0.04816505965573442
P2b,384,0.7490234375,3.825380360610235e-08,0,3.825380360610235e-08,0.04496786751056608,9.867769280661502e-05,0.04486918981775946,0.002194404544165426,0.04475619324303985
P2b,385,0.7509765625,2.819281659331187e-08,0,2.819281659331187e-08,0.0417636202037675,9.050521778547191e-05,0.04167311498598202,0.002167082674918767,0.04156455762932835
P2b,386,0.7529296875,2.072845196777925e-08,0,2.072845196777925e-08,0.03876532896234746,8.29672449666477e-05,0.03868236171738081,0.002140243542038126,0.03857821859320078
P2b,387,0.7548828125,1.520406908349939e-08,0,1.520406908349939e-08,0.03596154269126157,7.601825399109561e-05,0.03588552443727048,0.002113876332940732,0.03578575308238903
P2b,388,0.7568359375,1.11254442102341e-08,0,1.11254442102341e-08,0.03334131091275666,6.961567442599985e-05,0.03327169523833066,0.00208797052425927,0.0331762379320003
P2b,389,0.7587890625,8.121559820538392e-09,0,8.121559820538392e-09,0.03089417192563083,6.371971997868217e-05,0.03083045220565215,0.00206251587296367,0.03073923800500227
P2b,390,0.7607421875,5.914609766107687e-09,0,5.914609766107687e-09,0.02861014046377921,5.829323008194861e-05,0.02855184723369726,0.002037502407782603,0.02846479383635428
P2b,391,0.7626953125,4.29711825874928e-09,0,4.29711825874928e-09,0.02647969493181685,5.330151866786437e-05,0.02642639341314898,0.002012920420915408,0.02634340885821054
P2b,392,0.7646484375,3.114534004765559e-09,0,3.114534004765559e-09,0.0244937642915177,4.87122299401154e-05,0.02444505206157759,0.001988760460023887,0.02436603627958756
P2b,393,0.7666015625,2.252026046798518e-09,0,2.252026046798518e-09,0.02264371466872599,4.449520094952624e-05,0.02259921946777647,0.001965013320494631,0.0225240656898235
P2b,394,0.7685546875,1.624494715166257e-09,0,1.624494715166257e-09,0.0209213357463056,4.062233077274924e-05,0.02088071341553285,0.001941670037962205,0.02080930945108568
P2b,395,0.7705078125,1.169035656522884e-09,0,1.169035656522884e-09,0.01931882700461655,3.706745609063466e-05,0.01928175954852592,0.001918721881084021,0.01921398894112371
P2b,396,0.7724609375,8.392701438581603e-10,0,8.392701438581603e-10,0.01782878386696384,3.380623296022987e-05,0.01779497763400361,0.001896160344557866,0.01773072070343939
P2b,397,0.7744140625,6.010911741128128e-10,0,6.010911741128128e-10,0.01644418380347086,3.081602457269477e-05,0.01641336777889817,0.001873977142373612,0.01635250255806934
P2b,398,0.7763671875,4.294805394035298e-10,0,4.294805394035298e-10,0.01515837244290334,2.807579478857374e-05,0.01513029664811476,0.001852164201290484,0.01507269972226604
P2b,399,0.7783203125,3.061337347629812e-10,0,3.061337347629812e-10,0.01396504973812479,2.556600724180056e-05,0.01393948373088299,0.001830713654531783,0.01388503098653441
P2b,400,0.7802734375,2.176924920550385e-10,0,2.176924920550385e-10,0.01285825622711391,2.32685298044511e-05,0.01283498769730946,0.001809617835689515,0.01278355498774602
P2b,401,0.7822265625,1.544330588145181e-10,0,1.544330588145181e-10,0.01183235942782908,2.116654420553411e-05,0.01181119288362354,0.001788869272830872,0.01176265661742275
P2b,402,0.7841796875,1.092953429667008e-10,0,1.092953429667008e-10,0.01088204040167618,1.924446059900216e-05,0.01086279594107718,0.001768460682799698,0.01081703359976657
P2b,403,0.7861328125,7.716628670829949e-11,0,7.716628670829949e-11,0.01000228051693038,1.748783687857211e-05,0.009984792680051806,0.0017483849657057,0.009941683270620599
P2b,404,0.7880859375,5.435232275846172e-11,0,5.435232275846172e-11,0.009188348440188763,1.5883302539851e-05,0.009172465137648913,0.001728635199594662,0.009131889585285753
P2b,405,0.7900390625,3.819206809767399e-11,0,3.819206809767399e-11,0.008435787380794183,1.441848689360088e-05,0.008421368893900582,0.001709204635293151,0.00838321037999243
P2b,406,0.7919921875,2.677273903868272e-11,0,2.677273903868272e-11,0.007740402610175453,1.30819514377015e-05,0.007727320658737751,0.001690086691421465,0.007691464908844045
P2b,407,0.7939453125,1.872306715008934e-11,0,1.872306715008934e-11,0.007098249275199909,1.186312619943594e-05,0.007086386149000473,0.001671274949568722,0.007052721675210187
P2b,408,0.7958984375,1.306248324014213e-11,0,1.306248324014213e-11,0.006505620521932138,1.075224986408963e-05,0.006494868272068049,0.00165276314962439,0.006463286573855896
P2b,409,0.7978515625,9.091573599274251e-12,0,9.091573599274251e-12,0.005959035943640139,9.740313510471539e-06,0.005949295630129667,0.001634545185260549,0.005919691357550408
P2b,410,0.7998046875,6.312725901978015e-12,0,6.312725901978015e-12,0.005455230364486846,8.819007778804956e-06,0.005446411356708042,0.001616615099559508,0.005418682439504676
P2b,411,0.8017578125,4.372797518021501e-12,0,4.372797518021501e-12,0.004991142968090859,7.980673301452786e-06,0.004983162294789406,0.001598967080781787,0.004957210040741285
P2b,412,0.8037109375,3.021804504496938e-12,0,3.021804504496938e-12,0.004563906778033916,7.218254232102698e-06,0.004556688523801813,0.001581595458269252,0.00453241768940223
P2b,413,0.8056640625,2.083233361795909e-12,0,2.083233361795909e-12,0.004170838495432498,6.525254714315408e-06,0.004164313240718183,0.001564494698478793,0.004141632077047098
P2b,414,0.8076171875,1.432761954846663e-12,0,1.432761954846663e-12,0.003809428696873969,5.895698135696618e-06,0.003803532998738273,0.001547659401141869,0.003782353275184196
P2b,415,0.8095703125,9.830479934491187e-13,0,9.830479934491187e-13,0.003477332394341068,5.32408901936718e-06,0.003472008305321701,0.001531084295545483,0.003452245313607097
P2b,416,0.8115234375,6.728836295093047e-13,0,6.728836295093047e-13,0.003172359957208555,4.805377409849641e-06,0.003167554579798705,0.001514764236930422,0.003149127120574836
P2b,417,0.8134765625,4.594833357412827e-13,0,4.594833357412827e-13,0.00289246839498826,4.334925615936985e-06,0.002888133469372322,0.001498694203002547,0.002870963823472005
P2b,418,0.8154296875,3.130142644159335e-13,0,3.130142644159335e-13,0.002635752998219294,3.908477178543103e-06,0.002631844521040751,0.001482869290553271,0.002615858407310562
P2b,419,0.8173828125,2.12727215081947e-13,0,2.12727215081947e-13,0.002400439333743901,3.522127936931182e-06,0.00239691720580697,0.001467284712185503,0.002382043727283594
P2b,420,0.8193359375,1.442269903897707e-13,0,1.442269903897707e-13,0.002184875589571376,3.172299072059095e-06,0.002181703290499317,0.001451935793141169,0.002167874870547386
P2b,421,0.8212890625,9.755164313041173e-14,0,9.755164313041173e-14,0.001987525263607268,2.855712011056276e-06,0.001984669551596212,0.001436817968227125,0.001971821861487024
P2b,422,0.8232421875,6.582444378169106e-14,0,6.582444378169106e-14,0.001806960189707493,2.569365082035392e-06,0.001804390824625458,0.00142192677883585,0.001792462703906644
P2b,423,0.8251953125,4.431026714009524e-14,0,4.431026714009524e-14,0.00164185389380126,2.310511813536795e-06,0.001639543381987723,0.001407257870057757,0.001628476752873063
P2b,424,0.8271484375,2.975679136104897e-14,0,2.975679136104897e-14,0.001490975272207417,2.076640777889754e-06,0.001488898631429528,0.001392806987881997,0.001478638408325226
P2b,425,0.8291015625,1.993574146141086e-14,0,1.993574146141086e-14,0.001353182583740322,1.865456882643743e-06,0.001351317126857678,0.001378569976482736,0.001341811122036078
P2b,426,0.8310546875,1.332426455170493e-14,0,1.332426455170493e-14,0.001227417746757864,1.674864018966933e-06,0.001225742882738897,0.00136454277558799,0.001216941709072546
P2b,427,0.8330078125,8.884206865513725e-15,0,8.884206865513725e-15,0.001112700931940506,1.502948980520769e-06,0.001111197982959985,0.001350721417928253,0.001103054954537706
P2b,428,0.8349609375,5.909607525538606e-15,0,5.909607525538606e-15,0.001008125441300371,1.34796657079329e-06,0.001006777474729577,0.001337102026762227,0.0009992485060914462
P2b,429,0.8369140625,3.921598944415841e-15,0,3.921598944415841e-15,0.0009128528636983316,1.208325821205072e-06,0.0009116445378771266,0.001323680813477061,0.0009046880425266954
P2b,430,0.8388671875,2.596164913366223e-15,0,2.596164913366223e-15,0.00082610849698931,1.082577246487026e-06,0.000825025919742823,0.00131045407526057,0.0008186027085220993
P2b,431,0.8408203125,1.71461230722852e-15,0,1.71461230722852e-15,0.0007471770268165172,9.694010678661619e-07,0.0007462076257486511,0.001297418192843094,0.0007402808055941228
P2b,432,0.8427734375,1.129702678475518e-15,0,1.129702678475518e-15,0.0006753984520291597,8.675963384819658e-07,0.0006745308556906777,0.001284569628306622,0.0006690657292265535
P2b,433,0.8447265625,7.42552118495309e-16,0,7.42552118495309e-16,0.0006101642467003789,7.760709091917965e-07,0.0006093881757911871,0.001271904922959024,0.0006043521421588547
P2b,434,0.8466796875,4.869162691952426e-16,0,4.869162691952426e-16,0.0005509137487683214,6.938321765082137e-07,0.0005502199165918132,0.001259420695271111,0.0005455823738619262
P2b,435,0.8486328125,3.185269560027672e-16,0,3.185269560027672e-16,0.0004971307654087901,6.1997855784548e-07,0.0004965107868509446,0.001247113638874617,0.000492243036316322
P2b,436,0.8505859375,2.078751894901356e-16,0,2.078751894901356e-16,0.0004483403853687112,5.536916425371538e-07,0.000447786693726174,0.001234980520618955,0.0004438618463295331
P2b,437,0.8525390625,1.353392253003392e-16,0,1.353392253003392e-16,0.000404105988641699,4.942289702242083e-07,0.0004036117596714748,0.001223018178684842,0.0004000046447816627
P2b,438,0.8544921875,8.790412909601914e-17,0,8.790412909601914e-17,0.0003640264440464717,4.409173912051819e-07,0.0003635855266552665,0.001211223520753054,0.000360272603368927
P2b,439,0.8564453125,5.695861574331909e-17,0,5.695861574331909e-17,0.0003277334854722619,3.931469661891672e-07,0.0003273403385060727,0.001199593522226284,0.0003242996096182584
P2b,440,0.8583984375,3.681918219963792e-17,0,3.681918219963792e-17,0.0002948892577792861,3.503653656024114e-07,0.0002945388924136838,0.001188125224502573,0.0002917498211706835
P2b,441,0.8603515625,2.374397417275267e-17,0,2.374397417275267e-17,0.0002651840235836785,3.12072731172678e-07,0.0002648719508525059,0.001176815733298518,0.0002623153805727995
P2b,442,0.8623046875,1.527556370144985e-17,0,1.527556370144985e-17,0.0002383340224121352,2.778169649563628e-07,0.0002380562054471788,0.001165662217020583,0.000235714282071839
P2b,443,0.8642578125,9.804052795798566e-18,0,9.804052795798566e-18,0.0002140794739791405,2.471894132853338e-07,0.0002138322845658551,0.001154661905183023,0.0002116883821776313
P2b,444,0.8662109375,6.277382585546694e-18,0,6.277382585546694e-18,0.0001921827176165765,2.198209152975216e-07,0.000191962896701279,0.001143812086870819,0.0001900015460319002
P2b,445,0.8681640625,4.009739109187065e-18,0,4.009739109187065e-18,0.0001724264801694271,1.953781877816943e-07,0.0001722311019816454,0.001133110109246067,0.0001704379219093421
P2b,446,0.8701171875,2.555160563777607e-18,0,2.555160563777607e-18,0.0001546122649600878,1.735605200168606e-07,0.0001544387044400709,0.001122553376096419,0.0001528003364638211
P2b,447,0.8720703125,1.624369538763521e-18,0,1.624369538763521e-18,0.0001385588547155573,1.540967541246231e-07,0.0001384047579614327,0.001112139346424038,0.0001369088036248162
P2b,448,0.8740234375,1.030186937271086e-18,0,1.030186937271086e-18,0.0001241009216447769,1.367425281830511e-07,0.0001239641791165938,0.001101865533073632,0.0001225991403422275
P2b,449,0.8759765625,6.517961667582964e-19,0,6.517961667582964e-19,0.0001110877381460278,1.212777609776014e-07,0.0001109664603850502,0.001091729501398062,0.0001097216826702717
P2b,450,0.8779296875,4.114074260395284e-19,0,4.114074260395284e-19,9.938198191519704e-05,1.075043587927574e-07,9.927447755640428e-05,0.001081728867960101,9.814009597201784e-05
P2b,451,0.8798828125,2.590580024354066e-19,0,2.590580024354066e-19,8.885862951361746e-05,9.524412608170413e-08,8.876338538753576e-05,0.001071861299268723,8.773027331391884e-05
P2b,452,0.8818359375,1.62737057644681e-19,0,1.62737057644681e-19,7.940393273798755e-05,8.43368631949455e-08,7.931959587479261e-05,0.001062124510548304,7.837931640336685e-05
P2b,453,0.8837890625,1.019859786854341e-19,0,1.019859786854341e-19,7.091447241360138e-05,7.463863560652591e-08,7.083983377799485e-05,0.001052516264539116,6.998459370088725e-05
P2b,454,0.8857421875,6.376157518825463e-20,0,6.376157518825463e-20,6.329628450494327e-05,6.602020025265586e-08,6.323026430469062e-05,0.001043034370327059,6.245287061124264e-05
P2b,455,0.8876953125,3.976877085938364e-20,0,3.976877085938364e-20,5.646405370390209e-05,5.836557569624666e-08,5.640568812820584e-05,0.001033676682200611,5.569950692373828e-05
P2b,456,0.8896484375,2.474513688229073e-20,0,2.474513688229073e-20,5.03403699148364e-05,5.1570743856093e-08,5.028879917098031e-05,0.001024441098532611,4.964771693079875e-05
P2b,457,0.8916015625,1.536038545145677e-20,0,1.536038545145677e-20,4.485504330697029e-05,4.554247199515271e-08,4.480950083497514e-05,0.001015325560683956,4.422788790492417e-05
P2b,458,0.8935546875,9.512155223009021e-21,0,9.512155223009021e-21,3.994447384772069e-05,4.019724455238517e-08,3.99042766031683e-05,0.001006328051925984,3.937695285703098e-05
P2b,459,0.8955078125,5.876521164431974e-21,0,5.876521164431974e-21,3.555107146522818e-05,3.546029523056027e-08,3.551561116999762e-05,0.0009974465963773636,3.503781373362204e-05
P2b,460,0.8974609375,3.621814823043536e-21,0,3.621814823043536e-21,3.162272321435375e-05,3.126473052194611e-08,3.15914584838318e-05,0.0009886792579506514,3.115881143597794e-05
P2b,461,0.8994140625,2.226879618098004e-21,0,2.226879618098004e-21,2.811230403754561e-05,2.755073656819875e-08,2.808475330097741e-05,0.0009800241393022483,2.769323926145555e-05
P2b,462,0.9013671875,1.365940556895315e-21,0,1.365940556895315e-21,2.497722792018049e-05,2.426486191344851e-08,2.495296305826704e-05,0.0009714793807780238,2.459889657492406e-05
P2b,463,0.9033203125,8.358559169228236e-22,0,8.358559169228236e-22,2.217903643919975e-05,2.135936932363319e-08,2.215767706987612e-05,0.0009630431593449268,2.183767971732626e-05
P2b,464,0.9052734375,5.102647921692477e-22,0,5.102647921692477e-22,1.968302189411257e-05,1.879165041359277e-08,1.966423024369898e-05,0.0009547136874960029,1.937520734834222e-05
P2b,465,0.9072265625,3.10759452037034e-22,0,3.10759452037034e-22,1.745788239078503e-05,1.652369734922028e-08,1.744135869343581e-05,0.0009464892121132715,1.718047760121322e-05
P2b,466,0.9091796875,1.888068087694906e-22,0,1.888068087694906e-22,1.547540642098081e-05,1.452162637777106e-08,1.546088479460304e-05,0.0009383680132680291,1.522555460006566e-05
P2b,467,0.9111328125,1.144393857064587e-22,0,1.144393857064587e-22,1.37101846445066e-05,1.275524838793365e-08,1.369742939611867e-05,0.0009303484029330291,1.348528205369413e-05
P2b,468,0.9130859375,6.919870153076411e-23,0,6.919870153076411e-23,1.213934673621403e-05,1.119768211490054e-08,1.212814905409913e-05,0.000922428723573377,1.19370217948977e-05
P2b,469,0.9150390625,4.174312264850489e-23,0,4.174312264850489e-23,1.074232130721976e-05,9.825005986841703e-09,1.073249630123292e-05,0.0009146073465740088,1.056041528130659e-05
P2b,470,0.9169921875,2.51209745658745e-23,0,2.51209745658745e-23,9.500617048746107e-06,8.615944960087601e-09,9.49200110378602e-06,0.0009068826704497824,9.337166212416057e-06
P2b,471,0.9189453125,1.508177977728797e-23,0,1.508177977728797e-23,8.397623378196854e-06,7.551589013092836e-09,8.39007178918376e-06,0.0008992531187692203,8.25084254849687e-06
P2b,472,0.9208984375,9.033026148280529e-24,0,9.033026148280529e-24,7.418428990722035e-06,6.615140265867401e-09,7.411813850456168e-06,0.0008917171377040505,7.286696340433902e-06
P2b,473,0.9228515625,5.39732414501596e-24,0,5.39732414501596e-24,6.549656835857267e-06,5.791685963904472e-09,6.543865149893363e-06,0.0008842731930926291,6.431499895624956e-06
P2b,474,0.9248046875,3.217275828226994e-24,0,3.217275828226994e-24,5.779314148125019e-06,5.067994815472857e-09,5.774246153309545e-06,0.00087691976687529,5.673396914124872e-06
P2b,475,0.9267578125,1.91321004459184e-24,0,1.91321004459184e-24,5.096656263038153e-06,4.432334400133819e-09,5.092223928638019e-06,0.0008696553527217222,5.001767331531016e-06
P2b,476,0.9287109375,1.135014918307608e-24,0,1.135014918307608e-24,4.492063046036874e-06,3.874307576049084e-09,4.488188738460825e-06,0.0008624784506235268,4.407104700958543e-06
P2b,477,0.9306640625,6.717459373982284e-25,0,6.717459373982284e-25,3.956926851806399e-06,3.384706005524733e-09,3.953542145800874e-06,0.0008553875601666892,3.880905036138853e-06
P2b,478,0.9326171875,3.966186104113067e-25,0,3.966186104113067e-25,3.483551015452122e-06,2.95537909365351e-09,3.480595636358468e-06,0.0008483811721270109,3.415566121477491e-06
P2b,479,0.9345703125,2.336176709467311e-25,0,2.336176709467311e-25,3.065057955437386e-06,2.579116795151392e-09,3.062478838642234e-06,0.0008414577579442052,3.004296373116581e-06
P2b,480,0.9365234375,1.372786034759192e-25,0,1.372786034759192e-25,2.695306041298739e-06,2.249544890724942e-09,2.693056496408014e-06,0.000834615756524997,2.641032407943281e-06
P2b,481,0.9384765625,8.047566541030962e-26,0,8.047566541030962e-26,2.368814447222766e-06,1.961031467665993e-09,2.3668534157551e-06,0.0008278535577006193,2.320364545347848e-06
P2b,482,0.9404296875,4.70642195608712e-26,0,4.70642195608712e-26,2.080695275869194e-06,1.70860346088231e-09,2.078986672408312e-06,0.0008211694815179288,2.037469529635657e-06
P2b,483,0.9423828125,2.745880973357791e-26,0,2.745880973357791e-26,1.826592295622793e-06,1.487872221202051e-09,1.825104423401591e-06,0.0008145617523776685,1.788049819601808e-06
P2b,484,0.9443359375,1.598222040008038e-26,0,1.598222040008038e-26,1.602625689009712e-06,1.294967178426698e-09,1.601330721831285e-06,0.0008080284668510956,1.568278846143702e-06
P2b,485,0.9462890625,9.280194624306191e-27,0,9.280194624306191e-27,1.405342260572605e-06,1.126476758083772e-09,1.404215783814521e-06,0.0008015675538176663,1.374751689165889e-06
P2b,486,0.9482421875,5.375781575737859e-27,0,5.375781575737859e-27,1.231670599304929e-06,9.793957939139008e-10,1.230691203511015e-06,0.0007951767253895688,1.204440671664938e-06
P2b,487,0.9501953125,3.106638398984925e-27,0,3.106638398984925e-27,1.078880734031059e-06,8.510787535293961e-10,1.078029655277529e-06,0.000788853416956925,1.054655412002241e-06
P2b,488,0.9521484375,1.791036178826217e-27,0,1.791036178826217e-27,9.445478601091054e-07,7.391981630610077e-10,9.438086619460444e-07,0.0007825947146559861,9.230069152038487e-07
P2b,489,0.9541015625,1.030107555606283e-27,0,1.030107555606283e-27,8.265197527420928e-07,6.417076785744114e-10,8.258780450635183e-07,0.0007763972687228081,8.073753208826269e-07
P2b,490,0.9560546875,5.910515327055671e-28,0,5.910515327055671e-28,7.228875162154857e-07,5.568093081494774e-10,7.223307069073362e-07,0.000770257191692183,7.058809592644759e-07
P2b,491,0.9580078125,3.383239046149875e-28,0,3.383239046149875e-28,6.319593497307927e-07,4.829243392909216e-10,6.314764253915017e-07,0.0007641699414632314,6.168583980125901e-07
P2b,492,0.9599609375,1.931988700961572e-28,0,1.931988700961572e-28,5.52237039362443e-07,4.186675722555446e-10,5.518183717901875e-07,0.0007581301912289255,5.388331912680079e-07
P2b,493,0.9619140625,1.100629226916196e-28,0,1.100629226916196e-28,4.823949122056554e-07,3.628245013777304e-10,4.820320877042776e-07,0.0007521316916855261,4.705010687381484e-07
P2b,494,0.9638671875,6.25521240673322e-29,0,6.25521240673322e-29,4.212610131747305e-07,3.143311239550685e-10,4.209466820507754e-07,0.0007461671365840122,4.107093269356155e-07
P2b,495,0.9658203125,3.546562707396826e-29,0,3.546562707396826e-29,3.678002873135631e-07,2.722560900907225e-10,3.675280312234724e-07,0.0007402280516942998,3.584402069565056e-07
P2b,496,0.9677734375,2.006031673784663e-29,0,2.006031673784663e-29,3.210995710439932e-07,2.357849374194509e-10,3.208637861065737e-07,0.0007343047412142026,3.127960636414579e-07
P2b,497,0.9697265625,1.13196367392644e-29,0,1.13196367392644e-29,2.803542146455506e-07,2.042061821828311e-10,2.801500084633678e-07,0.0007283863466829174,2.729861497260664e-07
P2b,498,0.9716796875,6.372234585716762e-30,0,6.372234585716762e-30,2.448561755668089e-07,1.768990629531927e-10,2.446792765038557e-07,0.0007224611041305996,2.383148557944606e-07
P2b,499,0.9736328125,3.578619977779841e-30,0,3.578619977779841e-30,2.139834380410353e-07,1.533227556984735e-10,2.138301152853369e-07,0.0007165169281422192,2.081712626278056e-07
P2b,500,0.9755859375,2.004951954867461e-30,0,2.004951954867461e-30,1.871906290369249e-07,1.330068990731284e-10,1.870576221378518e-07,0.0007105425082304288,1.820198770075024e-07
P2b,501,0.9775390625,1.120616258516674e-30,0,1.120616258516674e-30,1.640007139318704e-07,1.15543287034902e-10,1.638851706448355e-07,0.0007045291710309342,1.593924353039453e-07
P2b,502,0.9794921875,6.24848065502078e-31,0,6.24848065502078e-31,1.439976675569375e-07,1.005786023268766e-10,1.438970889546106e-07,0.0006984738297035765,1.398806713618608e-07
P2b,503,0.9814453125,3.475813785261701e-31,0,3.475813785261701e-31,1.268200275298623e-07,8.780807921550895e-11,1.267322194506468e-07,0.0006923833792326906,1.231299563826804e-07
P2b,504,0.9833984375,1.928870780820615e-31,0,1.928870780820615e-31,1.121552471596598e-07,7.696999730961472e-11,1.120782771623501e-07,0.0006862808406997071,1.088337287975663e-07
P2b,505,0.9853515625,1.067860023550038e-31,0,1.067860023550038e-31,9.973477476326666e-08,6.784092046044442e-11,9.966693384280621e-08,0.0006802133019448191,9.672864161069449e-08
P2b,506,0.9873046875,5.897800583113055e-32,0,5.897800583113055e-32,8.932979506558783e-08,6.023160580440928e-11,8.926956345978341e-08,0.0006742610991124065,8.659036345556871e-08
P2b,507,0.9892578125,3.249603702238553e-32,0,3.249603702238553e-32,8.074757653946065e-08,5.398351809217769e-11,8.069359302136847e-08,0.0006685466041918473,7.822997772724564e-08
P2b,508,0.9912109375,1.786221361867457e-32,0,1.786221361867457e-32,7.382837615747349e-08,4.896589367529813e-11,7.377941026379819e-08,0.0006632394781493703,7.149093170624067e-08
P2b,509,0.9931640625,9.79500626733825e-33,0,9.79500626733825e-33,6.84428601456647e-08,4.50733070101771e-11,6.839778683865453e-08,0.0006585538201391505,6.624649464763556e-08
P2b,510,0.9951171875,5.358444276976007e-33,0,5.358444276976007e-33,6.449000601909534e-08,4.222370039747132e-11,6.444778231869787e-08,0.0006547324617238984,6.239769044050123e-08
P2b,511,0.9970703125,2.924403403316695e-33,0,2.924403403316695e-33,6.189545750750132e-08,4.035684500459457e-11,6.185510066249672e-08,0.0006520162646782857,5.987167671422314e-08
P2b,512,0.9990234375,1.592210207341625e-33,0,1.592210207341625e-33,6.061031000965416e-08,3.943320811645306e-11,6.05708768015377e-08,0.0006506023168363936,5.8620548243408e-08
