case,alpha,rho,lambda_c,lambda_r,theta,n,dt,steps,d_eff,mass0,mass_final,mass_drift,min_psi,min_u,min_v,max_psi,variance_final,l2_error_fickian,center_ratio,eq_fraction
P1a,0.25,0.25,2,2,1,512,3.90625e-07,12800,0.75,1,1.000000000000213,2.12940776123105e-13,9.236199229088643e-06,9.22878871189257e-06,7.410517196072869e-09,4.170813674301741,0.00912483050927148,0.003272712539810293,0.01395609806887846,0.5
P1b,0.5,0.25,2,1,1,512,3.90625e-07,12800,0.5,1,0.9999999999984894,-1.511013536514838e-12,6.061031000965416e-08,6.05708768015377e-08,3.943320811645306e-11,4.902349808149178,0.006612438675956131,0.002253490585415257,0.01330388051285651,0.6666666666666666
P1c,0.75,0.25,2,0.66666667,1,512,3.90625e-07,12800,0.25,1,1.000000000000944,9.43245481721533e-13,7.89226442630318e-13,7.888180964607684e-13,4.083461695495726e-16,6.230216624318105,0.004099999999999903,0.0001466432734858086,0.01222079611325038,0.75
P2a,0.5,0.1,2,0.4,1,512,3.90625e-07,12800,0.5,1,1.000000000000891,8.906209103543006e-13,6.07805290980165e-08,6.074098446853748e-08,3.954462947901926e-11,4.897366795880562,0.006619921763490323,0.003673988776745372,0.01333510032539992,0.8333333333333334
P2b,0.5,0.25,2,1,1,512,3.90625e-07,12800,0.5,1,0.9999999999984894,-1.511013536514838e-12,6.061031000965416e-08,6.05708768015377e-08,3.943320811645306e-11,4.902349808149178,0.006612438675956131,0.002253490585415257,0.01330388051285651,0.6666666666666666
P2c,0.5,0.5,2,2,1,512,3.90625e-07,12800,0.5,1,1.000000000000895,8.946177132429511e-13,6.032767468981665e-08,6.028842648425997e-08,3.924820555667982e-11,4.910636529312312,0.006599999980352468,0.0001138584568520941,0.01325211188795119,0.5
P3a,0.75,0.25,0.5,0.16666667,1,512,3.90625e-07,12800,0.25,1,1.000000000002522,2.521760578133581e-12,7.892264426315067e-13,7.891243062220014e-13,1.021364095053036e-16,6.230216624327944,0.004099999999999896,0.0001466432744576911,0.003071674795446621,0.75
P3b,0.75,0.25,2,0.66666667,1,512,3.90625e-07,12800,0.25,1,1.000000000000944,9.43245481721533e-13,7.89226442630318e-13,7.888180964607684e-13,4.083461695495726e-16,6.230216624318105,0.004099999999999903,0.0001466432734858086,0.01222079611325038,0.75
P3c,0.75,0.25,10,3.33333333,1,512,3.90625e-07,12800,0.25,1,1.000000000000944,9.43245481721533e-13,7.892264426303081e-13,7.871900153884543e-13,2.03642724185379e-15,6.230216624318105,0.004099999999999903,0.0001466432734858086,0.05938458672667733,0.75
