bv,nx,h,dt,nTimes,phi_0p5_tf,source_0p5_tf
1.0000000000000000e-02,8,1.2500000000000000e-01,1.0000000000000000e-03,1,6.2437531239585939e-02,1.1763230885537994e+00
1.0000000000000000e-02,16,6.2500000000000000e-02,3.3333333333333332e-04,3,6.2437531239585939e-02,1.1763230885537994e+00
1.0000000000000000e-02,32,3.1250000000000000e-02,1.0000000000000000e-04,10,6.2437531239585939e-02,1.1763230885537994e+00
1.0000000000000000e-02,64,1.5625000000000000e-02,2.5000000000000001e-05,40,6.2437531239585939e-02,1.1763230885537994e+00
1.0000000000000000e-02,128,7.8125000000000000e-03,6.2500000000000003e-06,160,6.2437531239585939e-02,1.1763230885537994e+00
1.0000000000000000e-02,256,3.9062500000000000e-03,1.5625000000000001e-06,640,6.2437531239585939e-02,1.1763230885537994e+00
5.0000000000000000e-01,8,1.2500000000000000e-01,1.0000000000000000e-03,1,6.2437531239585939e-02,1.2924568966594290e+01
5.0000000000000000e-01,16,6.2500000000000000e-02,3.3333333333333332e-04,3,6.2437531239585939e-02,1.2924568966594290e+01
5.0000000000000000e-01,32,3.1250000000000000e-02,1.0000000000000000e-04,10,6.2437531239585939e-02,1.2924568966594290e+01
5.0000000000000000e-01,64,1.5625000000000000e-02,2.5000000000000001e-05,40,6.2437531239585939e-02,1.2924568966594290e+01
5.0000000000000000e-01,128,7.8125000000000000e-03,6.2500000000000003e-06,160,6.2437531239585939e-02,1.2924568966594290e+01
5.0000000000000000e-01,256,3.9062500000000000e-03,1.5625000000000001e-06,640,6.2437531239585939e-02,1.2924568966594290e+01
1.0000000000000000e+00,8,1.2500000000000000e-01,1.0000000000000000e-03,1,6.2437531239585939e-02,2.4912574964594789e+01
1.0000000000000000e+00,16,6.2500000000000000e-02,3.3333333333333332e-04,3,6.2437531239585939e-02,2.4912574964594789e+01
1.0000000000000000e+00,32,3.1250000000000000e-02,1.0000000000000000e-04,10,6.2437531239585939e-02,2.4912574964594789e+01
1.0000000000000000e+00,64,1.5625000000000000e-02,2.5000000000000001e-05,40,6.2437531239585939e-02,2.4912574964594789e+01
1.0000000000000000e+00,128,7.8125000000000000e-03,6.2500000000000003e-06,160,6.2437531239585939e-02,2.4912574964594789e+01
1.0000000000000000e+00,256,3.9062500000000000e-03,1.5625000000000001e-06,640,6.2437531239585939e-02,2.4912574964594789e+01
1.0000000000000000e+01,8,1.2500000000000000e-01,1.0000000000000000e-03,1,6.2437531239585939e-02,2.4069668292860379e+02
1.0000000000000000e+01,16,6.2500000000000000e-02,3.3333333333333332e-04,3,6.2437531239585939e-02,2.4069668292860379e+02
1.0000000000000000e+01,32,3.1250000000000000e-02,1.0000000000000000e-04,10,6.2437531239585939e-02,2.4069668292860379e+02
1.0000000000000000e+01,64,1.5625000000000000e-02,2.5000000000000001e-05,40,6.2437531239585939e-02,2.4069668292860379e+02
1.0000000000000000e+01,128,7.8125000000000000e-03,6.2500000000000003e-06,160,6.2437531239585939e-02,2.4069668292860379e+02
1.0000000000000000e+01,256,3.9062500000000000e-03,1.5625000000000001e-06,640,6.2437531239585939e-02,2.4069668292860379e+02
