case,alpha,rho,lambda_c,lambda_r,n,h,dt,steps,l1_psi,order_l1_psi,l2_psi,order_l2_psi,linf_psi,order_linf_psi,l1_u,order_l1_u,l2_u,order_l2_u,linf_u,order_linf_u,l1_v,order_l1_v,l2_v,order_l2_v,linf_v,order_linf_v
R1a,0.2,0.3,5,7.5,8,0.125,0.0016,625,0.00988583998492247,nan,0.009888018944042374,nan,0.01011324032950379,nan,0.006131450095304117,nan,0.006132568140500287,nan,0.006259695006910333,nan,0.003754389889618354,nan,0.003755479900758823,nan,0.003853545322593457,nan
R1a,0.2,0.3,5,7.5,16,0.0625,0.0004,2500,0.002472941034038096,1.999135714942603,0.002473517805395765,1.999117222599496,0.002532607027298541,1.997550174213063,0.001533748587192132,1.999166298422927,0.001534044603601735,1.999150928028644,0.001567398985916606,1.997719897257115,0.0009391924468459645,1.999085769184344,0.0009394808834815091,1.99906156574526,0.0009652080413819347,1.997274518829861
R1a,0.2,0.3,5,7.5,32,0.03125,0.0001,10000,0.0006183278860836768,1.999783863294464,0.0006184740975737059,1.999779204838775,0.00063342028585903,1.999388261387423,0.0003834925633364799,1.999791508493456,0.0003835676078702641,1.999787635390464,0.0003920044379405949,1.999430576217809,0.0002348353227471968,1.999771378386408,0.000234908435721429,1.999765283605593,0.0002414158479184352,1.999319549081531
R1a,0.2,0.3,5,7.5,64,0.015625,2.5e-05,40000,0.0001545877616665608,1.999945962275686,0.0001546244409643037,1.999944795462332,0.0001583718540072651,1.999847110624802,9.587660491852502e-05,1.999947873543474,9.589543121691816e-05,1.999946903369952,9.80107775001432e-05,1.999857682128226,5.871115674803565e-05,1.999942841128085,5.872949785372178e-05,1.999941314703602,6.036107650716181e-05,1.999829945071309
R1a,0.2,0.3,5,7.5,128,0.0078125,6.25e-06,160000,3.864730262444396e-05,1.999986478801481,3.865648035452118e-05,1.999986186963135,3.959401271744559e-05,1.999961769011583,2.396936793868552e-05,1.999986956414869,2.397407858829492e-05,1.999986713752449,2.45032988239937e-05,1.9999644110666,1.467793468575844e-05,1.999985698848694,1.468252389294731e-05,1.999985317080255,1.509071389345189e-05,1.99995747900879
R1a,0.2,0.3,5,7.5,256,0.00390625,1.5625e-06,640000,9.66185116930096e-06,1.999996190398651,9.664146095774393e-06,1.999996117564042,9.898571661715733e-06,1.999990018813003,5.992357295889536e-06,1.999996313730034,5.993535212699666e-06,1.999996253216222,6.125864254150071e-06,1.999990686031544,3.669493873411438e-06,1.999995988995995,3.670641421063895e-06,1.999995893619665,3.772707407565662e-06,1.999988935428514
R1b,0.4,0.4,10,10,8,0.125,0.0016,625,0.00692514468538941,nan,0.006928394558833663,nan,0.007158036293234513,nan,0.003568463155133398,nan,0.003569873498765558,nan,0.003678564120695633,nan,0.00335668153025601,nan,0.003358544440720456,nan,0.003479472172538883,nan
R1b,0.4,0.4,10,10,16,0.0625,0.0004,2500,0.001732322897542398,1.999136346074127,0.001733181959428124,1.999097966243412,0.001793416000297043,1.996853684456408,0.0008926333153767462,1.99916331873314,0.0008930061977154229,1.99913085893789,0.0009215162788244139,1.997061182278336,0.0008396895821656515,1.999107672194053,0.0008401819262226479,1.999062462590056,0.0008718997214726305,1.996634346263963
R1b,0.4,0.4,10,10,32,0.03125,0.0001,10000,0.0004331455755152195,1.999783981614771,0.0004333632733023238,1.999774326771425,0.0004485980979355882,1.999214765685918,0.0002231907021554137,1.999790725139285,0.0002232852003709971,1.999782557438051,0.0002304962370421187,1.999266453481929,0.000209954873359806,1.999776812935119,0.0002100796340961107,1.999765442726407,0.0002181018608934694,1.999160138543276
R1b,0.4,0.4,10,10,64,0.015625,2.5e-05,40000,0.0001082904478968758,1.9999459894999,0.0001083450559276675,1.999943572071438,0.0001121647792318055,1.999803775784006,5.579969928138904e-05,1.999947675412165,5.582340382878161e-05,1.999945630210213,5.763138163990093e-05,1.999816686130597,5.249074861548672e-05,1.99994419730769,5.25220436436157e-05,1.999941350548458,5.453339759190455e-05,1.999790131888856
R1b,0.4,0.4,10,10,128,0.0078125,6.25e-06,160000,2.707286545205481e-05,1.999986492271038,2.708652893864896e-05,1.999985887684839,2.804214829880622e-05,1.999950944560301,1.395005135594211e-05,1.999986913804224,1.39559824945798e-05,1.99998640230263,1.440830309522301e-05,1.999954171513436,1.31228140961127e-05,1.999986044165066,1.313064440861782e-05,1.999985332215018,1.363384520358321e-05,1.999947534295251
R1b,0.4,0.4,10,10,256,0.00390625,1.5625e-06,640000,6.768233042820145e-06,1.999996444581099,6.7716496318389e-06,1.999996293539374,7.01059751789801e-06,1.999987561477396,3.487521165458048e-06,1.999996555554968,3.489004262457482e-06,1.999996427866952,3.602104791071772e-06,1.999988378118674,3.280711877362097e-06,1.999996326611657,3.282669865460083e-06,1.999996148624453,3.408492726826237e-06,1.999986698448073
R1c,0.3,0.6,2,4,8,0.125,0.0016,625,0.007254110829780331,nan,0.007257194918309906,nan,0.007486246925768637,nan,0.005115189126298269,nan,0.005116766649958234,nan,0.005254543180149351,nan,0.002138921703482063,nan,0.002140590333011696,nan,0.002231703745619287,nan
R1c,0.3,0.6,2,4,16,0.0625,0.0004,2500,0.001814613801597348,1.999136250507148,0.001815429179413954,1.999101368220053,0.001875509887721949,1.996959765826579,0.001279523292478793,1.999181171922004,0.001279940416684327,1.999155788790073,0.001316077823769158,1.997320541880585,0.0005350905091185546,1.999028827500229,0.0005355315628988289,1.998965207164648,0.000559432063952793,1.996110675254119
R1c,0.3,0.6,2,4,32,0.03125,0.0001,10000,0.0004537213878026948,1.999783963691802,0.0004539280242775073,1.999775186958121,0.0004691241529443148,1.999241183652358,0.0003199262319309649,1.999795216178315,0.0003200319449760316,1.999788827509445,0.0003291720312580231,1.999331137945129,0.00013379515587173,1.999757056789256,0.0001339069228281379,1.99974105813754,0.0001399521216862935,1.999029586059972
R1c,0.3,0.6,2,4,64,0.015625,2.5e-05,40000,0.0001134345939113598,1.999945984874541,0.0001134864278390484,1.999943787203638,0.0001172964545692184,1.999810373389745,7.998439654557528e-05,1.999948799348756,8.001091447050716e-05,1.999947199514174,8.230254297260722e-05,1.999832846935939,3.34501973657845e-05,1.999939255025873,3.347823322925485e-05,1.999935249569888,3.499391159661209e-05,1.999757516243812
R1c,0.3,0.6,2,4,128,0.0078125,6.25e-06,160000,2.835891359245025e-05,1.999986512835899,2.837188300477721e-05,1.999985963190681,2.932507680453861e-05,1.999952614882896,1.999627632632544e-05,1.999987216011418,2.000291141423839e-05,1.99998681587072,2.057623145310453e-05,1.999958231407068,8.362637266124912e-06,1.999984831440027,8.369652117017775e-06,1.999983829727758,8.748845351434081e-06,1.999939405407772
R1c,0.3,0.6,2,4,256,0.00390625,1.5625e-06,640000,7.089743814736494e-06,1.999996862861105,7.092986851014705e-06,1.999996725334771,7.331328218951327e-06,1.99998838613528,4.999079305222881e-06,1.999997049534304,5.000738427035949e-06,1.999996949586897,5.14409419513813e-06,1.999989810454427,2.090664509513645e-06,1.999996416498558,2.092418591027843e-06,1.999996165225448,2.187234023814065e-06,1.999985036313015
