case,alpha,rho,lambda_c,lambda_r,n,h,dt,steps,mass0,mass_final,final_drift,max_abs_drift
R2_fast_exchange,0.2,0.3,20,20,32,0.03125,0.0001,10000,0.5,0.4999999999996902,-3.097522238704187e-13,3.097522238704187e-13
R2_fast_exchange,0.2,0.3,20,20,64,0.015625,2.5e-05,40000,0.5,0.5000000000014265,1.426525564340864e-12,1.428634988087651e-12
R2_fast_exchange,0.2,0.3,20,20,128,0.0078125,6.25e-06,160000,0.5,0.5000000000026488,2.648770092150698e-12,2.650879515897486e-12
R2_fast_exchange,0.2,0.3,20,20,256,0.00390625,1.5625e-06,640000,0.5000000000000001,0.5000000000097915,9.791389921076643e-12,9.794498545545594e-12
R2_fast_exchange,0.2,0.3,20,20,512,0.001953125,3.90625e-07,2560000,0.5000000000000002,0.5000000000175912,1.759092871367329e-11,1.759137280288314e-11
R2_slow_exchange,0.2,0.3,0.5,0.5,32,0.03125,0.0001,10000,0.5,0.4999999999997655,-2.344791028008331e-13,2.344791028008331e-13
R2_slow_exchange,0.2,0.3,0.5,0.5,64,0.015625,2.5e-05,40000,0.5,0.5000000000026471,2.647104757613761e-12,2.647104757613761e-12
R2_slow_exchange,0.2,0.3,0.5,0.5,128,0.0078125,6.25e-06,160000,0.5,0.5000000000036487,3.648747970430577e-12,3.648858992733039e-12
R2_slow_exchange,0.2,0.3,0.5,0.5,256,0.00390625,1.5625e-06,640000,0.5000000000000001,0.4999999999919361,-8.063993917062362e-12,8.063993917062362e-12
R2_slow_exchange,0.2,0.3,0.5,0.5,512,0.001953125,3.90625e-07,2560000,0.5000000000000002,0.5000000000435354,4.353517546462626e-11,4.35359526207435e-11
