x,u,v,psi
1.9531250000000000e-03,2.3925974273071748e-01,2.6071438285232917e-01,4.9997412558304666e-01
5.8593750000000000e-03,2.3925045991415628e-01,2.6072368125467965e-01,4.9997414116883593e-01
9.7656250000000000e-03,2.3923189987265242e-01,2.6074227245837367e-01,4.9997417233102609e-01
1.3671875000000000e-02,2.3920407378605413e-01,2.6077014526479386e-01,4.9997421905084799e-01
1.7578125000000000e-02,2.3916699841578520e-01,2.6080728288437005e-01,4.9997428130015525e-01
2.1484375000000000e-02,2.3912069609466785e-01,2.6085366294678702e-01,4.9997435904145487e-01
2.5390625000000000e-02,2.3906519471346283e-01,2.6090925751445460e-01,4.9997445222791742e-01
2.9296875000000000e-02,2.3900052770415114e-01,2.6097403309926120e-01,4.9997456080341235e-01
3.3203125000000000e-02,2.3892673401967468e-01,2.6104795068285758e-01,4.9997468470253226e-01
3.7109375000000000e-02,2.3884385811066910e-01,2.6113096573998146e-01,4.9997482385065056e-01
4.1015625000000000e-02,2.3875194989841131e-01,2.6122302826553701e-01,4.9997497816394831e-01
4.4921875000000000e-02,2.3865106474501424e-01,2.6132408280446001e-01,4.9997514754947425e-01
4.8828125000000000e-02,2.3854126341990550e-01,2.6143406848528622e-01,4.9997533190519172e-01
5.2734375000000000e-02,2.3842261206327486e-01,2.6155291905678191e-01,4.9997553112005677e-01
5.6640625000000000e-02,2.3829518214632955e-01,2.6168056292773889e-01,4.9997574507406845e-01
6.0546875000000000e-02,2.3815905042800628e-01,2.6181692321034394e-01,4.9997597363835022e-01
6.4453125000000000e-02,2.3801429890904496e-01,2.6196191776617533e-01,4.9997621667522030e-01
6.8359375000000000e-02,2.3786101478227362e-01,2.6211545925601215e-01,4.9997647403828577e-01
7.2265625000000000e-02,2.3769929038036092e-01,2.6227745519215817e-01,4.9997674557251909e-01
7.6171875000000000e-02,2.3752922312002089e-01,2.6244780799433914e-01,4.9997703111436004e-01
8.0078125000000000e-02,2.3735091544337517e-01,2.6262641504842826e-01,4.9997733049180343e-01
8.3984375000000000e-02,2.3716447475639135e-01,2.6281316876812955e-01,4.9997764352452090e-01
8.7890625000000000e-02,2.3697001336391693e-01,2.6300795666003490e-01,4.9997797002395183e-01
9.1796875000000000e-02,2.3676764840222919e-01,2.6321066139119731e-01,4.9997830979342650e-01
9.5703125000000000e-02,2.3655750176839674e-01,2.6342116085987616e-01,4.9997866262827290e-01
9.9609375000000000e-02,2.3633970004689875e-01,2.6363932826906544e-01,4.9997902831596419e-01
1.0351562500000000e-01,2.3611437443336070e-01,2.6386503220286173e-01,4.9997940663622242e-01
1.0742187500000000e-01,2.3588166065552940e-01,2.6409813670563365e-01,4.9997979736116305e-01
1.1132812500000000e-01,2.3564169889144099e-01,2.6433850136398157e-01,4.9998020025542256e-01
1.1523437500000000e-01,2.3539463368509783e-01,2.6458598139122014e-01,4.9998061507631797e-01
1.1914062500000000e-01,2.3514061385933516e-01,2.6484042771463978e-01,4.9998104157397494e-01
1.2304687500000000e-01,2.3487979242626433e-01,2.6510168706522491e-01,4.9998147949148924e-01
1.2695312500000000e-01,2.3461232649486413e-01,2.6536960207020416e-01,4.9998192856506829e-01
1.3085937500000000e-01,2.3433837717665845e-01,2.6564401134755511e-01,4.9998238852421356e-01
1.3476562500000000e-01,2.3405810948849509e-01,2.6592474960336726e-01,4.9998285909186235e-01
1.3867187500000000e-01,2.3377169225309363e-01,2.6621164773146899e-01,4.9998333998456262e-01
1.4257812500000000e-01,2.3347929799757838e-01,2.6650453291505993e-01,4.9998383091263832e-01
1.4648437500000000e-01,2.3318110284920962e-01,2.6680322873116835e-01,4.9998433158037797e-01
1.5039062500000000e-01,2.3287728642964700e-01,2.6710755525654961e-01,4.9998484168619661e-01
1.5429687500000000e-01,2.3256803174655588e-01,2.6741732917627065e-01,4.9998536092282653e-01
1.5820312500000000e-01,2.3225352508332719e-01,2.6773236389416161e-01,4.9998588897748880e-01
1.6210937500000000e-01,2.3193395588710364e-01,2.6805246964500945e-01,4.9998642553211309e-01
1.6601562500000000e-01,2.3160951665436580e-01,2.6837745360913234e-01,4.9998697026349814e-01
1.6992187500000000e-01,2.3128040281518558e-01,2.6870712002833363e-01,4.9998752284351922e-01
1.7382812500000000e-01,2.3094681261544120e-01,2.6904127032387654e-01,4.9998808293931774e-01
1.7773437500000000e-01,2.3060894699738216e-01,2.6937970321613619e-01,4.9998865021351835e-01
1.8164062500000000e-01,2.3026700947862794e-01,2.6972221484578662e-01,4.9998922432441456e-01
1.8554687500000000e-01,2.2992120602957528e-01,2.7006859889660995e-01,4.9998980492618522e-01
1.8945312500000000e-01,2.2957174494923194e-01,2.7041864671985449e-01,4.9999039166908643e-01
1.9335937500000000e-01,2.2921883673994137e-01,2.7077214745975609e-01,4.9999098419969745e-01
1.9726562500000000e-01,2.2886269398041059e-01,2.7112888818068720e-01,4.9999158216109779e-01
2.0117187500000000e-01,2.2850353119769540e-01,2.7148865399540412e-01,4.9999218519309951e-01
2.0507812500000000e-01,2.2814156473806196e-01,2.7185122819439228e-01,4.9999279293245424e-01
2.0898437500000000e-01,2.2777701263651207e-01,2.7221639237657469e-01,4.9999340501308676e-01
2.1289062500000000e-01,2.2741009448565930e-01,2.7258392658064229e-01,4.9999402106630159e-01
2.1679687500000000e-01,2.2704103130324121e-01,2.7295360941777086e-01,4.9999464072101207e-01
2.2070312500000000e-01,2.2667004539914548e-01,2.7332521820480693e-01,4.9999526360395241e-01
2.2460937500000000e-01,2.2629736024136859e-01,2.7369852909856135e-01,4.9999588933992994e-01
2.2851562500000000e-01,2.2592320032155300e-01,2.7407331723047140e-01,4.9999651755202440e-01
2.3242187500000000e-01,2.2554779101965172e-01,2.7444935684217331e-01,4.9999714786182503e-01
2.3632812500000000e-01,2.2517135846815289e-01,2.7482642142149977e-01,4.9999777988965266e-01
2.4023437500000000e-01,2.2479412941594412e-01,2.7520428383885742e-01,4.9999841325480154e-01
2.4414062500000000e-01,2.2441633109175135e-01,2.7558271648400412e-01,4.9999904757575547e-01
2.4804687500000000e-01,2.2403819106712208e-01,2.7596149140330217e-01,4.9999968247042426e-01
2.5195312500000000e-01,2.2365993711947219e-01,2.7634038043688769e-01,5.0000031755635987e-01
2.5585937500000000e-01,2.2328179709483198e-01,2.7671915535618996e-01,5.0000095245102194e-01
2.5976562500000000e-01,2.2290399877062961e-01,2.7709758800134254e-01,5.0000158677197215e-01
2.6367187500000000e-01,2.2252676971844632e-01,2.7747545041867394e-01,5.0000222013712026e-01
2.6757812500000000e-01,2.2215033716693722e-01,2.7785251499800911e-01,5.0000285216494633e-01
2.7148437500000000e-01,2.2177492786500119e-01,2.7822855460974361e-01,5.0000348247474480e-01
2.7539062500000000e-01,2.2140076794518393e-01,2.7860334274165566e-01,5.0000411068683959e-01
2.7929687500000000e-01,2.2102808278743646e-01,2.7897665363538415e-01,5.0000473642282062e-01
2.8320312500000000e-01,2.2065709688332441e-01,2.7934826242243255e-01,5.0000535930575696e-01
2.8710937500000000e-01,2.2028803370090627e-01,2.7971794525955213e-01,5.0000597896045840e-01
2.9101562500000000e-01,2.1992111555003757e-01,2.8008547946362861e-01,5.0000659501366618e-01
2.9492187500000000e-01,2.1955656344848579e-01,2.8045064364580902e-01,5.0000720709429480e-01
2.9882812500000000e-01,2.1919459698882821e-01,2.8081321784481655e-01,5.0000781483364476e-01
3.0273437500000000e-01,2.1883543420613483e-01,2.8117298365950638e-01,5.0000841786564121e-01
3.0664062500000000e-01,2.1847929144658884e-01,2.8152972438045021e-01,5.0000901582703905e-01
3.1054687500000000e-01,2.1812638323731037e-01,2.8188322512033936e-01,5.0000960835764974e-01
3.1445312500000000e-01,2.1777692215698385e-01,2.8223327294356104e-01,5.0001019510054490e-01
3.1835937500000000e-01,2.1743111870789211e-01,2.8257965699441101e-01,5.0001077570230312e-01
3.2226562500000000e-01,2.1708918118916343e-01,2.8292216862402653e-01,5.0001134981318995e-01
3.2617187500000000e-01,2.1675131557105826e-01,2.8326060151632521e-01,5.0001191708738346e-01
3.3007812500000000e-01,2.1641772537131654e-01,2.8359475181185856e-01,5.0001247718317510e-01
3.3398437500000000e-01,2.1608861153214870e-01,2.8392441823103937e-01,5.0001302976318807e-01
3.3789062500000000e-01,2.1576417229938494e-01,2.8424940219518335e-01,5.0001357449456829e-01
3.4179687500000000e-01,2.1544460310313812e-01,2.8456950794605279e-01,5.0001411104919091e-01
3.4570312500000000e-01,2.1513009643993342e-01,2.8488454266391117e-01,5.0001463910384458e-01
3.4960937500000000e-01,2.1482084175683153e-01,2.8519431658362820e-01,5.0001515834045973e-01
3.5351562500000000e-01,2.1451702533725037e-01,2.8549864310901618e-01,5.0001566844626655e-01
3.5742187500000000e-01,2.1421883018890181e-01,2.8579733892509557e-01,5.0001616911399738e-01
3.6132812500000000e-01,2.1392643593332938e-01,2.8609022410873464e-01,5.0001666004206402e-01
3.6523437500000000e-01,2.1364001869796434e-01,2.8637712223678990e-01,5.0001714093475425e-01
3.6914062500000000e-01,2.1335975100976584e-01,2.8665786049262981e-01,5.0001761150239565e-01
3.7304687500000000e-01,2.1308580169156083e-01,2.8693226976997604e-01,5.0001807146153687e-01
3.7695312500000000e-01,2.1281833576017523e-01,2.8720018477492942e-01,5.0001852053510465e-01
3.8085937500000000e-01,2.1255751432708042e-01,2.8746144412552482e-01,5.0001895845260524e-01
3.8476562500000000e-01,2.1230349450131447e-01,2.8771589044893797e-01,5.0001938495025244e-01
3.8867187500000000e-01,2.1205642929495544e-01,2.8796337047618487e-01,5.0001979977114031e-01
3.9257812500000000e-01,2.1181646753084732e-01,2.8820373513454450e-01,5.0002020266539182e-01
3.9648437500000000e-01,2.1158375375301108e-01,2.8843683963731226e-01,5.0002059339032334e-01
4.0039062500000000e-01,2.1135842813946781e-01,2.8866254357110832e-01,5.0002097171057613e-01
4.0429687500000000e-01,2.1114062641796055e-01,2.8888071098030471e-01,5.0002133739826526e-01
4.0820312500000000e-01,2.1093047978414653e-01,2.8909121044895664e-01,5.0002169023310317e-01
4.1210937500000000e-01,2.1072811482243997e-01,2.8929391518012609e-01,5.0002203000256606e-01
4.1601562500000000e-01,2.1053365342994168e-01,2.8948870307204644e-01,5.0002235650198812e-01
4.1992187500000000e-01,2.1034721274293056e-01,2.8967545679176865e-01,5.0002266953469920e-01
4.2382812500000000e-01,2.1016890506633790e-01,2.8985406384579737e-01,5.0002296891213527e-01
4.2773437500000000e-01,2.0999883780597750e-01,2.9002441664799061e-01,5.0002325445396811e-01
4.3164062500000000e-01,2.0983711340405936e-01,2.9018641258413730e-01,5.0002352598819666e-01
4.3554687500000000e-01,2.0968382927728507e-01,2.9033995407397500e-01,5.0002378335126008e-01
4.3945312500000000e-01,2.0953907775827357e-01,2.9048494862984825e-01,5.0002402638812182e-01
4.4335937500000000e-01,2.0940294603997955e-01,2.9062130891241655e-01,5.0002425495239611e-01
4.4726562500000000e-01,2.0927551612299966e-01,2.9074895278340340e-01,5.0002446890640306e-01
4.5117187500000000e-01,2.0915686476639567e-01,2.9086780335487011e-01,5.0002466812126578e-01
4.5507812500000000e-01,2.0904706344127744e-01,2.9097778903570271e-01,5.0002485247698014e-01
4.5898437500000000e-01,2.0894617828787410e-01,2.9107884357462832e-01,5.0002502186250242e-01
4.6289062500000000e-01,2.0885427007563157e-01,2.9117090610016788e-01,5.0002517617579945e-01
4.6679687500000000e-01,2.0877139416660873e-01,2.9125392115731097e-01,5.0002531532391969e-01
4.7070312500000000e-01,2.0869760048216263e-01,2.9132783874087270e-01,5.0002543922303533e-01
4.7460937500000000e-01,2.0863293347282585e-01,2.9139261432569841e-01,5.0002554779852426e-01
4.7851562500000000e-01,2.0857743209163021e-01,2.9144820889335427e-01,5.0002564098498448e-01
4.8242187500000000e-01,2.0853112977051647e-01,2.9149458895576719e-01,5.0002571872628365e-01
4.8632812500000000e-01,2.0849405440022056e-01,2.9153172657536924e-01,5.0002578097558981e-01
4.9023437500000000e-01,2.0846622831362566e-01,2.9155959938178505e-01,5.0002582769541071e-01
4.9414062500000000e-01,2.0844766827212075e-01,2.9157819058548190e-01,5.0002585885760265e-01
4.9804687500000000e-01,2.0843838545558008e-01,2.9158748898781622e-01,5.0002587444339630e-01
5.0195312500000000e-01,2.0843838545557641e-01,2.9158748898781622e-01,5.0002587444339264e-01
5.0585937500000000e-01,2.0844766827211997e-01,2.9157819058548190e-01,5.0002585885760187e-01
5.0976562500000000e-01,2.0846622831362677e-01,2.9155959938178505e-01,5.0002582769541182e-01
5.1367187500000000e-01,2.0849405440022434e-01,2.9153172657536924e-01,5.0002578097559358e-01
5.1757812500000000e-01,2.0853112977050975e-01,2.9149458895577524e-01,5.0002571872628498e-01
5.2148437500000000e-01,2.0857743209162644e-01,2.9144820889336104e-01,5.0002564098498747e-01
5.2539062500000000e-01,2.0863293347283063e-01,2.9139261432569841e-01,5.0002554779852904e-01
5.2929687500000000e-01,2.0869760048215219e-01,2.9132783874089024e-01,5.0002543922304243e-01
5.3320312500000000e-01,2.0877139416660739e-01,2.9125392115731097e-01,5.0002531532391836e-01
5.3710937500000000e-01,2.0885427007562862e-01,2.9117090610017216e-01,5.0002517617580078e-01
5.4101562500000000e-01,2.0894617828786821e-01,2.9107884357463687e-01,5.0002502186250508e-01
5.4492187500000000e-01,2.0904706344128299e-01,2.9097778903570271e-01,5.0002485247698569e-01
5.4882812500000000e-01,2.0915686476639833e-01,2.9086780335487011e-01,5.0002466812126845e-01
5.5273437500000000e-01,2.0927551612298989e-01,2.9074895278341850e-01,5.0002446890640839e-01
5.5664062500000000e-01,2.0940294603997761e-01,2.9062130891242460e-01,5.0002425495240221e-01
5.6054687500000000e-01,2.0953907775827452e-01,2.9048494862985630e-01,5.0002402638813082e-01
5.6445312500000000e-01,2.0968382927727275e-01,2.9033995407398844e-01,5.0002378335126119e-01
5.6835937500000000e-01,2.0983711340405431e-01,2.9018641258414601e-01,5.0002352598820032e-01
5.7226562500000000e-01,2.0999883780598239e-01,2.9002441664799061e-01,5.0002325445397300e-01
5.7617187500000000e-01,2.1016890506632463e-01,2.8985406384581774e-01,5.0002296891214237e-01
5.8007812500000000e-01,2.1034721274293500e-01,2.8967545679176865e-01,5.0002266953470365e-01
5.8398437500000000e-01,2.1053365342993330e-01,2.8948870307206204e-01,5.0002235650199534e-01
5.8789062500000000e-01,2.1072811482243975e-01,2.8929391518013509e-01,5.0002203000257484e-01
5.9179687500000000e-01,2.1093047978413809e-01,2.8909121044897729e-01,5.0002169023311538e-01
5.9570312500000000e-01,2.1114062641796577e-01,2.8888071098030471e-01,5.0002133739827048e-01
5.9960937500000000e-01,2.1135842813945571e-01,2.8866254357112919e-01,5.0002097171058490e-01
6.0351562500000000e-01,2.1158375375300026e-01,2.8843683963733341e-01,5.0002059339033367e-01
6.0742187500000000e-01,2.1181646753084915e-01,2.8820373513455511e-01,5.0002020266540426e-01
6.1132812500000000e-01,2.1205642929494412e-01,2.8796337047620618e-01,5.0001979977115030e-01
6.1523437500000000e-01,2.1230349450130570e-01,2.8771589044895940e-01,5.0001938495026510e-01
6.1914062500000000e-01,2.1255751432709052e-01,2.8746144412552926e-01,5.0001895845261979e-01
6.2304687500000000e-01,2.1281833576017206e-01,2.8720018477494980e-01,5.0001852053512186e-01
6.2695312500000000e-01,2.1308580169156205e-01,2.8693226976998359e-01,5.0001807146154564e-01
6.3085937500000000e-01,2.1335975100976662e-01,2.8665786049264125e-01,5.0001761150240787e-01
6.3476562500000000e-01,2.1364001869795352e-01,2.8637712223681383e-01,5.0001714093476735e-01
6.3867187500000000e-01,2.1392643593333271e-01,2.8609022410874696e-01,5.0001666004207967e-01
6.4257812500000000e-01,2.1421883018888627e-01,2.8579733892512399e-01,5.0001616911401026e-01
6.4648437500000000e-01,2.1451702533724570e-01,2.8549864310903605e-01,5.0001566844628176e-01
6.5039062500000000e-01,2.1482084175682803e-01,2.8519431658364836e-01,5.0001515834047638e-01
6.5429687500000000e-01,2.1513009643993819e-01,2.8488454266392549e-01,5.0001463910386368e-01
6.5820312500000000e-01,2.1544460310314556e-01,2.8456950794605657e-01,5.0001411104920213e-01
6.6210937500000000e-01,2.1576417229938394e-01,2.8424940219519845e-01,5.0001357449458239e-01
6.6601562500000000e-01,2.1608861153215436e-01,2.8392441823104969e-01,5.0001302976320405e-01
6.6992187500000000e-01,2.1641772537131304e-01,2.8359475181188071e-01,5.0001247718319375e-01
6.7382812500000000e-01,2.1675131557105803e-01,2.8326060151634230e-01,5.0001191708740034e-01
6.7773437500000000e-01,2.1708918118916043e-01,2.8292216862404840e-01,5.0001134981320883e-01
6.8164062500000000e-01,2.1743111870788051e-01,2.8257965699444271e-01,5.0001077570232322e-01
6.8554687500000000e-01,2.1777692215696953e-01,2.8223327294359835e-01,5.0001019510056788e-01
6.8945312500000000e-01,2.1812638323729638e-01,2.8188322512036779e-01,5.0000960835766417e-01
6.9335937500000000e-01,2.1847929144656902e-01,2.8152972438048668e-01,5.0000901582705570e-01
6.9726562500000000e-01,2.1883543420612867e-01,2.8117298365953053e-01,5.0000841786565919e-01
7.0117187500000000e-01,2.1919459698882243e-01,2.8081321784484331e-01,5.0000781483366574e-01
7.0507812500000000e-01,2.1955656344848867e-01,2.8045064364582512e-01,5.0000720709431379e-01
7.0898437500000000e-01,2.1992111555004212e-01,2.8008547946364559e-01,5.0000659501368772e-01
7.1289062500000000e-01,2.2028803370089339e-01,2.7971794525958810e-01,5.0000597896048149e-01
7.1679687500000000e-01,2.2065709688331603e-01,2.7934826242246680e-01,5.0000535930578283e-01
7.2070312500000000e-01,2.2102808278743019e-01,2.7897665363540830e-01,5.0000473642283849e-01
7.2460937500000000e-01,2.2140076794517677e-01,2.7860334274168358e-01,5.0000411068686035e-01
7.2851562500000000e-01,2.2177492786499958e-01,2.7822855460976775e-01,5.0000348247476734e-01
7.3242187500000000e-01,2.2215033716691890e-01,2.7785251499805264e-01,5.0000285216497153e-01
7.3632812500000000e-01,2.2252676971842800e-01,2.7747545041871535e-01,5.0000222013714335e-01
7.4023437500000000e-01,2.2290399877062689e-01,2.7709758800137135e-01,5.0000158677199824e-01
7.4414062500000000e-01,2.2328179709483503e-01,2.7671915535621411e-01,5.0000095245104914e-01
7.4804687500000000e-01,2.2365993711947096e-01,2.7634038043691844e-01,5.0000031755638941e-01
7.5195312500000000e-01,2.2403819106711864e-01,2.7596149140332649e-01,4.9999968247044513e-01
7.5585937500000000e-01,2.2441633109174136e-01,2.7558271648403759e-01,4.9999904757577895e-01
7.5976562500000000e-01,2.2479412941594035e-01,2.7520428383888634e-01,4.9999841325482669e-01
7.6367187500000000e-01,2.2517135846814401e-01,2.7482642142153624e-01,4.9999777988968025e-01
7.6757812500000000e-01,2.2554779101965072e-01,2.7444935684219968e-01,4.9999714786185040e-01
7.7148437500000000e-01,2.2592320032153962e-01,2.7407331723051265e-01,4.9999651755205227e-01
7.7539062500000000e-01,2.2629736024137315e-01,2.7369852909858600e-01,4.9999588933995914e-01
7.7929687500000000e-01,2.2667004539914881e-01,2.7332521820483535e-01,4.9999526360398416e-01
7.8320312500000000e-01,2.2704103130323378e-01,2.7295360941780239e-01,4.9999464072103617e-01
7.8710937500000000e-01,2.2741009448565691e-01,2.7258392658067071e-01,4.9999402106632762e-01
7.9101562500000000e-01,2.2777701263650907e-01,2.7221639237660544e-01,4.9999340501311451e-01
7.9492187500000000e-01,2.2814156473805686e-01,2.7185122819442775e-01,4.9999279293248461e-01
7.9882812500000000e-01,2.2850353119770317e-01,2.7148865399542449e-01,4.9999218519312766e-01
8.0273437500000000e-01,2.2886269398041303e-01,2.7112888818071562e-01,4.9999158216112866e-01
8.0664062500000000e-01,2.2921883673995591e-01,2.7077214745977368e-01,4.9999098419972959e-01
8.1054687500000000e-01,2.2957174494923832e-01,2.7041864671988391e-01,4.9999039166912224e-01
8.1445312500000000e-01,2.2992120602957461e-01,2.7006859889663837e-01,4.9998980492621298e-01
8.1835937500000000e-01,2.3026700947862411e-01,2.6972221484582165e-01,4.9998922432444576e-01
8.2226562500000000e-01,2.3060894699738604e-01,2.6937970321616461e-01,4.9998865021355066e-01
8.2617187500000000e-01,2.3094681261544686e-01,2.6904127032390623e-01,4.9998808293935310e-01
8.3007812500000000e-01,2.3128040281519813e-01,2.6870712002835401e-01,4.9998752284355213e-01
8.3398437500000000e-01,2.3160951665437290e-01,2.6837745360916077e-01,4.9998697026353367e-01
8.3789062500000000e-01,2.3193395588712085e-01,2.6805246964502943e-01,4.9998642553215028e-01
8.4179687500000000e-01,2.3225352508332930e-01,2.6773236389419935e-01,4.9998588897752866e-01
8.4570312500000000e-01,2.3256803174655954e-01,2.6741732917629857e-01,4.9998536092285811e-01
8.4960937500000000e-01,2.3287728642963684e-01,2.6710755525659363e-01,4.9998484168623047e-01
8.5351562500000000e-01,2.3318110284921617e-01,2.6680322873119677e-01,4.9998433158041294e-01
8.5742187500000000e-01,2.3347929799757478e-01,2.6650453291510134e-01,4.9998383091267612e-01
8.6132812500000000e-01,2.3377169225310707e-01,2.6621164773149086e-01,4.9998333998459793e-01
8.6523437500000000e-01,2.3405810948849742e-01,2.6592474960340245e-01,4.9998285909189988e-01
8.6914062500000000e-01,2.3433837717667710e-01,2.6564401134757548e-01,4.9998238852425259e-01
8.7304687500000000e-01,2.3461232649487296e-01,2.6536960207023685e-01,4.9998192856510981e-01
8.7695312500000000e-01,2.3487979242626728e-01,2.6510168706525861e-01,4.9998147949152588e-01
8.8085937500000000e-01,2.3514061385934648e-01,2.6484042771466770e-01,4.9998104157401418e-01
8.8476562500000000e-01,2.3539463368510122e-01,2.6458598139125661e-01,4.9998061507635783e-01
8.8867187500000000e-01,2.3564169889143760e-01,2.6433850136402709e-01,4.9998020025546469e-01
8.9257812500000000e-01,2.3588166065553268e-01,2.6409813670566962e-01,4.9997979736120229e-01
8.9648437500000000e-01,2.3611437443336963e-01,2.6386503220289442e-01,4.9997940663626406e-01
9.0039062500000000e-01,2.3633970004692056e-01,2.6363932826908609e-01,4.9997902831600666e-01
9.0429687500000000e-01,2.3655750176840457e-01,2.6342116085991263e-01,4.9997866262831719e-01
9.0820312500000000e-01,2.3676764840224407e-01,2.6321066139122146e-01,4.9997830979346553e-01
9.1210937500000000e-01,2.3697001336392742e-01,2.6300795666006543e-01,4.9997797002399286e-01
9.1601562500000000e-01,2.3716447475640512e-01,2.6281316876815775e-01,4.9997764352456286e-01
9.1992187500000000e-01,2.3735091544339865e-01,2.6262641504844864e-01,4.9997733049184728e-01
9.2382812500000000e-01,2.3752922312003311e-01,2.6244780799436757e-01,4.9997703111440067e-01
9.2773437500000000e-01,2.3769929038038262e-01,2.6227745519217949e-01,4.9997674557256211e-01
9.3164062500000000e-01,2.3786101478227784e-01,2.6211545925605162e-01,4.9997647403832945e-01
9.3554687500000000e-01,2.3801429890906656e-01,2.6196191776619948e-01,4.9997621667526604e-01
9.3945312500000000e-01,2.3815905042802954e-01,2.6181692321036437e-01,4.9997597363839391e-01
9.4335937500000000e-01,2.3829518214634343e-01,2.6168056292777059e-01,4.9997574507411402e-01
9.4726562500000000e-01,2.3842261206329934e-01,2.6155291905680295e-01,4.9997553112010229e-01
9.5117187500000000e-01,2.3854126341991633e-01,2.6143406848532269e-01,4.9997533190523902e-01
9.5507812500000000e-01,2.3865106474502606e-01,2.6132408280449271e-01,4.9997514754951877e-01
9.5898437500000000e-01,2.3875194989842219e-01,2.6122302826557275e-01,4.9997497816399494e-01
9.6289062500000000e-01,2.3884385811068487e-01,2.6113096574001315e-01,4.9997482385069802e-01
9.6679687500000000e-01,2.3892673401969533e-01,2.6104795068288600e-01,4.9997468470258133e-01
9.7070312500000000e-01,2.3900052770416230e-01,2.6097403309929545e-01,4.9997456080345776e-01
9.7460937500000000e-01,2.3906519471347326e-01,2.6090925751449079e-01,4.9997445222796405e-01
9.7851562500000000e-01,2.3912069609468567e-01,2.6085366294681644e-01,4.9997435904150211e-01
9.8242187500000000e-01,2.3916699841579775e-01,2.6080728288440652e-01,4.9997428130020427e-01
9.8632812500000000e-01,2.3920407378606662e-01,2.6077014526482706e-01,4.9997421905089368e-01
9.9023437500000000e-01,2.3923189987267202e-01,2.6074227245840098e-01,4.9997417233107300e-01
9.9414062500000000e-01,2.3925045991418664e-01,2.6072368125469436e-01,4.9997414116888100e-01
9.9804687500000000e-01,2.3925974273073852e-01,2.6071438285235382e-01,4.9997412558309234e-01
