case,time,v_over_psi_center,log_abs_ratio_minus_v_equilibrium
R5a,0,0,-0.287682
R5a,0.01,0.0101739,-0.30134
R5a,0.02,0.02067,-0.315629
R5a,0.03,0.0314478,-0.330517
R5a,0.04,0.0424641,-0.345967
R5a,0.05,0.0536743,-0.361938
R5a,0.06,0.0650335,-0.378385
R5a,0.07,0.0764966,-0.395262
R5a,0.08,0.0880196,-0.412519
R5a,0.09,0.0995605,-0.430107
R5a,0.1,0.111079,-0.447975
R5a,0.11,0.122539,-0.466074
R5a,0.12,0.133907,-0.484357
R5a,0.13,0.145151,-0.502776
R5a,0.14,0.156246,-0.521289
R5a,0.15,0.167168,-0.539856
R5a,0.16,0.177898,-0.558438
R5a,0.17,0.188421,-0.577002
R5a,0.18,0.198723,-0.595518
R5a,0.19,0.208796,-0.613959
R5a,0.2,0.218632,-0.632301
R5a,0.21,0.228228,-0.650525
R5a,0.22,0.237582,-0.668614
R5a,0.23,0.246693,-0.686555
R5a,0.24,0.255564,-0.704337
R5a,0.25,0.264197,-0.721952
R5a,0.26,0.272597,-0.739394
R5a,0.27,0.280769,-0.75666
R5a,0.28,0.288719,-0.773748
R5a,0.29,0.296453,-0.790657
R5a,0.3,0.303979,-0.807389
R5a,0.31,0.311303,-0.823947
R5a,0.32,0.318433,-0.840333
R5a,0.33,0.325377,-0.856553
R5a,0.34,0.332141,-0.87261
R5a,0.35,0.338732,-0.888511
R5a,0.36,0.345159,-0.90426
R5a,0.37,0.351427,-0.919865
R5a,0.38,0.357544,-0.935331
R5a,0.39,0.363516,-0.950664
R5a,0.4,0.369349,-0.965872
R5a,0.41,0.375049,-0.980959
R5a,0.42,0.380621,-0.995933
R5a,0.43,0.386072,-1.0108
R5a,0.44,0.391406,-1.02556
R5a,0.45,0.396628,-1.04023
R5a,0.46,0.401743,-1.05481
R5a,0.47,0.406754,-1.06931
R5a,0.48,0.411666,-1.08372
R5a,0.49,0.416483,-1.09806
R5a,0.5,0.421209,-1.11233
R5a,0.51,0.425846,-1.12654
R5a,0.52,0.430398,-1.14068
R5a,0.53,0.434868,-1.15476
R5a,0.54,0.439259,-1.1688
R5a,0.55,0.443574,-1.18278
R5a,0.56,0.447814,-1.19671
R5a,0.57,0.451983,-1.2106
R5a,0.58,0.456082,-1.22446
R5a,0.59,0.460115,-1.23827
R5a,0.6,0.464081,-1.25205
R5a,0.61,0.467985,-1.26579
R5a,0.62,0.471826,-1.27951
R5a,0.63,0.475608,-1.2932
R5a,0.64,0.479331,-1.30686
R5a,0.65,0.482997,-1.32049
R5a,0.66,0.486607,-1.33411
R5a,0.67,0.490163,-1.3477
R5a,0.68,0.493666,-1.36127
R5a,0.69,0.497117,-1.37483
R5a,0.7,0.500518,-1.38837
R5a,0.71,0.503869,-1.40189
R5a,0.72,0.507172,-1.4154
R5a,0.73,0.510427,-1.4289
R5a,0.74,0.513636,-1.44238
R5a,0.75,0.516799,-1.45585
R5a,0.76,0.519917,-1.46931
R5a,0.77,0.522991,-1.48277
R5a,0.78,0.526022,-1.49621
R5a,0.79,0.529011,-1.50964
R5a,0.8,0.531959,-1.52307
R5a,0.81,0.534865,-1.53649
R5a,0.82,0.537731,-1.5499
R5a,0.83,0.540558,-1.56331
R5a,0.84,0.543346,-1.57671
R5a,0.85,0.546096,-1.59011
R5a,0.86,0.548808,-1.6035
R5a,0.87,0.551484,-1.61688
R5a,0.88,0.554123,-1.63027
R5a,0.89,0.556726,-1.64365
R5a,0.9,0.559294,-1.65702
R5a,0.91,0.561827,-1.67039
R5a,0.92,0.564326,-1.68376
R5a,0.93,0.566791,-1.69713
R5a,0.94,0.569223,-1.71049
R5a,0.95,0.571622,-1.72385
R5a,0.96,0.573989,-1.73721
R5a,0.97,0.576325,-1.75057
R5a,0.98,0.578629,-1.76392
R5a,0.99,0.580902,-1.77728
R5a,1,0.583145,-1.79063
R5a,1.01,0.585358,-1.80398
R5a,1.02,0.587541,-1.81733
R5a,1.03,0.589695,-1.83068
R5a,1.04,0.59182,-1.84402
R5a,1.05,0.593917,-1.85737
R5a,1.06,0.595986,-1.87071
R5a,1.07,0.598028,-1.88406
R5a,1.08,0.600042,-1.8974
R5a,1.09,0.60203,-1.91074
R5a,1.1,0.603991,-1.92408
R5a,1.11,0.605926,-1.93742
R5a,1.12,0.607835,-1.95077
R5a,1.13,0.609719,-1.9641
R5a,1.14,0.611577,-1.97744
R5a,1.15,0.613412,-1.99078
R5a,1.16,0.615221,-2.00412
R5a,1.17,0.617007,-2.01746
R5a,1.18,0.618769,-2.0308
R5a,1.19,0.620508,-2.04413
R5a,1.2,0.622223,-2.05747
R5a,1.21,0.623916,-2.07081
R5a,1.22,0.625586,-2.08414
R5a,1.23,0.627235,-2.09748
R5a,1.24,0.628861,-2.11082
R5a,1.25,0.630466,-2.12415
R5a,1.26,0.632049,-2.13749
R5a,1.27,0.633612,-2.15082
R5a,1.28,0.635153,-2.16416
R5a,1.29,0.636675,-2.17749
R5a,1.3,0.638176,-2.19083
R5a,1.31,0.639657,-2.20416
R5a,1.32,0.641119,-2.2175
R5a,1.33,0.642561,-2.23083
R5a,1.34,0.643984,-2.24417
R5a,1.35,0.645388,-2.2575
R5a,1.36,0.646774,-2.27083
R5a,1.37,0.648141,-2.28417
R5a,1.38,0.64949,-2.2975
R5a,1.39,0.650822,-2.31084
R5a,1.4,0.652135,-2.32417
R5a,1.41,0.653432,-2.33751
R5a,1.42,0.654711,-2.35084
R5a,1.43,0.655973,-2.36417
R5a,1.44,0.657218,-2.37751
R5a,1.45,0.658447,-2.39084
R5a,1.46,0.65966,-2.40417
R5a,1.47,0.660856,-2.41751
R5a,1.48,0.662037,-2.43084
R5a,1.49,0.663202,-2.44418
R5a,1.5,0.664352,-2.45751
R5a,1.51,0.665486,-2.47084
R5a,1.52,0.666606,-2.48418
R5a,1.53,0.66771,-2.49751
R5a,1.54,0.6688,-2.51084
R5a,1.55,0.669876,-2.52418
R5a,1.56,0.670937,-2.53751
R5a,1.57,0.671984,-2.55084
R5a,1.58,0.673017,-2.56418
R5a,1.59,0.674037,-2.57751
R5a,1.6,0.675043,-2.59084
R5a,1.61,0.676036,-2.60418
R5a,1.62,0.677016,-2.61751
R5a,1.63,0.677982,-2.63084
R5a,1.64,0.678936,-2.64418
R5a,1.65,0.679877,-2.65751
R5a,1.66,0.680806,-2.67084
R5a,1.67,0.681723,-2.68418
R5a,1.68,0.682627,-2.69751
R5a,1.69,0.683519,-2.71084
R5a,1.7,0.6844,-2.72418
R5a,1.71,0.685269,-2.73751
R5a,1.72,0.686126,-2.75084
R5a,1.73,0.686972,-2.76418
R5a,1.74,0.687807,-2.77751
R5a,1.75,0.688631,-2.79084
R5a,1.76,0.689443,-2.80418
R5a,1.77,0.690246,-2.81751
R5a,1.78,0.691037,-2.83084
R5a,1.79,0.691818,-2.84418
R5a,1.8,0.692589,-2.85751
R5a,1.81,0.693349,-2.87084
R5a,1.82,0.694099,-2.88418
R5a,1.83,0.69484,-2.89751
R5a,1.84,0.69557,-2.91084
R5a,1.85,0.696291,-2.92418
R5a,1.86,0.697003,-2.93751
R5a,1.87,0.697704,-2.95084
R5a,1.88,0.698397,-2.96418
R5a,1.89,0.699081,-2.97751
R5a,1.9,0.699755,-2.99084
R5a,1.91,0.700421,-3.00418
R5a,1.92,0.701077,-3.01751
R5a,1.93,0.701725,-3.03084
R5a,1.94,0.702365,-3.04418
R5a,1.95,0.702995,-3.05751
R5a,1.96,0.703618,-3.07084
R5a,1.97,0.704232,-3.08418
R5a,1.98,0.704839,-3.09751
R5a,1.99,0.705437,-3.11084
R5a,2,0.706027,-3.12418
R5a,2.01,0.706609,-3.13751
R5a,2.02,0.707184,-3.15084
R5a,2.03,0.707751,-3.16418
R5a,2.04,0.708311,-3.17751
R5a,2.05,0.708863,-3.19084
R5a,2.06,0.709408,-3.20418
R5a,2.07,0.709945,-3.21751
R5a,2.08,0.710476,-3.23084
R5a,2.09,0.710999,-3.24418
R5a,2.1,0.711516,-3.25751
R5a,2.11,0.712026,-3.27084
R5a,2.12,0.712529,-3.28418
R5a,2.13,0.713025,-3.29751
R5a,2.14,0.713515,-3.31084
R5a,2.15,0.713998,-3.32418
R5a,2.16,0.714475,-3.33751
R5a,2.17,0.714945,-3.35084
R5a,2.18,0.71541,-3.36418
R5a,2.19,0.715868,-3.37751
R5a,2.2,0.71632,-3.39084
R5a,2.21,0.716766,-3.40418
R5a,2.22,0.717206,-3.41751
R5a,2.23,0.71764,-3.43084
R5a,2.24,0.718069,-3.44418
R5a,2.25,0.718492,-3.45751
R5a,2.26,0.718909,-3.47084
R5a,2.27,0.719321,-3.48418
R5a,2.28,0.719727,-3.49751
R5a,2.29,0.720128,-3.51084
R5a,2.3,0.720524,-3.52418
R5a,2.31,0.720914,-3.53751
R5a,2.32,0.7213,-3.55084
R5a,2.33,0.72168,-3.56418
R5a,2.34,0.722055,-3.57751
R5a,2.35,0.722425,-3.59084
R5a,2.36,0.72279,-3.60418
R5a,2.37,0.723151,-3.61751
R5a,2.38,0.723506,-3.63084
R5a,2.39,0.723857,-3.64418
R5a,2.4,0.724203,-3.65751
R5a,2.41,0.724545,-3.67084
R5a,2.42,0.724882,-3.68418
R5a,2.43,0.725215,-3.69751
R5a,2.44,0.725543,-3.71084
R5a,2.45,0.725867,-3.72418
R5a,2.46,0.726187,-3.73751
R5a,2.47,0.726502,-3.75084
R5a,2.48,0.726813,-3.76418
R5a,2.49,0.72712,-3.77751
R5a,2.5,0.727423,-3.79084
R5a,2.51,0.727722,-3.80418
R5a,2.52,0.728018,-3.81751
R5a,2.53,0.728309,-3.83084
R5a,2.54,0.728596,-3.84418
R5a,2.55,0.728879,-3.85751
R5a,2.56,0.729159,-3.87084
R5a,2.57,0.729435,-3.88418
R5a,2.58,0.729708,-3.89751
R5a,2.59,0.729976,-3.91084
R5a,2.6,0.730242,-3.92418
R5a,2.61,0.730503,-3.93751
R5a,2.62,0.730762,-3.95084
R5a,2.63,0.731016,-3.96418
R5a,2.64,0.731268,-3.97751
R5a,2.65,0.731516,-3.99084
R5a,2.66,0.731761,-4.00418
R5a,2.67,0.732002,-4.01751
R5a,2.68,0.732241,-4.03084
R5a,2.69,0.732476,-4.04418
R5a,2.7,0.732708,-4.05751
R5a,2.71,0.732937,-4.07084
R5a,2.72,0.733163,-4.08418
R5a,2.73,0.733386,-4.09751
R5a,2.74,0.733606,-4.11084
R5a,2.75,0.733823,-4.12418
R5a,2.76,0.734037,-4.13751
R5a,2.77,0.734249,-4.15084
R5a,2.78,0.734457,-4.16418
R5a,2.79,0.734663,-4.17751
R5a,2.8,0.734866,-4.19084
R5a,2.81,0.735067,-4.20418
R5a,2.82,0.735265,-4.21751
R5a,2.83,0.73546,-4.23084
R5a,2.84,0.735652,-4.24418
R5a,2.85,0.735842,-4.25751
R5a,2.86,0.73603,-4.27084
R5a,2.87,0.736215,-4.28418
R5a,2.88,0.736398,-4.29751
R5a,2.89,0.736578,-4.31084
R5a,2.9,0.736756,-4.32418
R5a,2.91,0.736931,-4.33751
R5a,2.92,0.737104,-4.35084
R5a,2.93,0.737275,-4.36418
R5a,2.94,0.737443,-4.37751
R5a,2.95,0.73761,-4.39084
R5a,2.96,0.737774,-4.40418
R5a,2.97,0.737936,-4.41751
R5a,2.98,0.738096,-4.43084
R5a,2.99,0.738253,-4.44418
R5a,3,0.738409,-4.45751
R5a,3.01,0.738562,-4.47084
R5a,3.02,0.738714,-4.48418
R5a,3.03,0.738863,-4.49751
R5a,3.04,0.739011,-4.51084
R5a,3.05,0.739156,-4.52418
R5a,3.06,0.7393,-4.53751
R5a,3.07,0.739442,-4.55084
R5a,3.08,0.739582,-4.56418
R5a,3.09,0.73972,-4.57751
R5a,3.1,0.739856,-4.59084
R5a,3.11,0.73999,-4.60418
R5a,3.12,0.740123,-4.61751
R5a,3.13,0.740253,-4.63084
R5a,3.14,0.740383,-4.64418
R5a,3.15,0.74051,-4.65751
R5a,3.16,0.740636,-4.67084
R5a,3.17,0.74076,-4.68418
R5a,3.18,0.740882,-4.69751
R5a,3.19,0.741003,-4.71084
R5a,3.2,0.741122,-4.72418
R5a,3.21,0.74124,-4.73751
R5a,3.22,0.741356,-4.75084
R5a,3.23,0.74147,-4.76418
R5a,3.24,0.741583,-4.77751
R5a,3.25,0.741695,-4.79084
R5a,3.26,0.741805,-4.80418
R5a,3.27,0.741913,-4.81751
R5a,3.28,0.74202,-4.83084
R5a,3.29,0.742126,-4.84418
R5a,3.3,0.74223,-4.85751
R5a,3.31,0.742333,-4.87084
R5a,3.32,0.742435,-4.88418
R5a,3.33,0.742535,-4.89751
R5a,3.34,0.742634,-4.91084
R5a,3.35,0.742731,-4.92418
R5a,3.36,0.742828,-4.93751
R5a,3.37,0.742923,-4.95084
R5a,3.38,0.743016,-4.96418
R5a,3.39,0.743109,-4.97751
R5a,3.4,0.7432,-4.99084
R5a,3.41,0.74329,-5.00418
R5a,3.42,0.743379,-5.01751
R5a,3.43,0.743467,-5.03084
R5a,3.44,0.743553,-5.04418
R5a,3.45,0.743639,-5.05751
R5a,3.46,0.743723,-5.07084
R5a,3.47,0.743806,-5.08418
R5a,3.48,0.743888,-5.09751
R5a,3.49,0.743969,-5.11084
R5a,3.5,0.744049,-5.12418
R5a,3.51,0.744128,-5.13751
R5a,3.52,0.744205,-5.15084
R5a,3.53,0.744282,-5.16418
R5a,3.54,0.744358,-5.17751
R5a,3.55,0.744433,-5.19084
R5a,3.56,0.744506,-5.20418
R5a,3.57,0.744579,-5.21751
R5a,3.58,0.744651,-5.23084
R5a,3.59,0.744722,-5.24418
R5a,3.6,0.744792,-5.25751
R5a,3.61,0.744861,-5.27084
R5a,3.62,0.744929,-5.28418
R5a,3.63,0.744996,-5.29751
R5a,3.64,0.745062,-5.31084
R5a,3.65,0.745128,-5.32418
R5a,3.66,0.745192,-5.33751
R5a,3.67,0.745256,-5.35084
R5a,3.68,0.745319,-5.36418
R5a,3.69,0.745381,-5.37751
R5a,3.7,0.745442,-5.39084
R5a,3.71,0.745502,-5.40418
R5a,3.72,0.745562,-5.41751
R5a,3.73,0.745621,-5.43084
R5a,3.74,0.745679,-5.44418
R5a,3.75,0.745736,-5.45751
R5a,3.76,0.745792,-5.47084
R5a,3.77,0.745848,-5.48418
R5a,3.78,0.745903,-5.49751
R5a,3.79,0.745957,-5.51084
R5a,3.8,0.746011,-5.52418
R5a,3.81,0.746064,-5.53751
R5a,3.82,0.746116,-5.55084
R5a,3.83,0.746167,-5.56418
R5a,3.84,0.746218,-5.57751
R5a,3.85,0.746268,-5.59084
R5a,3.86,0.746318,-5.60418
R5a,3.87,0.746366,-5.61751
R5a,3.88,0.746414,-5.63084
R5a,3.89,0.746462,-5.64418
R5a,3.9,0.746509,-5.65751
R5a,3.91,0.746555,-5.67084
R5a,3.92,0.746601,-5.68418
R5a,3.93,0.746646,-5.69751
R5a,3.94,0.74669,-5.71084
R5a,3.95,0.746734,-5.72418
R5a,3.96,0.746777,-5.73751
R5a,3.97,0.74682,-5.75084
R5a,3.98,0.746862,-5.76418
R5a,3.99,0.746904,-5.77751
R5a,4,0.746945,-5.79084
R5a,4.01,0.746985,-5.80418
R5a,4.02,0.747025,-5.81751
R5a,4.03,0.747064,-5.83084
R5a,4.04,0.747103,-5.84418
R5a,4.05,0.747142,-5.85751
R5a,4.06,0.74718,-5.87084
R5a,4.07,0.747217,-5.88418
R5a,4.08,0.747254,-5.89751
R5a,4.09,0.74729,-5.91084
R5a,4.1,0.747326,-5.92418
R5a,4.11,0.747361,-5.93751
R5a,4.12,0.747396,-5.95084
R5a,4.13,0.747431,-5.96418
R5a,4.14,0.747465,-5.97751
R5a,4.15,0.747498,-5.99084
R5a,4.16,0.747532,-6.00418
R5a,4.17,0.747564,-6.01751
R5a,4.18,0.747597,-6.03084
R5a,4.19,0.747628,-6.04418
R5a,4.2,0.74766,-6.05751
R5a,4.21,0.747691,-6.07084
R5a,4.22,0.747721,-6.08417
R5a,4.23,0.747752,-6.09751
R5a,4.24,0.747781,-6.11084
R5a,4.25,0.747811,-6.12417
R5a,4.26,0.74784,-6.13751
R5a,4.27,0.747868,-6.15084
R5a,4.28,0.747897,-6.16417
R5a,4.29,0.747924,-6.17751
R5a,4.3,0.747952,-6.19084
R5a,4.31,0.747979,-6.20417
R5a,4.32,0.748006,-6.21751
R5a,4.33,0.748032,-6.23084
R5a,4.34,0.748058,-6.24417
R5a,4.35,0.748084,-6.25751
R5a,4.36,0.748109,-6.27084
R5a,4.37,0.748134,-6.28417
R5a,4.38,0.748159,-6.29751
R5a,4.39,0.748183,-6.31084
R5a,4.4,0.748208,-6.32417
R5a,4.41,0.748231,-6.33751
R5a,4.42,0.748255,-6.35084
R5a,4.43,0.748278,-6.36417
R5a,4.44,0.748301,-6.37751
R5a,4.45,0.748323,-6.39084
R5a,4.46,0.748345,-6.40417
R5a,4.47,0.748367,-6.41751
R5a,4.48,0.748389,-6.43084
R5a,4.49,0.74841,-6.44417
R5a,4.5,0.748431,-6.45751
R5a,4.51,0.748452,-6.47084
R5a,4.52,0.748473,-6.48417
R5a,4.53,0.748493,-6.49751
R5a,4.54,0.748513,-6.51084
R5a,4.55,0.748532,-6.52417
R5a,4.56,0.748552,-6.53751
R5a,4.57,0.748571,-6.55084
R5a,4.58,0.74859,-6.56417
R5a,4.59,0.748609,-6.57751
R5a,4.6,0.748627,-6.59084
R5a,4.61,0.748645,-6.60417
R5a,4.62,0.748663,-6.61751
R5a,4.63,0.748681,-6.63084
R5a,4.64,0.748698,-6.64417
R5a,4.65,0.748716,-6.65751
R5a,4.66,0.748733,-6.67084
R5a,4.67,0.748749,-6.68417
R5a,4.68,0.748766,-6.69751
R5a,4.69,0.748782,-6.71084
R5a,4.7,0.748798,-6.72417
R5a,4.71,0.748814,-6.73751
R5a,4.72,0.74883,-6.75084
R5a,4.73,0.748846,-6.76417
R5a,4.74,0.748861,-6.77751
R5a,4.75,0.748876,-6.79084
R5a,4.76,0.748891,-6.80417
R5a,4.77,0.748906,-6.81751
R5a,4.78,0.74892,-6.83084
R5a,4.79,0.748934,-6.84417
R5a,4.8,0.748948,-6.85751
R5a,4.81,0.748962,-6.87084
R5a,4.82,0.748976,-6.88417
R5a,4.83,0.74899,-6.89751
R5a,4.84,0.749003,-6.91084
R5a,4.85,0.749016,-6.92417
R5a,4.86,0.749029,-6.93751
R5a,4.87,0.749042,-6.95084
R5a,4.88,0.749055,-6.96417
R5a,4.89,0.749067,-6.97751
R5a,4.9,0.74908,-6.99084
R5a,4.91,0.749092,-7.00417
R5a,4.92,0.749104,-7.01751
R5a,4.93,0.749116,-7.03084
R5a,4.94,0.749128,-7.04417
R5a,4.95,0.749139,-7.05751
R5a,4.96,0.74915,-7.07084
R5a,4.97,0.749162,-7.08417
R5a,4.98,0.749173,-7.09751
R5a,4.99,0.749184,-7.11084
R5a,5,0.749195,-7.12417
R5b,0,0.5,-1.38629
R5b,0.01,0.527877,-1.50452
R5b,0.02,0.555402,-1.63682
R5b,0.03,0.58244,-1.78641
R5b,0.04,0.60886,-1.958
R5b,0.05,0.634543,-2.15886
R5b,0.06,0.659382,-2.4011
R5b,0.07,0.68328,-2.70725
R5b,0.08,0.706159,-3.12719
R5b,0.09,0.727953,-3.81457
R5b,0.1,0.748611,-6.57928
R5b,0.11,0.768099,-4.0119
R5b,0.12,0.786395,-3.31333
R5b,0.13,0.803491,-2.92824
R5b,0.14,0.819391,-2.66799
R5b,0.15,0.834112,-2.47561
R5b,0.16,0.847676,-2.3261
R5b,0.17,0.860116,-2.20622
R5b,0.18,0.871473,-2.10807
R5b,0.19,0.881789,-2.02655
R5b,0.2,0.891113,-1.95819
R5b,0.21,0.899497,-1.90048
R5b,0.22,0.906992,-1.85156
R5b,0.23,0.913653,-1.81001
R5b,0.24,0.919533,-1.77471
R5b,0.25,0.924685,-1.74477
R5b,0.26,0.929161,-1.71947
R5b,0.27,0.933011,-1.69821
R5b,0.28,0.936283,-1.68049
R5b,0.29,0.939023,-1.66589
R5b,0.3,0.941276,-1.65404
R5b,0.31,0.943082,-1.64464
R5b,0.32,0.944481,-1.63742
R5b,0.33,0.945508,-1.63215
R5b,0.34,0.946199,-1.62863
R5b,0.35,0.946583,-1.62667
R5b,0.36,0.946691,-1.62612
R5b,0.37,0.946549,-1.62684
R5b,0.38,0.946183,-1.62871
R5b,0.39,0.945615,-1.63161
R5b,0.4,0.944866,-1.63544
R5b,0.41,0.943956,-1.64013
R5b,0.42,0.942901,-1.64558
R5b,0.43,0.941719,-1.65172
R5b,0.44,0.940424,-1.6585
R5b,0.45,0.939029,-1.66586
R5b,0.46,0.937545,-1.67373
R5b,0.47,0.935985,-1.68209
R5b,0.48,0.934359,-1.69087
R5b,0.49,0.932674,-1.70005
R5b,0.5,0.93094,-1.70959
R5b,0.51,0.929164,-1.71945
R5b,0.52,0.927352,-1.72962
R5b,0.53,0.925511,-1.74005
R5b,0.54,0.923646,-1.75074
R5b,0.55,0.921761,-1.76165
R5b,0.56,0.919862,-1.77277
R5b,0.57,0.917952,-1.78407
R5b,0.58,0.916035,-1.79555
R5b,0.59,0.914114,-1.80719
R5b,0.6,0.912192,-1.81897
R5b,0.61,0.910272,-1.83089
R5b,0.62,0.908355,-1.84292
R5b,0.63,0.906443,-1.85506
R5b,0.64,0.904539,-1.86731
R5b,0.65,0.902645,-1.87964
R5b,0.66,0.90076,-1.89206
R5b,0.67,0.898888,-1.90456
R5b,0.68,0.897028,-1.91713
R5b,0.69,0.895183,-1.92976
R5b,0.7,0.893352,-1.94245
R5b,0.71,0.891536,-1.9552
R5b,0.72,0.889737,-1.96799
R5b,0.73,0.887954,-1.98083
R5b,0.74,0.886189,-1.99372
R5b,0.75,0.88444,-2.00663
R5b,0.76,0.88271,-2.01959
R5b,0.77,0.880998,-2.03258
R5b,0.78,0.879304,-2.04559
R5b,0.79,0.877628,-2.05863
R5b,0.8,0.875972,-2.0717
R5b,0.81,0.874334,-2.08479
R5b,0.82,0.872714,-2.0979
R5b,0.83,0.871114,-2.11102
R5b,0.84,0.869532,-2.12417
R5b,0.85,0.867969,-2.13733
R5b,0.86,0.866425,-2.15051
R5b,0.87,0.8649,-2.16369
R5b,0.88,0.863393,-2.17689
R5b,0.89,0.861905,-2.19011
R5b,0.9,0.860435,-2.20333
R5b,0.91,0.858984,-2.21656
R5b,0.92,0.85755,-2.2298
R5b,0.93,0.856135,-2.24305
R5b,0.94,0.854737,-2.2563
R5b,0.95,0.853357,-2.26956
R5b,0.96,0.851995,-2.28283
R5b,0.97,0.85065,-2.2961
R5b,0.98,0.849323,-2.30938
R5b,0.99,0.848012,-2.32266
R5b,1,0.846719,-2.33595
R5b,1.01,0.845442,-2.34924
R5b,1.02,0.844181,-2.36253
R5b,1.03,0.842937,-2.37583
R5b,1.04,0.841709,-2.38913
R5b,1.05,0.840497,-2.40243
R5b,1.06,0.839301,-2.41574
R5b,1.07,0.838121,-2.42905
R5b,1.08,0.836956,-2.44236
R5b,1.09,0.835806,-2.45567
R5b,1.1,0.834671,-2.46898
R5b,1.11,0.833551,-2.4823
R5b,1.12,0.832446,-2.49561
R5b,1.13,0.831355,-2.50893
R5b,1.14,0.830279,-2.52225
R5b,1.15,0.829216,-2.53557
R5b,1.16,0.828168,-2.54889
R5b,1.17,0.827134,-2.56222
R5b,1.18,0.826113,-2.57554
R5b,1.19,0.825105,-2.58887
R5b,1.2,0.824111,-2.60219
R5b,1.21,0.82313,-2.61552
R5b,1.22,0.822162,-2.62884
R5b,1.23,0.821207,-2.64217
R5b,1.24,0.820264,-2.6555
R5b,1.25,0.819334,-2.66882
R5b,1.26,0.818416,-2.68215
R5b,1.27,0.81751,-2.69548
R5b,1.28,0.816616,-2.70881
R5b,1.29,0.815734,-2.72214
R5b,1.3,0.814863,-2.73547
R5b,1.31,0.814005,-2.7488
R5b,1.32,0.813157,-2.76213
R5b,1.33,0.812321,-2.77546
R5b,1.34,0.811495,-2.78879
R5b,1.35,0.810681,-2.80212
R5b,1.36,0.809877,-2.81545
R5b,1.37,0.809085,-2.82879
R5b,1.38,0.808302,-2.84212
R5b,1.39,0.80753,-2.85545
R5b,1.4,0.806768,-2.86878
R5b,1.41,0.806016,-2.88211
R5b,1.42,0.805274,-2.89545
R5b,1.43,0.804542,-2.90878
R5b,1.44,0.80382,-2.92211
R5b,1.45,0.803107,-2.93544
R5b,1.46,0.802404,-2.94877
R5b,1.47,0.80171,-2.96211
R5b,1.48,0.801025,-2.97544
R5b,1.49,0.800349,-2.98877
R5b,1.5,0.799682,-3.00211
R5b,1.51,0.799024,-3.01544
R5b,1.52,0.798375,-3.02877
R5b,1.53,0.797734,-3.0421
R5b,1.54,0.797102,-3.05544
R5b,1.55,0.796478,-3.06877
R5b,1.56,0.795863,-3.0821
R5b,1.57,0.795255,-3.09544
R5b,1.58,0.794656,-3.10877
R5b,1.59,0.794064,-3.1221
R5b,1.6,0.793481,-3.13543
R5b,1.61,0.792905,-3.14877
R5b,1.62,0.792337,-3.1621
R5b,1.63,0.791776,-3.17543
R5b,1.64,0.791223,-3.18877
R5b,1.65,0.790677,-3.2021
R5b,1.66,0.790138,-3.21543
R5b,1.67,0.789606,-3.22877
R5b,1.68,0.789082,-3.2421
R5b,1.69,0.788564,-3.25543
R5b,1.7,0.788053,-3.26877
R5b,1.71,0.787549,-3.2821
R5b,1.72,0.787052,-3.29543
R5b,1.73,0.786561,-3.30877
R5b,1.74,0.786077,-3.3221
R5b,1.75,0.785599,-3.33543
R5b,1.76,0.785128,-3.34877
R5b,1.77,0.784662,-3.3621
R5b,1.78,0.784203,-3.37543
R5b,1.79,0.78375,-3.38877
R5b,1.8,0.783303,-3.4021
R5b,1.81,0.782862,-3.41543
R5b,1.82,0.782427,-3.42877
R5b,1.83,0.781997,-3.4421
R5b,1.84,0.781574,-3.45543
R5b,1.85,0.781155,-3.46876
R5b,1.86,0.780743,-3.4821
R5b,1.87,0.780336,-3.49543
R5b,1.88,0.779934,-3.50876
R5b,1.89,0.779537,-3.5221
R5b,1.9,0.779146,-3.53543
R5b,1.91,0.77876,-3.54876
R5b,1.92,0.778379,-3.5621
R5b,1.93,0.778003,-3.57543
R5b,1.94,0.777632,-3.58876
R5b,1.95,0.777266,-3.6021
R5b,1.96,0.776905,-3.61543
R5b,1.97,0.776549,-3.62876
R5b,1.98,0.776197,-3.6421
R5b,1.99,0.77585,-3.65543
R5b,2,0.775508,-3.66876
R5b,2.01,0.77517,-3.6821
R5b,2.02,0.774837,-3.69543
R5b,2.03,0.774508,-3.70876
R5b,2.04,0.774183,-3.7221
R5b,2.05,0.773863,-3.73543
R5b,2.06,0.773547,-3.74876
R5b,2.07,0.773235,-3.7621
R5b,2.08,0.772927,-3.77543
R5b,2.09,0.772624,-3.78876
R5b,2.1,0.772324,-3.8021
R5b,2.11,0.772028,-3.81543
R5b,2.12,0.771736,-3.82876
R5b,2.13,0.771449,-3.8421
R5b,2.14,0.771164,-3.85543
R5b,2.15,0.770884,-3.86876
R5b,2.16,0.770608,-3.8821
R5b,2.17,0.770335,-3.89543
R5b,2.18,0.770065,-3.90876
R5b,2.19,0.7698,-3.9221
R5b,2.2,0.769537,-3.93543
R5b,2.21,0.769279,-3.94876
R5b,2.22,0.769023,-3.9621
R5b,2.23,0.768771,-3.97543
R5b,2.24,0.768523,-3.98876
R5b,2.25,0.768277,-4.0021
R5b,2.26,0.768035,-4.01543
R5b,2.27,0.767796,-4.02876
R5b,2.28,0.767561,-4.0421
R5b,2.29,0.767328,-4.05543
R5b,2.3,0.767099,-4.06876
R5b,2.31,0.766872,-4.0821
R5b,2.32,0.766649,-4.09543
R5b,2.33,0.766428,-4.10876
R5b,2.34,0.76621,-4.1221
R5b,2.35,0.765996,-4.13543
R5b,2.36,0.765784,-4.14876
R5b,2.37,0.765575,-4.1621
R5b,2.38,0.765369,-4.17543
R5b,2.39,0.765165,-4.18876
R5b,2.4,0.764964,-4.2021
R5b,2.41,0.764766,-4.21543
R5b,2.42,0.76457,-4.22876
R5b,2.43,0.764377,-4.2421
R5b,2.44,0.764187,-4.25543
R5b,2.45,0.763999,-4.26876
R5b,2.46,0.763814,-4.2821
R5b,2.47,0.763631,-4.29543
R5b,2.48,0.76345,-4.30876
R5b,2.49,0.763272,-4.3221
R5b,2.5,0.763096,-4.33543
R5b,2.51,0.762923,-4.34876
R5b,2.52,0.762752,-4.3621
R5b,2.53,0.762583,-4.37543
R5b,2.54,0.762416,-4.38876
R5b,2.55,0.762252,-4.4021
R5b,2.56,0.762089,-4.41543
R5b,2.57,0.761929,-4.42876
R5b,2.58,0.761771,-4.4421
R5b,2.59,0.761615,-4.45543
R5b,2.6,0.761461,-4.46876
R5b,2.61,0.76131,-4.4821
R5b,2.62,0.76116,-4.49543
R5b,2.63,0.761012,-4.50876
R5b,2.64,0.760866,-4.5221
R5b,2.65,0.760722,-4.53543
R5b,2.66,0.76058,-4.54876
R5b,2.67,0.76044,-4.5621
R5b,2.68,0.760302,-4.57543
R5b,2.69,0.760165,-4.58876
R5b,2.7,0.760031,-4.6021
R5b,2.71,0.759898,-4.61543
R5b,2.72,0.759767,-4.62876
R5b,2.73,0.759637,-4.6421
R5b,2.74,0.75951,-4.65543
R5b,2.75,0.759384,-4.66876
R5b,2.76,0.75926,-4.6821
R5b,2.77,0.759137,-4.69543
R5b,2.78,0.759016,-4.70876
R5b,2.79,0.758897,-4.7221
R5b,2.8,0.758779,-4.73543
R5b,2.81,0.758662,-4.74876
R5b,2.82,0.758548,-4.7621
R5b,2.83,0.758434,-4.77543
R5b,2.84,0.758323,-4.78876
R5b,2.85,0.758213,-4.8021
R5b,2.86,0.758104,-4.81543
R5b,2.87,0.757996,-4.82876
R5b,2.88,0.75789,-4.8421
R5b,2.89,0.757786,-4.85543
R5b,2.9,0.757683,-4.86876
R5b,2.91,0.757581,-4.8821
R5b,2.92,0.757481,-4.89543
R5b,2.93,0.757382,-4.90876
R5b,2.94,0.757284,-4.9221
R5b,2.95,0.757187,-4.93543
R5b,2.96,0.757092,-4.94876
R5b,2.97,0.756998,-4.9621
R5b,2.98,0.756906,-4.97543
R5b,2.99,0.756814,-4.98876
R5b,3,0.756724,-5.0021
R5b,3.01,0.756635,-5.01543
R5b,3.02,0.756547,-5.02876
R5b,3.03,0.75646,-5.0421
R5b,3.04,0.756375,-5.05543
R5b,3.05,0.75629,-5.06876
R5b,3.06,0.756207,-5.0821
R5b,3.07,0.756125,-5.09543
R5b,3.08,0.756044,-5.10876
R5b,3.09,0.755964,-5.1221
R5b,3.1,0.755885,-5.13543
R5b,3.11,0.755807,-5.14876
R5b,3.12,0.75573,-5.1621
R5b,3.13,0.755654,-5.17543
R5b,3.14,0.755579,-5.18876
R5b,3.15,0.755505,-5.2021
R5b,3.16,0.755432,-5.21543
R5b,3.17,0.75536,-5.22876
R5b,3.18,0.755289,-5.2421
R5b,3.19,0.755219,-5.25543
R5b,3.2,0.75515,-5.26876
R5b,3.21,0.755082,-5.2821
R5b,3.22,0.755014,-5.29543
R5b,3.23,0.754948,-5.30876
R5b,3.24,0.754883,-5.3221
R5b,3.25,0.754818,-5.33543
R5b,3.26,0.754754,-5.34876
R5b,3.27,0.754691,-5.3621
R5b,3.28,0.754629,-5.37543
R5b,3.29,0.754568,-5.38876
R5b,3.3,0.754507,-5.4021
R5b,3.31,0.754447,-5.41543
R5b,3.32,0.754389,-5.42876
R5b,3.33,0.75433,-5.4421
R5b,3.34,0.754273,-5.45543
R5b,3.35,0.754216,-5.46876
R5b,3.36,0.754161,-5.4821
R5b,3.37,0.754105,-5.49543
R5b,3.38,0.754051,-5.50876
R5b,3.39,0.753997,-5.5221
R5b,3.4,0.753945,-5.53543
R5b,3.41,0.753892,-5.54876
R5b,3.42,0.753841,-5.5621
R5b,3.43,0.75379,-5.57543
R5b,3.44,0.75374,-5.58876
R5b,3.45,0.75369,-5.6021
R5b,3.46,0.753641,-5.61543
R5b,3.47,0.753593,-5.62876
R5b,3.48,0.753545,-5.6421
R5b,3.49,0.753498,-5.65543
R5b,3.5,0.753452,-5.66876
R5b,3.51,0.753406,-5.6821
R5b,3.52,0.753361,-5.69543
R5b,3.53,0.753317,-5.70876
R5b,3.54,0.753273,-5.7221
R5b,3.55,0.753229,-5.73543
R5b,3.56,0.753187,-5.74876
R5b,3.57,0.753145,-5.7621
R5b,3.58,0.753103,-5.77543
R5b,3.59,0.753062,-5.78876
R5b,3.6,0.753021,-5.8021
R5b,3.61,0.752981,-5.81543
R5b,3.62,0.752942,-5.82876
R5b,3.63,0.752903,-5.8421
R5b,3.64,0.752864,-5.85543
R5b,3.65,0.752826,-5.86876
R5b,3.66,0.752789,-5.8821
R5b,3.67,0.752752,-5.89543
R5b,3.68,0.752716,-5.90876
R5b,3.69,0.75268,-5.9221
R5b,3.7,0.752644,-5.93543
R5b,3.71,0.752609,-5.94876
R5b,3.72,0.752575,-5.9621
R5b,3.73,0.75254,-5.97543
R5b,3.74,0.752507,-5.98876
R5b,3.75,0.752474,-6.0021
R5b,3.76,0.752441,-6.01543
R5b,3.77,0.752408,-6.02876
R5b,3.78,0.752377,-6.0421
R5b,3.79,0.752345,-6.05543
R5b,3.8,0.752314,-6.06876
R5b,3.81,0.752283,-6.0821
R5b,3.82,0.752253,-6.09543
R5b,3.83,0.752223,-6.10876
R5b,3.84,0.752194,-6.1221
R5b,3.85,0.752165,-6.13543
R5b,3.86,0.752136,-6.14876
R5b,3.87,0.752108,-6.1621
R5b,3.88,0.75208,-6.17543
R5b,3.89,0.752052,-6.18876
R5b,3.9,0.752025,-6.2021
R5b,3.91,0.751998,-6.21543
R5b,3.92,0.751972,-6.22876
R5b,3.93,0.751946,-6.2421
R5b,3.94,0.75192,-6.25543
R5b,3.95,0.751895,-6.26876
R5b,3.96,0.751869,-6.2821
R5b,3.97,0.751845,-6.29543
R5b,3.98,0.75182,-6.30876
R5b,3.99,0.751796,-6.3221
R5b,4,0.751772,-6.33543
R5b,4.01,0.751749,-6.34876
R5b,4.02,0.751726,-6.36209
R5b,4.03,0.751703,-6.37543
R5b,4.04,0.75168,-6.38876
R5b,4.05,0.751658,-6.40209
R5b,4.06,0.751636,-6.41543
R5b,4.07,0.751614,-6.42876
R5b,4.08,0.751593,-6.44209
R5b,4.09,0.751572,-6.45543
R5b,4.1,0.751551,-6.46876
R5b,4.11,0.751531,-6.48209
R5b,4.12,0.75151,-6.49543
R5b,4.13,0.75149,-6.50876
R5b,4.14,0.751471,-6.52209
R5b,4.15,0.751451,-6.53543
R5b,4.16,0.751432,-6.54876
R5b,4.17,0.751413,-6.56209
R5b,4.18,0.751394,-6.57543
R5b,4.19,0.751376,-6.58876
R5b,4.2,0.751358,-6.60209
R5b,4.21,0.75134,-6.61543
R5b,4.22,0.751322,-6.62876
R5b,4.23,0.751304,-6.64209
R5b,4.24,0.751287,-6.65543
R5b,4.25,0.75127,-6.66876
R5b,4.26,0.751253,-6.68209
R5b,4.27,0.751237,-6.69543
R5b,4.28,0.75122,-6.70876
R5b,4.29,0.751204,-6.72209
R5b,4.3,0.751188,-6.73543
R5b,4.31,0.751172,-6.74876
R5b,4.32,0.751157,-6.76209
R5b,4.33,0.751141,-6.77543
R5b,4.34,0.751126,-6.78876
R5b,4.35,0.751111,-6.80209
R5b,4.36,0.751097,-6.81543
R5b,4.37,0.751082,-6.82876
R5b,4.38,0.751068,-6.84209
R5b,4.39,0.751054,-6.85543
R5b,4.4,0.75104,-6.86876
R5b,4.41,0.751026,-6.88209
R5b,4.42,0.751012,-6.89543
R5b,4.43,0.750999,-6.90876
R5b,4.44,0.750986,-6.92209
R5b,4.45,0.750973,-6.93543
R5b,4.46,0.75096,-6.94876
R5b,4.47,0.750947,-6.96209
R5b,4.48,0.750935,-6.97543
R5b,4.49,0.750922,-6.98876
R5b,4.5,0.75091,-7.00209
R5b,4.51,0.750898,-7.01543
R5b,4.52,0.750886,-7.02876
R5b,4.53,0.750874,-7.04209
R5b,4.54,0.750863,-7.05543
R5b,4.55,0.750851,-7.06876
R5b,4.56,0.75084,-7.08209
R5b,4.57,0.750829,-7.09543
R5b,4.58,0.750818,-7.10876
R5b,4.59,0.750807,-7.12209
R5b,4.6,0.750796,-7.13543
R5b,4.61,0.750786,-7.14876
R5b,4.62,0.750775,-7.16209
R5b,4.63,0.750765,-7.17543
R5b,4.64,0.750755,-7.18876
R5b,4.65,0.750745,-7.20209
R5b,4.66,0.750735,-7.21543
R5b,4.67,0.750725,-7.22876
R5b,4.68,0.750716,-7.24209
R5b,4.69,0.750706,-7.25543
R5b,4.7,0.750697,-7.26876
R5b,4.71,0.750688,-7.28209
R5b,4.72,0.750679,-7.29543
R5b,4.73,0.75067,-7.30876
R5b,4.74,0.750661,-7.32209
R5b,4.75,0.750652,-7.33543
R5b,4.76,0.750643,-7.34876
R5b,4.77,0.750635,-7.36209
R5b,4.78,0.750626,-7.37543
R5b,4.79,0.750618,-7.38876
R5b,4.8,0.75061,-7.40209
R5b,4.81,0.750602,-7.41543
R5b,4.82,0.750594,-7.42876
R5b,4.83,0.750586,-7.44209
R5b,4.84,0.750578,-7.45543
R5b,4.85,0.750571,-7.46876
R5b,4.86,0.750563,-7.48209
R5b,4.87,0.750556,-7.49543
R5b,4.88,0.750548,-7.50876
R5b,4.89,0.750541,-7.52209
R5b,4.9,0.750534,-7.53543
R5b,4.91,0.750527,-7.54876
R5b,4.92,0.75052,-7.56209
R5b,4.93,0.750513,-7.57543
R5b,4.94,0.750506,-7.58876
R5b,4.95,0.750499,-7.60209
R5b,4.96,0.750493,-7.61543
R5b,4.97,0.750486,-7.62876
R5b,4.98,0.75048,-7.64209
R5b,4.99,0.750473,-7.65543
R5b,5,0.750467,-7.66876
R5c,0,1,-1.38629
R5c,0.01,1.04558,-1.21882
R5c,0.02,1.09013,-1.07841
R5c,0.03,1.13343,-0.958593
R5c,0.04,1.17526,-0.855063
R5c,0.05,1.21541,-0.764831
R5c,0.06,1.25373,-0.685716
R5c,0.07,1.29006,-0.616068
R5c,0.08,1.3243,-0.554606
R5c,0.09,1.35634,-0.500306
R5c,0.1,1.38614,-0.452332
R5c,0.11,1.41366,-0.409988
R5c,0.12,1.43888,-0.372684
R5c,0.13,1.46183,-0.339915
R5c,0.14,1.48254,-0.311241
R5c,0.15,1.50106,-0.286276
R5c,0.16,1.51745,-0.264678
R5c,0.17,1.53181,-0.246141
R5c,0.18,1.54422,-0.230392
R5c,0.19,1.55478,-0.217184
R5c,0.2,1.56359,-0.206294
R5c,0.21,1.57077,-0.197518
R5c,0.22,1.5764,-0.190673
R5c,0.23,1.58061,-0.185591
R5c,0.24,1.5835,-0.182119
R5c,0.25,1.58517,-0.180116
R5c,0.26,1.58572,-0.179456
R5c,0.27,1.58525,-0.180021
R5c,0.28,1.58385,-0.181706
R5c,0.29,1.58159,-0.184412
R5c,0.3,1.57857,-0.18805
R5c,0.31,1.57486,-0.19254
R5c,0.32,1.57053,-0.197807
R5c,0.33,1.56564,-0.203782
R5c,0.34,1.56026,-0.210404
R5c,0.35,1.55443,-0.217617
R5c,0.36,1.54822,-0.225367
R5c,0.37,1.54167,-0.233609
R5c,0.38,1.53482,-0.242298
R5c,0.39,1.52771,-0.251396
R5c,0.4,1.52038,-0.260867
R5c,0.41,1.51286,-0.270677
R5c,0.42,1.50518,-0.280797
R5c,0.43,1.49737,-0.2912
R5c,0.44,1.48944,-0.30186
R5c,0.45,1.48143,-0.312755
R5c,0.46,1.47335,-0.323865
R5c,0.47,1.46522,-0.335169
R5c,0.48,1.45705,-0.346652
R5c,0.49,1.44887,-0.358298
R5c,0.5,1.44067,-0.370091
R5c,0.51,1.43248,-0.38202
R5c,0.52,1.42431,-0.394071
R5c,0.53,1.41615,-0.406235
R5c,0.54,1.40803,-0.418502
R5c,0.55,1.39995,-0.430862
R5c,0.56,1.39191,-0.443307
R5c,0.57,1.38392,-0.45583
R5c,0.58,1.37599,-0.468424
R5c,0.59,1.36811,-0.481082
R5c,0.6,1.3603,-0.493799
R5c,0.61,1.35256,-0.506571
R5c,0.62,1.34488,-0.519391
R5c,0.63,1.33728,-0.532256
R5c,0.64,1.32975,-0.545162
R5c,0.65,1.32229,-0.558105
R5c,0.66,1.31491,-0.571082
R5c,0.67,1.30761,-0.58409
R5c,0.68,1.30039,-0.597127
R5c,0.69,1.29325,-0.610189
R5c,0.7,1.28619,-0.623275
R5c,0.71,1.2792,-0.636382
R5c,0.72,1.2723,-0.649509
R5c,0.73,1.26548,-0.662654
R5c,0.74,1.25874,-0.675816
R5c,0.75,1.25208,-0.688992
R5c,0.76,1.2455,-0.702182
R5c,0.77,1.239,-0.715384
R5c,0.78,1.23259,-0.728598
R5c,0.79,1.22625,-0.741822
R5c,0.8,1.21998,-0.755055
R5c,0.81,1.2138,-0.768297
R5c,0.82,1.2077,-0.781547
R5c,0.83,1.20167,-0.794804
R5c,0.84,1.19572,-0.808068
R5c,0.85,1.18984,-0.821338
R5c,0.86,1.18404,-0.834613
R5c,0.87,1.17832,-0.847894
R5c,0.88,1.17266,-0.861178
R5c,0.89,1.16708,-0.874468
R5c,0.9,1.16158,-0.88776
R5c,0.91,1.15614,-0.901057
R5c,0.92,1.15077,-0.914356
R5c,0.93,1.14548,-0.927659
R5c,0.94,1.14025,-0.940964
R5c,0.95,1.13509,-0.954271
R5c,0.96,1.13,-0.967581
R5c,0.97,1.12498,-0.980893
R5c,0.98,1.12002,-0.994206
R5c,0.99,1.11512,-1.00752
R5c,1,1.11029,-1.02084
R5c,1.01,1.10553,-1.03416
R5c,1.02,1.10082,-1.04748
R5c,1.03,1.09618,-1.0608
R5c,1.04,1.0916,-1.07412
R5c,1.05,1.08708,-1.08744
R5c,1.06,1.08262,-1.10077
R5c,1.07,1.07821,-1.11409
R5c,1.08,1.07387,-1.12742
R5c,1.09,1.06958,-1.14074
R5c,1.1,1.06535,-1.15407
R5c,1.11,1.06118,-1.16739
R5c,1.12,1.05706,-1.18072
R5c,1.13,1.05299,-1.19405
R5c,1.14,1.04898,-1.20738
R5c,1.15,1.04502,-1.22071
R5c,1.16,1.04111,-1.23404
R5c,1.17,1.03726,-1.24737
R5c,1.18,1.03346,-1.2607
R5c,1.19,1.0297,-1.27403
R5c,1.2,1.026,-1.28736
R5c,1.21,1.02234,-1.30069
R5c,1.22,1.01874,-1.31402
R5c,1.23,1.01518,-1.32735
R5c,1.24,1.01167,-1.34068
R5c,1.25,1.0082,-1.35401
R5c,1.26,1.00478,-1.36735
R5c,1.27,1.00141,-1.38068
R5c,1.28,0.998079,-1.39401
R5c,1.29,0.994793,-1.40734
R5c,1.3,0.991551,-1.42067
R5c,1.31,0.988352,-1.43401
R5c,1.32,0.985195,-1.44734
R5c,1.33,0.98208,-1.46067
R5c,1.34,0.979007,-1.474
R5c,1.35,0.975974,-1.48734
R5c,1.36,0.972981,-1.50067
R5c,1.37,0.970028,-1.514
R5c,1.38,0.967114,-1.52733
R5c,1.39,0.964238,-1.54067
R5c,1.4,0.961401,-1.554
R5c,1.41,0.958601,-1.56733
R5c,1.42,0.955838,-1.58067
R5c,1.43,0.953112,-1.594
R5c,1.44,0.950422,-1.60733
R5c,1.45,0.947767,-1.62066
R5c,1.46,0.945148,-1.634
R5c,1.47,0.942563,-1.64733
R5c,1.48,0.940013,-1.66066
R5c,1.49,0.937496,-1.674
R5c,1.5,0.935013,-1.68733
R5c,1.51,0.932562,-1.70066
R5c,1.52,0.930144,-1.714
R5c,1.53,0.927758,-1.72733
R5c,1.54,0.925404,-1.74066
R5c,1.55,0.923081,-1.754
R5c,1.56,0.920788,-1.76733
R5c,1.57,0.918526,-1.78066
R5c,1.58,0.916294,-1.794
R5c,1.59,0.914092,-1.80733
R5c,1.6,0.911918,-1.82066
R5c,1.61,0.909774,-1.834
R5c,1.62,0.907658,-1.84733
R5c,1.63,0.90557,-1.86066
R5c,1.64,0.903509,-1.874
R5c,1.65,0.901476,-1.88733
R5c,1.66,0.89947,-1.90066
R5c,1.67,0.89749,-1.914
R5c,1.68,0.895536,-1.92733
R5c,1.69,0.893609,-1.94066
R5c,1.7,0.891707,-1.954
R5c,1.71,0.88983,-1.96733
R5c,1.72,0.887978,-1.98066
R5c,1.73,0.88615,-1.99399
R5c,1.74,0.884347,-2.00733
R5c,1.75,0.882568,-2.02066
R5c,1.76,0.880812,-2.03399
R5c,1.77,0.879079,-2.04733
R5c,1.78,0.87737,-2.06066
R5c,1.79,0.875683,-2.07399
R5c,1.8,0.874018,-2.08733
R5c,1.81,0.872375,-2.10066
R5c,1.82,0.870755,-2.11399
R5c,1.83,0.869155,-2.12733
R5c,1.84,0.867577,-2.14066
R5c,1.85,0.86602,-2.15399
R5c,1.86,0.864483,-2.16733
R5c,1.87,0.862967,-2.18066
R5c,1.88,0.861471,-2.19399
R5c,1.89,0.859994,-2.20733
R5c,1.9,0.858537,-2.22066
R5c,1.91,0.8571,-2.23399
R5c,1.92,0.855681,-2.24733
R5c,1.93,0.854282,-2.26066
R5c,1.94,0.8529,-2.27399
R5c,1.95,0.851537,-2.28733
R5c,1.96,0.850193,-2.30066
R5c,1.97,0.848866,-2.31399
R5c,1.98,0.847556,-2.32733
R5c,1.99,0.846264,-2.34066
R5c,2,0.844989,-2.35399
R5c,2.01,0.843731,-2.36733
R5c,2.02,0.842489,-2.38066
R5c,2.03,0.841264,-2.39399
R5c,2.04,0.840056,-2.40733
R5c,2.05,0.838863,-2.42066
R5c,2.06,0.837686,-2.43399
R5c,2.07,0.836525,-2.44733
R5c,2.08,0.835379,-2.46066
R5c,2.09,0.834248,-2.47399
R5c,2.1,0.833132,-2.48733
R5c,2.11,0.832031,-2.50066
R5c,2.12,0.830944,-2.51399
R5c,2.13,0.829872,-2.52733
R5c,2.14,0.828814,-2.54066
R5c,2.15,0.82777,-2.55399
R5c,2.16,0.82674,-2.56733
R5c,2.17,0.825724,-2.58066
R5c,2.18,0.824721,-2.59399
R5c,2.19,0.823731,-2.60733
R5c,2.2,0.822755,-2.62066
R5c,2.21,0.821791,-2.63399
R5c,2.22,0.82084,-2.64733
R5c,2.23,0.819902,-2.66066
R5c,2.24,0.818976,-2.67399
R5c,2.25,0.818063,-2.68733
R5c,2.26,0.817161,-2.70066
R5c,2.27,0.816272,-2.71399
R5c,2.28,0.815394,-2.72733
R5c,2.29,0.814528,-2.74066
R5c,2.3,0.813673,-2.75399
R5c,2.31,0.81283,-2.76733
R5c,2.32,0.811998,-2.78066
R5c,2.33,0.811176,-2.79399
R5c,2.34,0.810366,-2.80733
R5c,2.35,0.809567,-2.82066
R5c,2.36,0.808778,-2.83399
R5c,2.37,0.807999,-2.84733
R5c,2.38,0.807231,-2.86066
R5c,2.39,0.806473,-2.87399
R5c,2.4,0.805725,-2.88733
R5c,2.41,0.804987,-2.90066
R5c,2.42,0.804259,-2.91399
R5c,2.43,0.80354,-2.92733
R5c,2.44,0.802831,-2.94066
R5c,2.45,0.802131,-2.95399
R5c,2.46,0.801441,-2.96733
R5c,2.47,0.800759,-2.98066
R5c,2.48,0.800087,-2.99399
R5c,2.49,0.799424,-3.00733
R5c,2.5,0.798769,-3.02066
R5c,2.51,0.798123,-3.03399
R5c,2.52,0.797486,-3.04733
R5c,2.53,0.796857,-3.06066
R5c,2.54,0.796236,-3.07399
R5c,2.55,0.795624,-3.08733
R5c,2.56,0.795019,-3.10066
R5c,2.57,0.794423,-3.11399
R5c,2.58,0.793835,-3.12733
R5c,2.59,0.793254,-3.14066
R5c,2.6,0.792681,-3.15399
R5c,2.61,0.792116,-3.16733
R5c,2.62,0.791558,-3.18066
R5c,2.63,0.791008,-3.19399
R5c,2.64,0.790465,-3.20733
R5c,2.65,0.789929,-3.22066
R5c,2.66,0.7894,-3.23399
R5c,2.67,0.788878,-3.24733
R5c,2.68,0.788363,-3.26066
R5c,2.69,0.787855,-3.27399
R5c,2.7,0.787354,-3.28733
R5c,2.71,0.786859,-3.30066
R5c,2.72,0.786371,-3.31399
R5c,2.73,0.785889,-3.32733
R5c,2.74,0.785414,-3.34066
R5c,2.75,0.784945,-3.35399
R5c,2.76,0.784482,-3.36733
R5c,2.77,0.784025,-3.38066
R5c,2.78,0.783574,-3.39399
R5c,2.79,0.78313,-3.40733
R5c,2.8,0.782691,-3.42066
R5c,2.81,0.782258,-3.43399
R5c,2.82,0.781831,-3.44733
R5c,2.83,0.781409,-3.46066
R5c,2.84,0.780993,-3.47399
R5c,2.85,0.780583,-3.48733
R5c,2.86,0.780177,-3.50066
R5c,2.87,0.779778,-3.51399
R5c,2.88,0.779383,-3.52733
R5c,2.89,0.778994,-3.54066
R5c,2.9,0.77861,-3.55399
R5c,2.91,0.778231,-3.56733
R5c,2.92,0.777857,-3.58066
R5c,2.93,0.777488,-3.59399
R5c,2.94,0.777124,-3.60733
R5c,2.95,0.776765,-3.62066
R5c,2.96,0.776411,-3.63399
R5c,2.97,0.776061,-3.64733
R5c,2.98,0.775716,-3.66066
R5c,2.99,0.775375,-3.67399
R5c,3,0.775039,-3.68733
R5c,3.01,0.774707,-3.70066
R5c,3.02,0.77438,-3.71399
R5c,3.03,0.774057,-3.72733
R5c,3.04,0.773738,-3.74066
R5c,3.05,0.773424,-3.75399
R5c,3.06,0.773114,-3.76733
R5c,3.07,0.772808,-3.78066
R5c,3.08,0.772506,-3.79399
R5c,3.09,0.772207,-3.80733
R5c,3.1,0.771913,-3.82066
R5c,3.11,0.771623,-3.83399
R5c,3.12,0.771337,-3.84733
R5c,3.13,0.771054,-3.86066
R5c,3.14,0.770775,-3.87399
R5c,3.15,0.7705,-3.88733
R5c,3.16,0.770229,-3.90066
R5c,3.17,0.769961,-3.91399
R5c,3.18,0.769696,-3.92733
R5c,3.19,0.769435,-3.94066
R5c,3.2,0.769178,-3.95399
R5c,3.21,0.768924,-3.96733
R5c,3.22,0.768673,-3.98066
R5c,3.23,0.768426,-3.99399
R5c,3.24,0.768182,-4.00733
R5c,3.25,0.767941,-4.02066
R5c,3.26,0.767704,-4.03399
R5c,3.27,0.767469,-4.04733
R5c,3.28,0.767238,-4.06066
R5c,3.29,0.767009,-4.07399
R5c,3.3,0.766784,-4.08733
R5c,3.31,0.766562,-4.10066
R5c,3.32,0.766342,-4.11399
R5c,3.33,0.766126,-4.12733
R5c,3.34,0.765912,-4.14066
R5c,3.35,0.765702,-4.15399
R5c,3.36,0.765494,-4.16733
R5c,3.37,0.765288,-4.18066
R5c,3.38,0.765086,-4.19399
R5c,3.39,0.764886,-4.20733
R5c,3.4,0.764689,-4.22066
R5c,3.41,0.764494,-4.23399
R5c,3.42,0.764302,-4.24733
R5c,3.43,0.764113,-4.26066
R5c,3.44,0.763926,-4.27399
R5c,3.45,0.763742,-4.28733
R5c,3.46,0.76356,-4.30066
R5c,3.47,0.76338,-4.31399
R5c,3.48,0.763203,-4.32733
R5c,3.49,0.763028,-4.34066
R5c,3.5,0.762855,-4.35399
R5c,3.51,0.762685,-4.36733
R5c,3.52,0.762517,-4.38066
R5c,3.53,0.762351,-4.39399
R5c,3.54,0.762188,-4.40733
R5c,3.55,0.762026,-4.42066
R5c,3.56,0.761867,-4.43399
R5c,3.57,0.76171,-4.44733
R5c,3.58,0.761555,-4.46066
R5c,3.59,0.761402,-4.47399
R5c,3.6,0.761251,-4.48733
R5c,3.61,0.761102,-4.50066
R5c,3.62,0.760955,-4.51399
R5c,3.63,0.76081,-4.52733
R5c,3.64,0.760666,-4.54066
R5c,3.65,0.760525,-4.55399
R5c,3.66,0.760386,-4.56733
R5c,3.67,0.760248,-4.58066
R5c,3.68,0.760112,-4.59399
R5c,3.69,0.759978,-4.60733
R5c,3.7,0.759846,-4.62066
R5c,3.71,0.759716,-4.63399
R5c,3.72,0.759587,-4.64733
R5c,3.73,0.75946,-4.66066
R5c,3.74,0.759335,-4.67399
R5c,3.75,0.759211,-4.68733
R5c,3.76,0.759089,-4.70066
R5c,3.77,0.758969,-4.71399
R5c,3.78,0.75885,-4.72733
R5c,3.79,0.758733,-4.74066
R5c,3.8,0.758617,-4.75399
R5c,3.81,0.758503,-4.76733
R5c,3.82,0.75839,-4.78066
R5c,3.83,0.758279,-4.79399
R5c,3.84,0.75817,-4.80733
R5c,3.85,0.758061,-4.82066
R5c,3.86,0.757955,-4.83399
R5c,3.87,0.757849,-4.84732
R5c,3.88,0.757745,-4.86066
R5c,3.89,0.757643,-4.87399
R5c,3.9,0.757542,-4.88732
R5c,3.91,0.757442,-4.90066
R5c,3.92,0.757343,-4.91399
R5c,3.93,0.757246,-4.92732
R5c,3.94,0.75715,-4.94066
R5c,3.95,0.757055,-4.95399
R5c,3.96,0.756962,-4.96732
R5c,3.97,0.75687,-4.98066
R5c,3.98,0.756779,-4.99399
R5c,3.99,0.756689,-5.00732
R5c,4,0.7566,-5.02066
R5c,4.01,0.756513,-5.03399
R5c,4.02,0.756427,-5.04732
R5c,4.03,0.756341,-5.06066
R5c,4.04,0.756257,-5.07399
R5c,4.05,0.756175,-5.08732
R5c,4.06,0.756093,-5.10066
R5c,4.07,0.756012,-5.11399
R5c,4.08,0.755932,-5.12732
R5c,4.09,0.755854,-5.14066
R5c,4.1,0.755776,-5.15399
R5c,4.11,0.7557,-5.16732
R5c,4.12,0.755624,-5.18066
R5c,4.13,0.75555,-5.19399
R5c,4.14,0.755476,-5.20732
R5c,4.15,0.755404,-5.22066
R5c,4.16,0.755332,-5.23399
R5c,4.17,0.755262,-5.24732
R5c,4.18,0.755192,-5.26066
R5c,4.19,0.755123,-5.27399
R5c,4.2,0.755055,-5.28732
R5c,4.21,0.754988,-5.30066
R5c,4.22,0.754922,-5.31399
R5c,4.23,0.754857,-5.32732
R5c,4.24,0.754793,-5.34066
R5c,4.25,0.754729,-5.35399
R5c,4.26,0.754667,-5.36732
R5c,4.27,0.754605,-5.38066
R5c,4.28,0.754544,-5.39399
R5c,4.29,0.754484,-5.40732
R5c,4.3,0.754424,-5.42066
R5c,4.31,0.754366,-5.43399
R5c,4.32,0.754308,-5.44732
R5c,4.33,0.754251,-5.46066
R5c,4.34,0.754194,-5.47399
R5c,4.35,0.754139,-5.48732
R5c,4.36,0.754084,-5.50066
R5c,4.37,0.75403,-5.51399
R5c,4.38,0.753977,-5.52732
R5c,4.39,0.753924,-5.54066
R5c,4.4,0.753872,-5.55399
R5c,4.41,0.753821,-5.56732
R5c,4.42,0.75377,-5.58066
R5c,4.43,0.75372,-5.59399
R5c,4.44,0.753671,-5.60732
R5c,4.45,0.753622,-5.62066
R5c,4.46,0.753574,-5.63399
R5c,4.47,0.753527,-5.64732
R5c,4.48,0.75348,-5.66066
R5c,4.49,0.753434,-5.67399
R5c,4.5,0.753389,-5.68732
R5c,4.51,0.753344,-5.70066
R5c,4.52,0.753299,-5.71399
R5c,4.53,0.753256,-5.72732
R5c,4.54,0.753213,-5.74066
R5c,4.55,0.75317,-5.75399
R5c,4.56,0.753128,-5.76732
R5c,4.57,0.753087,-5.78066
R5c,4.58,0.753046,-5.79399
R5c,4.59,0.753005,-5.80732
R5c,4.6,0.752966,-5.82066
R5c,4.61,0.752926,-5.83399
R5c,4.62,0.752888,-5.84732
R5c,4.63,0.752849,-5.86066
R5c,4.64,0.752812,-5.87399
R5c,4.65,0.752774,-5.88732
R5c,4.66,0.752738,-5.90066
R5c,4.67,0.752701,-5.91399
R5c,4.68,0.752666,-5.92732
R5c,4.69,0.75263,-5.94066
R5c,4.7,0.752595,-5.95399
R5c,4.71,0.752561,-5.96732
R5c,4.72,0.752527,-5.98066
R5c,4.73,0.752494,-5.99399
R5c,4.74,0.752461,-6.00732
R5c,4.75,0.752428,-6.02066
R5c,4.76,0.752396,-6.03399
R5c,4.77,0.752364,-6.04732
R5c,4.78,0.752333,-6.06066
R5c,4.79,0.752302,-6.07399
R5c,4.8,0.752271,-6.08732
R5c,4.81,0.752241,-6.10066
R5c,4.82,0.752212,-6.11399
R5c,4.83,0.752182,-6.12732
R5c,4.84,0.752154,-6.14066
R5c,4.85,0.752125,-6.15399
R5c,4.86,0.752097,-6.16732
R5c,4.87,0.752069,-6.18066
R5c,4.88,0.752042,-6.19399
R5c,4.89,0.752015,-6.20732
R5c,4.9,0.751988,-6.22066
R5c,4.91,0.751962,-6.23399
R5c,4.92,0.751936,-6.24732
R5c,4.93,0.75191,-6.26066
R5c,4.94,0.751885,-6.27399
R5c,4.95,0.75186,-6.28732
R5c,4.96,0.751835,-6.30066
R5c,4.97,0.751811,-6.31399
R5c,4.98,0.751787,-6.32732
R5c,4.99,0.751763,-6.34066
R5c,5,0.75174,-6.35399
