case,time,free_energy
R5a,0,0.1875
R5a,0.01,0.172774
R5a,0.02,0.160436
R5a,0.03,0.150053
R5a,0.04,0.141274
R5a,0.05,0.133808
R5a,0.06,0.127421
R5a,0.07,0.121919
R5a,0.08,0.117144
R5a,0.09,0.112968
R5a,0.1,0.109285
R5a,0.11,0.10601
R5a,0.12,0.103071
R5a,0.13,0.100413
R5a,0.14,0.0979883
R5a,0.15,0.0957586
R5a,0.16,0.0936929
R5a,0.17,0.091766
R5a,0.18,0.089957
R5a,0.19,0.0882491
R5a,0.2,0.0866284
R5a,0.21,0.0850838
R5a,0.22,0.083606
R5a,0.23,0.0821874
R5a,0.24,0.0808219
R5a,0.25,0.0795043
R5a,0.26,0.0782304
R5a,0.27,0.0769968
R5a,0.28,0.0758006
R5a,0.29,0.0746392
R5a,0.3,0.0735108
R5a,0.31,0.0724134
R5a,0.32,0.0713458
R5a,0.33,0.0703065
R5a,0.34,0.0692945
R5a,0.35,0.0683087
R5a,0.36,0.0673483
R5a,0.37,0.0664125
R5a,0.38,0.0655005
R5a,0.39,0.0646118
R5a,0.4,0.0637455
R5a,0.41,0.0629013
R5a,0.42,0.0620784
R5a,0.43,0.0612763
R5a,0.44,0.0604947
R5a,0.45,0.0597329
R5a,0.46,0.0589904
R5a,0.47,0.0582669
R5a,0.48,0.0575618
R5a,0.49,0.0568747
R5a,0.5,0.0562053
R5a,0.51,0.055553
R5a,0.52,0.0549174
R5a,0.53,0.0542982
R5a,0.54,0.0536949
R5a,0.55,0.0531072
R5a,0.56,0.0525346
R5a,0.57,0.0519769
R5a,0.58,0.0514336
R5a,0.59,0.0509044
R5a,0.6,0.0503889
R5a,0.61,0.0498868
R5a,0.62,0.0493978
R5a,0.63,0.0489215
R5a,0.64,0.0484576
R5a,0.65,0.0480058
R5a,0.66,0.0475658
R5a,0.67,0.0471372
R5a,0.68,0.0467199
R5a,0.69,0.0463135
R5a,0.7,0.0459177
R5a,0.71,0.0455322
R5a,0.72,0.0451568
R5a,0.73,0.0447913
R5a,0.74,0.0444354
R5a,0.75,0.0440887
R5a,0.76,0.0437512
R5a,0.77,0.0434225
R5a,0.78,0.0431024
R5a,0.79,0.0427907
R5a,0.8,0.0424873
R5a,0.81,0.0421917
R5a,0.82,0.041904
R5a,0.83,0.0416237
R5a,0.84,0.0413509
R5a,0.85,0.0410852
R5a,0.86,0.0408265
R5a,0.87,0.0405746
R5a,0.88,0.0403293
R5a,0.89,0.0400904
R5a,0.9,0.0398579
R5a,0.91,0.0396314
R5a,0.92,0.0394109
R5a,0.93,0.0391962
R5a,0.94,0.0389872
R5a,0.95,0.0387836
R5a,0.96,0.0385854
R5a,0.97,0.0383924
R5a,0.98,0.0382045
R5a,0.99,0.0380215
R5a,1,0.0378433
R5a,1.01,0.0376699
R5a,1.02,0.0375009
R5a,1.03,0.0373365
R5a,1.04,0.0371763
R5a,1.05,0.0370204
R5a,1.06,0.0368685
R5a,1.07,0.0367207
R5a,1.08,0.0365768
R5a,1.09,0.0364366
R5a,1.1,0.0363001
R5a,1.11,0.0361672
R5a,1.12,0.0360379
R5a,1.13,0.0359119
R5a,1.14,0.0357892
R5a,1.15,0.0356698
R5a,1.16,0.0355535
R5a,1.17,0.0354402
R5a,1.18,0.03533
R5a,1.19,0.0352226
R5a,1.2,0.0351181
R5a,1.21,0.0350163
R5a,1.22,0.0349172
R5a,1.23,0.0348207
R5a,1.24,0.0347267
R5a,1.25,0.0346352
R5a,1.26,0.0345462
R5a,1.27,0.0344594
R5a,1.28,0.034375
R5a,1.29,0.0342927
R5a,1.3,0.0342127
R5a,1.31,0.0341347
R5a,1.32,0.0340588
R5a,1.33,0.0339849
R5a,1.34,0.0339129
R5a,1.35,0.0338429
R5a,1.36,0.0337746
R5a,1.37,0.0337082
R5a,1.38,0.0336435
R5a,1.39,0.0335805
R5a,1.4,0.0335192
R5a,1.41,0.0334595
R5a,1.42,0.0334013
R5a,1.43,0.0333447
R5a,1.44,0.0332896
R5a,1.45,0.0332359
R5a,1.46,0.0331837
R5a,1.47,0.0331328
R5a,1.48,0.0330833
R5a,1.49,0.033035
R5a,1.5,0.032988
R5a,1.51,0.0329423
R5a,1.52,0.0328978
R5a,1.53,0.0328544
R5a,1.54,0.0328122
R5a,1.55,0.0327711
R5a,1.56,0.0327311
R5a,1.57,0.0326921
R5a,1.58,0.0326541
R5a,1.59,0.0326172
R5a,1.6,0.0325812
R5a,1.61,0.0325462
R5a,1.62,0.0325121
R5a,1.63,0.0324789
R5a,1.64,0.0324465
R5a,1.65,0.032415
R5a,1.66,0.0323844
R5a,1.67,0.0323545
R5a,1.68,0.0323255
R5a,1.69,0.0322972
R5a,1.7,0.0322696
R5a,1.71,0.0322428
R5a,1.72,0.0322167
R5a,1.73,0.0321912
R5a,1.74,0.0321665
R5a,1.75,0.0321423
R5a,1.76,0.0321189
R5a,1.77,0.032096
R5a,1.78,0.0320737
R5a,1.79,0.0320521
R5a,1.8,0.032031
R5a,1.81,0.0320104
R5a,1.82,0.0319904
R5a,1.83,0.0319709
R5a,1.84,0.0319519
R5a,1.85,0.0319335
R5a,1.86,0.0319155
R5a,1.87,0.031898
R5a,1.88,0.0318809
R5a,1.89,0.0318643
R5a,1.9,0.0318482
R5a,1.91,0.0318324
R5a,1.92,0.0318171
R5a,1.93,0.0318022
R5a,1.94,0.0317876
R5a,1.95,0.0317735
R5a,1.96,0.0317597
R5a,1.97,0.0317463
R5a,1.98,0.0317332
R5a,1.99,0.0317205
R5a,2,0.0317081
R5a,2.01,0.0316961
R5a,2.02,0.0316844
R5a,2.03,0.0316729
R5a,2.04,0.0316618
R5a,2.05,0.031651
R5a,2.06,0.0316404
R5a,2.07,0.0316301
R5a,2.08,0.0316201
R5a,2.09,0.0316104
R5a,2.1,0.0316009
R5a,2.11,0.0315917
R5a,2.12,0.0315827
R5a,2.13,0.0315739
R5a,2.14,0.0315654
R5a,2.15,0.0315571
R5a,2.16,0.031549
R5a,2.17,0.0315412
R5a,2.18,0.0315335
R5a,2.19,0.031526
R5a,2.2,0.0315188
R5a,2.21,0.0315117
R5a,2.22,0.0315048
R5a,2.23,0.0314981
R5a,2.24,0.0314916
R5a,2.25,0.0314852
R5a,2.26,0.031479
R5a,2.27,0.031473
R5a,2.28,0.0314671
R5a,2.29,0.0314614
R5a,2.3,0.0314559
R5a,2.31,0.0314504
R5a,2.32,0.0314452
R5a,2.33,0.03144
R5a,2.34,0.031435
R5a,2.35,0.0314302
R5a,2.36,0.0314254
R5a,2.37,0.0314208
R5a,2.38,0.0314163
R5a,2.39,0.0314119
R5a,2.4,0.0314077
R5a,2.41,0.0314035
R5a,2.42,0.0313995
R5a,2.43,0.0313956
R5a,2.44,0.0313917
R5a,2.45,0.031388
R5a,2.46,0.0313844
R5a,2.47,0.0313808
R5a,2.48,0.0313774
R5a,2.49,0.031374
R5a,2.5,0.0313708
R5a,2.51,0.0313676
R5a,2.52,0.0313645
R5a,2.53,0.0313615
R5a,2.54,0.0313585
R5a,2.55,0.0313557
R5a,2.56,0.0313529
R5a,2.57,0.0313502
R5a,2.58,0.0313476
R5a,2.59,0.031345
R5a,2.6,0.0313425
R5a,2.61,0.0313401
R5a,2.62,0.0313377
R5a,2.63,0.0313354
R5a,2.64,0.0313331
R5a,2.65,0.031331
R5a,2.66,0.0313288
R5a,2.67,0.0313267
R5a,2.68,0.0313247
R5a,2.69,0.0313228
R5a,2.7,0.0313208
R5a,2.71,0.031319
R5a,2.72,0.0313172
R5a,2.73,0.0313154
R5a,2.74,0.0313137
R5a,2.75,0.031312
R5a,2.76,0.0313104
R5a,2.77,0.0313088
R5a,2.78,0.0313072
R5a,2.79,0.0313057
R5a,2.8,0.0313043
R5a,2.81,0.0313028
R5a,2.82,0.0313014
R5a,2.83,0.0313001
R5a,2.84,0.0312988
R5a,2.85,0.0312975
R5a,2.86,0.0312962
R5a,2.87,0.031295
R5a,2.88,0.0312938
R5a,2.89,0.0312927
R5a,2.9,0.0312916
R5a,2.91,0.0312905
R5a,2.92,0.0312894
R5a,2.93,0.0312884
R5a,2.94,0.0312874
R5a,2.95,0.0312864
R5a,2.96,0.0312854
R5a,2.97,0.0312845
R5a,2.98,0.0312836
R5a,2.99,0.0312827
R5a,3,0.0312818
R5a,3.01,0.031281
R5a,3.02,0.0312802
R5a,3.03,0.0312794
R5a,3.04,0.0312786
R5a,3.05,0.0312779
R5a,3.06,0.0312771
R5a,3.07,0.0312764
R5a,3.08,0.0312757
R5a,3.09,0.031275
R5a,3.1,0.0312744
R5a,3.11,0.0312737
R5a,3.12,0.0312731
R5a,3.13,0.0312725
R5a,3.14,0.0312719
R5a,3.15,0.0312713
R5a,3.16,0.0312708
R5a,3.17,0.0312702
R5a,3.18,0.0312697
R5a,3.19,0.0312692
R5a,3.2,0.0312687
R5a,3.21,0.0312682
R5a,3.22,0.0312677
R5a,3.23,0.0312672
R5a,3.24,0.0312668
R5a,3.25,0.0312663
R5a,3.26,0.0312659
R5a,3.27,0.0312655
R5a,3.28,0.0312651
R5a,3.29,0.0312647
R5a,3.3,0.0312643
R5a,3.31,0.0312639
R5a,3.32,0.0312636
R5a,3.33,0.0312632
R5a,3.34,0.0312629
R5a,3.35,0.0312625
R5a,3.36,0.0312622
R5a,3.37,0.0312619
R5a,3.38,0.0312616
R5a,3.39,0.0312613
R5a,3.4,0.031261
R5a,3.41,0.0312607
R5a,3.42,0.0312604
R5a,3.43,0.0312601
R5a,3.44,0.0312598
R5a,3.45,0.0312596
R5a,3.46,0.0312593
R5a,3.47,0.0312591
R5a,3.48,0.0312589
R5a,3.49,0.0312586
R5a,3.5,0.0312584
R5a,3.51,0.0312582
R5a,3.52,0.031258
R5a,3.53,0.0312577
R5a,3.54,0.0312575
R5a,3.55,0.0312573
R5a,3.56,0.0312572
R5a,3.57,0.031257
R5a,3.58,0.0312568
R5a,3.59,0.0312566
R5a,3.6,0.0312564
R5a,3.61,0.0312563
R5a,3.62,0.0312561
R5a,3.63,0.0312559
R5a,3.64,0.0312558
R5a,3.65,0.0312556
R5a,3.66,0.0312555
R5a,3.67,0.0312553
R5a,3.68,0.0312552
R5a,3.69,0.0312551
R5a,3.7,0.0312549
R5a,3.71,0.0312548
R5a,3.72,0.0312547
R5a,3.73,0.0312545
R5a,3.74,0.0312544
R5a,3.75,0.0312543
R5a,3.76,0.0312542
R5a,3.77,0.0312541
R5a,3.78,0.031254
R5a,3.79,0.0312539
R5a,3.8,0.0312538
R5a,3.81,0.0312537
R5a,3.82,0.0312536
R5a,3.83,0.0312535
R5a,3.84,0.0312534
R5a,3.85,0.0312533
R5a,3.86,0.0312532
R5a,3.87,0.0312531
R5a,3.88,0.031253
R5a,3.89,0.031253
R5a,3.9,0.0312529
R5a,3.91,0.0312528
R5a,3.92,0.0312527
R5a,3.93,0.0312527
R5a,3.94,0.0312526
R5a,3.95,0.0312525
R5a,3.96,0.0312525
R5a,3.97,0.0312524
R5a,3.98,0.0312523
R5a,3.99,0.0312523
R5a,4,0.0312522
R5a,4.01,0.0312522
R5a,4.02,0.0312521
R5a,4.03,0.031252
R5a,4.04,0.031252
R5a,4.05,0.0312519
R5a,4.06,0.0312519
R5a,4.07,0.0312518
R5a,4.08,0.0312518
R5a,4.09,0.0312517
R5a,4.1,0.0312517
R5a,4.11,0.0312516
R5a,4.12,0.0312516
R5a,4.13,0.0312516
R5a,4.14,0.0312515
R5a,4.15,0.0312515
R5a,4.16,0.0312514
R5a,4.17,0.0312514
R5a,4.18,0.0312514
R5a,4.19,0.0312513
R5a,4.2,0.0312513
R5a,4.21,0.0312513
R5a,4.22,0.0312512
R5a,4.23,0.0312512
R5a,4.24,0.0312512
R5a,4.25,0.0312511
R5a,4.26,0.0312511
R5a,4.27,0.0312511
R5a,4.28,0.031251
R5a,4.29,0.031251
R5a,4.3,0.031251
R5a,4.31,0.031251
R5a,4.32,0.0312509
R5a,4.33,0.0312509
R5a,4.34,0.0312509
R5a,4.35,0.0312509
R5a,4.36,0.0312508
R5a,4.37,0.0312508
R5a,4.38,0.0312508
R5a,4.39,0.0312508
R5a,4.4,0.0312508
R5a,4.41,0.0312507
R5a,4.42,0.0312507
R5a,4.43,0.0312507
R5a,4.44,0.0312507
R5a,4.45,0.0312507
R5a,4.46,0.0312506
R5a,4.47,0.0312506
R5a,4.48,0.0312506
R5a,4.49,0.0312506
R5a,4.5,0.0312506
R5a,4.51,0.0312506
R5a,4.52,0.0312506
R5a,4.53,0.0312505
R5a,4.54,0.0312505
R5a,4.55,0.0312505
R5a,4.56,0.0312505
R5a,4.57,0.0312505
R5a,4.58,0.0312505
R5a,4.59,0.0312505
R5a,4.6,0.0312504
R5a,4.61,0.0312504
R5a,4.62,0.0312504
R5a,4.63,0.0312504
R5a,4.64,0.0312504
R5a,4.65,0.0312504
R5a,4.66,0.0312504
R5a,4.67,0.0312504
R5a,4.68,0.0312504
R5a,4.69,0.0312504
R5a,4.7,0.0312503
R5a,4.71,0.0312503
R5a,4.72,0.0312503
R5a,4.73,0.0312503
R5a,4.74,0.0312503
R5a,4.75,0.0312503
R5a,4.76,0.0312503
R5a,4.77,0.0312503
R5a,4.78,0.0312503
R5a,4.79,0.0312503
R5a,4.8,0.0312503
R5a,4.81,0.0312503
R5a,4.82,0.0312502
R5a,4.83,0.0312502
R5a,4.84,0.0312502
R5a,4.85,0.0312502
R5a,4.86,0.0312502
R5a,4.87,0.0312502
R5a,4.88,0.0312502
R5a,4.89,0.0312502
R5a,4.9,0.0312502
R5a,4.91,0.0312502
R5a,4.92,0.0312502
R5a,4.93,0.0312502
R5a,4.94,0.0312502
R5a,4.95,0.0312502
R5a,4.96,0.0312502
R5a,4.97,0.0312502
R5a,4.98,0.0312502
R5a,4.99,0.0312502
R5a,5,0.0312502
R5b,0,0.0625
R5b,0.01,0.0568202
R5b,0.02,0.0526796
R5b,0.03,0.0497338
R5b,0.04,0.0477075
R5b,0.05,0.0463818
R5b,0.06,0.0455829
R5b,0.07,0.0451736
R5b,0.08,0.0450463
R5b,0.09,0.0451167
R5b,0.1,0.0453197
R5b,0.11,0.0456053
R5b,0.12,0.0459355
R5b,0.13,0.0462817
R5b,0.14,0.0466231
R5b,0.15,0.0469447
R5b,0.16,0.047236
R5b,0.17,0.0474904
R5b,0.18,0.0477037
R5b,0.19,0.047874
R5b,0.2,0.048001
R5b,0.21,0.0480854
R5b,0.22,0.0481288
R5b,0.23,0.0481334
R5b,0.24,0.0481017
R5b,0.25,0.0480364
R5b,0.26,0.0479405
R5b,0.27,0.0478167
R5b,0.28,0.0476679
R5b,0.29,0.0474968
R5b,0.3,0.0473061
R5b,0.31,0.0470982
R5b,0.32,0.0468753
R5b,0.33,0.0466396
R5b,0.34,0.0463932
R5b,0.35,0.0461377
R5b,0.36,0.0458748
R5b,0.37,0.0456061
R5b,0.38,0.0453329
R5b,0.39,0.0450563
R5b,0.4,0.0447776
R5b,0.41,0.0444976
R5b,0.42,0.0442173
R5b,0.43,0.0439374
R5b,0.44,0.0436585
R5b,0.45,0.0433814
R5b,0.46,0.0431065
R5b,0.47,0.0428342
R5b,0.48,0.042565
R5b,0.49,0.0422991
R5b,0.5,0.042037
R5b,0.51,0.0417788
R5b,0.52,0.0415247
R5b,0.53,0.0412748
R5b,0.54,0.0410295
R5b,0.55,0.0407886
R5b,0.56,0.0405524
R5b,0.57,0.0403208
R5b,0.58,0.0400939
R5b,0.59,0.0398718
R5b,0.6,0.0396544
R5b,0.61,0.0394417
R5b,0.62,0.0392337
R5b,0.63,0.0390304
R5b,0.64,0.0388318
R5b,0.65,0.0386377
R5b,0.66,0.0384481
R5b,0.67,0.0382631
R5b,0.68,0.0380824
R5b,0.69,0.0379061
R5b,0.7,0.0377341
R5b,0.71,0.0375662
R5b,0.72,0.0374025
R5b,0.73,0.0372428
R5b,0.74,0.0370871
R5b,0.75,0.0369353
R5b,0.76,0.0367873
R5b,0.77,0.036643
R5b,0.78,0.0365024
R5b,0.79,0.0363653
R5b,0.8,0.0362317
R5b,0.81,0.0361015
R5b,0.82,0.0359747
R5b,0.83,0.0358511
R5b,0.84,0.0357306
R5b,0.85,0.0356133
R5b,0.86,0.035499
R5b,0.87,0.0353877
R5b,0.88,0.0352792
R5b,0.89,0.0351736
R5b,0.9,0.0350706
R5b,0.91,0.0349704
R5b,0.92,0.0348728
R5b,0.93,0.0347777
R5b,0.94,0.0346851
R5b,0.95,0.0345949
R5b,0.96,0.034507
R5b,0.97,0.0344215
R5b,0.98,0.0343381
R5b,0.99,0.034257
R5b,1,0.034178
R5b,1.01,0.034101
R5b,1.02,0.0340261
R5b,1.03,0.0339531
R5b,1.04,0.0338821
R5b,1.05,0.0338129
R5b,1.06,0.0337455
R5b,1.07,0.0336799
R5b,1.08,0.033616
R5b,1.09,0.0335537
R5b,1.1,0.0334932
R5b,1.11,0.0334342
R5b,1.12,0.0333767
R5b,1.13,0.0333208
R5b,1.14,0.0332663
R5b,1.15,0.0332133
R5b,1.16,0.0331616
R5b,1.17,0.0331113
R5b,1.18,0.0330624
R5b,1.19,0.0330147
R5b,1.2,0.0329683
R5b,1.21,0.0329231
R5b,1.22,0.0328791
R5b,1.23,0.0328362
R5b,1.24,0.0327945
R5b,1.25,0.0327538
R5b,1.26,0.0327143
R5b,1.27,0.0326757
R5b,1.28,0.0326382
R5b,1.29,0.0326017
R5b,1.3,0.0325661
R5b,1.31,0.0325315
R5b,1.32,0.0324978
R5b,1.33,0.032465
R5b,1.34,0.032433
R5b,1.35,0.0324019
R5b,1.36,0.0323715
R5b,1.37,0.032342
R5b,1.38,0.0323133
R5b,1.39,0.0322853
R5b,1.4,0.0322581
R5b,1.41,0.0322316
R5b,1.42,0.0322057
R5b,1.43,0.0321806
R5b,1.44,0.0321561
R5b,1.45,0.0321322
R5b,1.46,0.032109
R5b,1.47,0.0320864
R5b,1.48,0.0320644
R5b,1.49,0.032043
R5b,1.5,0.0320221
R5b,1.51,0.0320018
R5b,1.52,0.031982
R5b,1.53,0.0319628
R5b,1.54,0.031944
R5b,1.55,0.0319257
R5b,1.56,0.031908
R5b,1.57,0.0318906
R5b,1.58,0.0318738
R5b,1.59,0.0318574
R5b,1.6,0.0318414
R5b,1.61,0.0318258
R5b,1.62,0.0318107
R5b,1.63,0.0317959
R5b,1.64,0.0317816
R5b,1.65,0.0317676
R5b,1.66,0.031754
R5b,1.67,0.0317407
R5b,1.68,0.0317278
R5b,1.69,0.0317152
R5b,1.7,0.031703
R5b,1.71,0.031691
R5b,1.72,0.0316794
R5b,1.73,0.0316681
R5b,1.74,0.0316571
R5b,1.75,0.0316464
R5b,1.76,0.031636
R5b,1.77,0.0316258
R5b,1.78,0.0316159
R5b,1.79,0.0316063
R5b,1.8,0.0315969
R5b,1.81,0.0315878
R5b,1.82,0.0315789
R5b,1.83,0.0315703
R5b,1.84,0.0315618
R5b,1.85,0.0315536
R5b,1.86,0.0315456
R5b,1.87,0.0315379
R5b,1.88,0.0315303
R5b,1.89,0.0315229
R5b,1.9,0.0315157
R5b,1.91,0.0315087
R5b,1.92,0.0315019
R5b,1.93,0.0314953
R5b,1.94,0.0314888
R5b,1.95,0.0314826
R5b,1.96,0.0314764
R5b,1.97,0.0314705
R5b,1.98,0.0314647
R5b,1.99,0.031459
R5b,2,0.0314535
R5b,2.01,0.0314482
R5b,2.02,0.031443
R5b,2.03,0.0314379
R5b,2.04,0.0314329
R5b,2.05,0.0314281
R5b,2.06,0.0314234
R5b,2.07,0.0314189
R5b,2.08,0.0314144
R5b,2.09,0.0314101
R5b,2.1,0.0314059
R5b,2.11,0.0314018
R5b,2.12,0.0313978
R5b,2.13,0.0313939
R5b,2.14,0.0313901
R5b,2.15,0.0313864
R5b,2.16,0.0313828
R5b,2.17,0.0313793
R5b,2.18,0.0313759
R5b,2.19,0.0313726
R5b,2.2,0.0313694
R5b,2.21,0.0313663
R5b,2.22,0.0313632
R5b,2.23,0.0313602
R5b,2.24,0.0313573
R5b,2.25,0.0313545
R5b,2.26,0.0313517
R5b,2.27,0.0313491
R5b,2.28,0.0313465
R5b,2.29,0.0313439
R5b,2.3,0.0313415
R5b,2.31,0.031339
R5b,2.32,0.0313367
R5b,2.33,0.0313344
R5b,2.34,0.0313322
R5b,2.35,0.03133
R5b,2.36,0.0313279
R5b,2.37,0.0313259
R5b,2.38,0.0313239
R5b,2.39,0.0313219
R5b,2.4,0.03132
R5b,2.41,0.0313182
R5b,2.42,0.0313164
R5b,2.43,0.0313147
R5b,2.44,0.031313
R5b,2.45,0.0313113
R5b,2.46,0.0313097
R5b,2.47,0.0313081
R5b,2.48,0.0313066
R5b,2.49,0.0313051
R5b,2.5,0.0313037
R5b,2.51,0.0313022
R5b,2.52,0.0313009
R5b,2.53,0.0312995
R5b,2.54,0.0312982
R5b,2.55,0.031297
R5b,2.56,0.0312957
R5b,2.57,0.0312945
R5b,2.58,0.0312933
R5b,2.59,0.0312922
R5b,2.6,0.0312911
R5b,2.61,0.03129
R5b,2.62,0.031289
R5b,2.63,0.0312879
R5b,2.64,0.0312869
R5b,2.65,0.031286
R5b,2.66,0.031285
R5b,2.67,0.0312841
R5b,2.68,0.0312832
R5b,2.69,0.0312823
R5b,2.7,0.0312815
R5b,2.71,0.0312806
R5b,2.72,0.0312798
R5b,2.73,0.0312791
R5b,2.74,0.0312783
R5b,2.75,0.0312775
R5b,2.76,0.0312768
R5b,2.77,0.0312761
R5b,2.78,0.0312754
R5b,2.79,0.0312748
R5b,2.8,0.0312741
R5b,2.81,0.0312735
R5b,2.82,0.0312729
R5b,2.83,0.0312723
R5b,2.84,0.0312717
R5b,2.85,0.0312711
R5b,2.86,0.0312705
R5b,2.87,0.03127
R5b,2.88,0.0312695
R5b,2.89,0.031269
R5b,2.9,0.0312685
R5b,2.91,0.031268
R5b,2.92,0.0312675
R5b,2.93,0.031267
R5b,2.94,0.0312666
R5b,2.95,0.0312662
R5b,2.96,0.0312657
R5b,2.97,0.0312653
R5b,2.98,0.0312649
R5b,2.99,0.0312645
R5b,3,0.0312641
R5b,3.01,0.0312638
R5b,3.02,0.0312634
R5b,3.03,0.0312631
R5b,3.04,0.0312627
R5b,3.05,0.0312624
R5b,3.06,0.0312621
R5b,3.07,0.0312617
R5b,3.08,0.0312614
R5b,3.09,0.0312611
R5b,3.1,0.0312608
R5b,3.11,0.0312605
R5b,3.12,0.0312603
R5b,3.13,0.03126
R5b,3.14,0.0312597
R5b,3.15,0.0312595
R5b,3.16,0.0312592
R5b,3.17,0.031259
R5b,3.18,0.0312588
R5b,3.19,0.0312585
R5b,3.2,0.0312583
R5b,3.21,0.0312581
R5b,3.22,0.0312579
R5b,3.23,0.0312577
R5b,3.24,0.0312575
R5b,3.25,0.0312573
R5b,3.26,0.0312571
R5b,3.27,0.0312569
R5b,3.28,0.0312567
R5b,3.29,0.0312565
R5b,3.3,0.0312564
R5b,3.31,0.0312562
R5b,3.32,0.031256
R5b,3.33,0.0312559
R5b,3.34,0.0312557
R5b,3.35,0.0312556
R5b,3.36,0.0312554
R5b,3.37,0.0312553
R5b,3.38,0.0312551
R5b,3.39,0.031255
R5b,3.4,0.0312549
R5b,3.41,0.0312547
R5b,3.42,0.0312546
R5b,3.43,0.0312545
R5b,3.44,0.0312544
R5b,3.45,0.0312543
R5b,3.46,0.0312541
R5b,3.47,0.031254
R5b,3.48,0.0312539
R5b,3.49,0.0312538
R5b,3.5,0.0312537
R5b,3.51,0.0312536
R5b,3.52,0.0312535
R5b,3.53,0.0312534
R5b,3.54,0.0312534
R5b,3.55,0.0312533
R5b,3.56,0.0312532
R5b,3.57,0.0312531
R5b,3.58,0.031253
R5b,3.59,0.0312529
R5b,3.6,0.0312529
R5b,3.61,0.0312528
R5b,3.62,0.0312527
R5b,3.63,0.0312526
R5b,3.64,0.0312526
R5b,3.65,0.0312525
R5b,3.66,0.0312524
R5b,3.67,0.0312524
R5b,3.68,0.0312523
R5b,3.69,0.0312522
R5b,3.7,0.0312522
R5b,3.71,0.0312521
R5b,3.72,0.0312521
R5b,3.73,0.031252
R5b,3.74,0.031252
R5b,3.75,0.0312519
R5b,3.76,0.0312519
R5b,3.77,0.0312518
R5b,3.78,0.0312518
R5b,3.79,0.0312517
R5b,3.8,0.0312517
R5b,3.81,0.0312516
R5b,3.82,0.0312516
R5b,3.83,0.0312515
R5b,3.84,0.0312515
R5b,3.85,0.0312515
R5b,3.86,0.0312514
R5b,3.87,0.0312514
R5b,3.88,0.0312514
R5b,3.89,0.0312513
R5b,3.9,0.0312513
R5b,3.91,0.0312512
R5b,3.92,0.0312512
R5b,3.93,0.0312512
R5b,3.94,0.0312512
R5b,3.95,0.0312511
R5b,3.96,0.0312511
R5b,3.97,0.0312511
R5b,3.98,0.031251
R5b,3.99,0.031251
R5b,4,0.031251
R5b,4.01,0.031251
R5b,4.02,0.0312509
R5b,4.03,0.0312509
R5b,4.04,0.0312509
R5b,4.05,0.0312509
R5b,4.06,0.0312508
R5b,4.07,0.0312508
R5b,4.08,0.0312508
R5b,4.09,0.0312508
R5b,4.1,0.0312508
R5b,4.11,0.0312507
R5b,4.12,0.0312507
R5b,4.13,0.0312507
R5b,4.14,0.0312507
R5b,4.15,0.0312507
R5b,4.16,0.0312506
R5b,4.17,0.0312506
R5b,4.18,0.0312506
R5b,4.19,0.0312506
R5b,4.2,0.0312506
R5b,4.21,0.0312506
R5b,4.22,0.0312505
R5b,4.23,0.0312505
R5b,4.24,0.0312505
R5b,4.25,0.0312505
R5b,4.26,0.0312505
R5b,4.27,0.0312505
R5b,4.28,0.0312505
R5b,4.29,0.0312505
R5b,4.3,0.0312504
R5b,4.31,0.0312504
R5b,4.32,0.0312504
R5b,4.33,0.0312504
R5b,4.34,0.0312504
R5b,4.35,0.0312504
R5b,4.36,0.0312504
R5b,4.37,0.0312504
R5b,4.38,0.0312504
R5b,4.39,0.0312503
R5b,4.4,0.0312503
R5b,4.41,0.0312503
R5b,4.42,0.0312503
R5b,4.43,0.0312503
R5b,4.44,0.0312503
R5b,4.45,0.0312503
R5b,4.46,0.0312503
R5b,4.47,0.0312503
R5b,4.48,0.0312503
R5b,4.49,0.0312503
R5b,4.5,0.0312503
R5b,4.51,0.0312503
R5b,4.52,0.0312502
R5b,4.53,0.0312502
R5b,4.54,0.0312502
R5b,4.55,0.0312502
R5b,4.56,0.0312502
R5b,4.57,0.0312502
R5b,4.58,0.0312502
R5b,4.59,0.0312502
R5b,4.6,0.0312502
R5b,4.61,0.0312502
R5b,4.62,0.0312502
R5b,4.63,0.0312502
R5b,4.64,0.0312502
R5b,4.65,0.0312502
R5b,4.66,0.0312502
R5b,4.67,0.0312502
R5b,4.68,0.0312502
R5b,4.69,0.0312502
R5b,4.7,0.0312502
R5b,4.71,0.0312501
R5b,4.72,0.0312501
R5b,4.73,0.0312501
R5b,4.74,0.0312501
R5b,4.75,0.0312501
R5b,4.76,0.0312501
R5b,4.77,0.0312501
R5b,4.78,0.0312501
R5b,4.79,0.0312501
R5b,4.8,0.0312501
R5b,4.81,0.0312501
R5b,4.82,0.0312501
R5b,4.83,0.0312501
R5b,4.84,0.0312501
R5b,4.85,0.0312501
R5b,4.86,0.0312501
R5b,4.87,0.0312501
R5b,4.88,0.0312501
R5b,4.89,0.0312501
R5b,4.9,0.0312501
R5b,4.91,0.0312501
R5b,4.92,0.0312501
R5b,4.93,0.0312501
R5b,4.94,0.0312501
R5b,4.95,0.0312501
R5b,4.96,0.0312501
R5b,4.97,0.0312501
R5b,4.98,0.0312501
R5b,4.99,0.0312501
R5b,5,0.0312501
R5c,0,0.0625
R5c,0.01,0.0625768
R5c,0.02,0.0634313
R5c,0.03,0.0648037
R5c,0.04,0.0664945
R5c,0.05,0.068352
R5c,0.06,0.0702628
R5c,0.07,0.0721436
R5c,0.08,0.0739344
R5c,0.09,0.0755941
R5c,0.1,0.0770956
R5c,0.11,0.0784229
R5c,0.12,0.0795683
R5c,0.13,0.0805304
R5c,0.14,0.0813124
R5c,0.15,0.0819208
R5c,0.16,0.0823643
R5c,0.17,0.0826531
R5c,0.18,0.0827984
R5c,0.19,0.0828116
R5c,0.2,0.0827044
R5c,0.21,0.0824881
R5c,0.22,0.0821739
R5c,0.23,0.0817722
R5c,0.24,0.081293
R5c,0.25,0.0807457
R5c,0.26,0.0801389
R5c,0.27,0.0794806
R5c,0.28,0.0787782
R5c,0.29,0.0780385
R5c,0.3,0.0772676
R5c,0.31,0.0764711
R5c,0.32,0.0756539
R5c,0.33,0.0748207
R5c,0.34,0.0739755
R5c,0.35,0.0731218
R5c,0.36,0.072263
R5c,0.37,0.071402
R5c,0.38,0.0705411
R5c,0.39,0.0696828
R5c,0.4,0.0688289
R5c,0.41,0.0679813
R5c,0.42,0.0671413
R5c,0.43,0.0663102
R5c,0.44,0.0654892
R5c,0.45,0.0646793
R5c,0.46,0.0638811
R5c,0.47,0.0630954
R5c,0.48,0.0623228
R5c,0.49,0.0615637
R5c,0.5,0.0608184
R5c,0.51,0.0600872
R5c,0.52,0.0593703
R5c,0.53,0.0586679
R5c,0.54,0.05798
R5c,0.55,0.0573067
R5c,0.56,0.056648
R5c,0.57,0.0560037
R5c,0.58,0.0553739
R5c,0.59,0.0547583
R5c,0.6,0.054157
R5c,0.61,0.0535696
R5c,0.62,0.052996
R5c,0.63,0.0524361
R5c,0.64,0.0518897
R5c,0.65,0.0513564
R5c,0.66,0.0508362
R5c,0.67,0.0503286
R5c,0.68,0.0498337
R5c,0.69,0.0493509
R5c,0.7,0.0488803
R5c,0.71,0.0484214
R5c,0.72,0.0479741
R5c,0.73,0.047538
R5c,0.74,0.047113
R5c,0.75,0.0466988
R5c,0.76,0.0462952
R5c,0.77,0.0459018
R5c,0.78,0.0455186
R5c,0.79,0.0451452
R5c,0.8,0.0447814
R5c,0.81,0.044427
R5c,0.82,0.0440817
R5c,0.83,0.0437454
R5c,0.84,0.0434177
R5c,0.85,0.0430986
R5c,0.86,0.0427878
R5c,0.87,0.042485
R5c,0.88,0.0421901
R5c,0.89,0.0419029
R5c,0.9,0.0416232
R5c,0.91,0.0413507
R5c,0.92,0.0410854
R5c,0.93,0.0408271
R5c,0.94,0.0405754
R5c,0.95,0.0403304
R5c,0.96,0.0400917
R5c,0.97,0.0398594
R5c,0.98,0.039633
R5c,0.99,0.0394127
R5c,1,0.0391981
R5c,1.01,0.0389891
R5c,1.02,0.0387856
R5c,1.03,0.0385875
R5c,1.04,0.0383945
R5c,1.05,0.0382066
R5c,1.06,0.0380237
R5c,1.07,0.0378455
R5c,1.08,0.037672
R5c,1.09,0.0375031
R5c,1.1,0.0373386
R5c,1.11,0.0371785
R5c,1.12,0.0370225
R5c,1.13,0.0368707
R5c,1.14,0.0367228
R5c,1.15,0.0365788
R5c,1.16,0.0364386
R5c,1.17,0.0363021
R5c,1.18,0.0361692
R5c,1.19,0.0360398
R5c,1.2,0.0359138
R5c,1.21,0.0357911
R5c,1.22,0.0356716
R5c,1.23,0.0355553
R5c,1.24,0.035442
R5c,1.25,0.0353317
R5c,1.26,0.0352243
R5c,1.27,0.0351197
R5c,1.28,0.0350179
R5c,1.29,0.0349188
R5c,1.3,0.0348222
R5c,1.31,0.0347282
R5c,1.32,0.0346367
R5c,1.33,0.0345476
R5c,1.34,0.0344608
R5c,1.35,0.0343763
R5c,1.36,0.0342941
R5c,1.37,0.034214
R5c,1.38,0.034136
R5c,1.39,0.03406
R5c,1.4,0.0339861
R5c,1.41,0.0339141
R5c,1.42,0.033844
R5c,1.43,0.0337757
R5c,1.44,0.0337093
R5c,1.45,0.0336446
R5c,1.46,0.0335816
R5c,1.47,0.0335202
R5c,1.48,0.0334605
R5c,1.49,0.0334023
R5c,1.5,0.0333457
R5c,1.51,0.0332905
R5c,1.52,0.0332368
R5c,1.53,0.0331845
R5c,1.54,0.0331336
R5c,1.55,0.0330841
R5c,1.56,0.0330358
R5c,1.57,0.0329888
R5c,1.58,0.0329431
R5c,1.59,0.0328985
R5c,1.6,0.0328551
R5c,1.61,0.0328129
R5c,1.62,0.0327718
R5c,1.63,0.0327317
R5c,1.64,0.0326927
R5c,1.65,0.0326548
R5c,1.66,0.0326178
R5c,1.67,0.0325818
R5c,1.68,0.0325468
R5c,1.69,0.0325126
R5c,1.7,0.0324794
R5c,1.71,0.0324471
R5c,1.72,0.0324156
R5c,1.73,0.0323849
R5c,1.74,0.032355
R5c,1.75,0.032326
R5c,1.76,0.0322976
R5c,1.77,0.0322701
R5c,1.78,0.0322432
R5c,1.79,0.0322171
R5c,1.8,0.0321916
R5c,1.81,0.0321669
R5c,1.82,0.0321427
R5c,1.83,0.0321193
R5c,1.84,0.0320964
R5c,1.85,0.0320741
R5c,1.86,0.0320524
R5c,1.87,0.0320313
R5c,1.88,0.0320107
R5c,1.89,0.0319907
R5c,1.9,0.0319712
R5c,1.91,0.0319523
R5c,1.92,0.0319338
R5c,1.93,0.0319158
R5c,1.94,0.0318983
R5c,1.95,0.0318812
R5c,1.96,0.0318646
R5c,1.97,0.0318484
R5c,1.98,0.0318327
R5c,1.99,0.0318173
R5c,2,0.0318024
R5c,2.01,0.0317879
R5c,2.02,0.0317737
R5c,2.03,0.0317599
R5c,2.04,0.0317465
R5c,2.05,0.0317335
R5c,2.06,0.0317207
R5c,2.07,0.0317083
R5c,2.08,0.0316963
R5c,2.09,0.0316845
R5c,2.1,0.0316731
R5c,2.11,0.031662
R5c,2.12,0.0316511
R5c,2.13,0.0316406
R5c,2.14,0.0316303
R5c,2.15,0.0316203
R5c,2.16,0.0316106
R5c,2.17,0.0316011
R5c,2.18,0.0315918
R5c,2.19,0.0315828
R5c,2.2,0.0315741
R5c,2.21,0.0315655
R5c,2.22,0.0315572
R5c,2.23,0.0315492
R5c,2.24,0.0315413
R5c,2.25,0.0315336
R5c,2.26,0.0315262
R5c,2.27,0.0315189
R5c,2.28,0.0315118
R5c,2.29,0.0315049
R5c,2.3,0.0314982
R5c,2.31,0.0314917
R5c,2.32,0.0314853
R5c,2.33,0.0314791
R5c,2.34,0.0314731
R5c,2.35,0.0314672
R5c,2.36,0.0314615
R5c,2.37,0.0314559
R5c,2.38,0.0314505
R5c,2.39,0.0314453
R5c,2.4,0.0314401
R5c,2.41,0.0314351
R5c,2.42,0.0314302
R5c,2.43,0.0314255
R5c,2.44,0.0314209
R5c,2.45,0.0314164
R5c,2.46,0.031412
R5c,2.47,0.0314077
R5c,2.48,0.0314036
R5c,2.49,0.0313996
R5c,2.5,0.0313956
R5c,2.51,0.0313918
R5c,2.52,0.0313881
R5c,2.53,0.0313844
R5c,2.54,0.0313809
R5c,2.55,0.0313774
R5c,2.56,0.0313741
R5c,2.57,0.0313708
R5c,2.58,0.0313676
R5c,2.59,0.0313645
R5c,2.6,0.0313615
R5c,2.61,0.0313586
R5c,2.62,0.0313557
R5c,2.63,0.031353
R5c,2.64,0.0313502
R5c,2.65,0.0313476
R5c,2.66,0.031345
R5c,2.67,0.0313425
R5c,2.68,0.0313401
R5c,2.69,0.0313377
R5c,2.7,0.0313354
R5c,2.71,0.0313332
R5c,2.72,0.031331
R5c,2.73,0.0313289
R5c,2.74,0.0313268
R5c,2.75,0.0313248
R5c,2.76,0.0313228
R5c,2.77,0.0313209
R5c,2.78,0.031319
R5c,2.79,0.0313172
R5c,2.8,0.0313154
R5c,2.81,0.0313137
R5c,2.82,0.031312
R5c,2.83,0.0313104
R5c,2.84,0.0313088
R5c,2.85,0.0313073
R5c,2.86,0.0313058
R5c,2.87,0.0313043
R5c,2.88,0.0313029
R5c,2.89,0.0313015
R5c,2.9,0.0313001
R5c,2.91,0.0312988
R5c,2.92,0.0312975
R5c,2.93,0.0312963
R5c,2.94,0.031295
R5c,2.95,0.0312939
R5c,2.96,0.0312927
R5c,2.97,0.0312916
R5c,2.98,0.0312905
R5c,2.99,0.0312894
R5c,3,0.0312884
R5c,3.01,0.0312874
R5c,3.02,0.0312864
R5c,3.03,0.0312854
R5c,3.04,0.0312845
R5c,3.05,0.0312836
R5c,3.06,0.0312827
R5c,3.07,0.0312818
R5c,3.08,0.031281
R5c,3.09,0.0312802
R5c,3.1,0.0312794
R5c,3.11,0.0312786
R5c,3.12,0.0312779
R5c,3.13,0.0312771
R5c,3.14,0.0312764
R5c,3.15,0.0312757
R5c,3.16,0.0312751
R5c,3.17,0.0312744
R5c,3.18,0.0312738
R5c,3.19,0.0312731
R5c,3.2,0.0312725
R5c,3.21,0.0312719
R5c,3.22,0.0312713
R5c,3.23,0.0312708
R5c,3.24,0.0312702
R5c,3.25,0.0312697
R5c,3.26,0.0312692
R5c,3.27,0.0312687
R5c,3.28,0.0312682
R5c,3.29,0.0312677
R5c,3.3,0.0312672
R5c,3.31,0.0312668
R5c,3.32,0.0312664
R5c,3.33,0.0312659
R5c,3.34,0.0312655
R5c,3.35,0.0312651
R5c,3.36,0.0312647
R5c,3.37,0.0312643
R5c,3.38,0.0312639
R5c,3.39,0.0312636
R5c,3.4,0.0312632
R5c,3.41,0.0312629
R5c,3.42,0.0312625
R5c,3.43,0.0312622
R5c,3.44,0.0312619
R5c,3.45,0.0312616
R5c,3.46,0.0312613
R5c,3.47,0.031261
R5c,3.48,0.0312607
R5c,3.49,0.0312604
R5c,3.5,0.0312601
R5c,3.51,0.0312599
R5c,3.52,0.0312596
R5c,3.53,0.0312593
R5c,3.54,0.0312591
R5c,3.55,0.0312589
R5c,3.56,0.0312586
R5c,3.57,0.0312584
R5c,3.58,0.0312582
R5c,3.59,0.031258
R5c,3.6,0.0312577
R5c,3.61,0.0312575
R5c,3.62,0.0312573
R5c,3.63,0.0312572
R5c,3.64,0.031257
R5c,3.65,0.0312568
R5c,3.66,0.0312566
R5c,3.67,0.0312564
R5c,3.68,0.0312563
R5c,3.69,0.0312561
R5c,3.7,0.0312559
R5c,3.71,0.0312558
R5c,3.72,0.0312556
R5c,3.73,0.0312555
R5c,3.74,0.0312553
R5c,3.75,0.0312552
R5c,3.76,0.0312551
R5c,3.77,0.0312549
R5c,3.78,0.0312548
R5c,3.79,0.0312547
R5c,3.8,0.0312545
R5c,3.81,0.0312544
R5c,3.82,0.0312543
R5c,3.83,0.0312542
R5c,3.84,0.0312541
R5c,3.85,0.031254
R5c,3.86,0.0312539
R5c,3.87,0.0312538
R5c,3.88,0.0312537
R5c,3.89,0.0312536
R5c,3.9,0.0312535
R5c,3.91,0.0312534
R5c,3.92,0.0312533
R5c,3.93,0.0312532
R5c,3.94,0.0312531
R5c,3.95,0.031253
R5c,3.96,0.031253
R5c,3.97,0.0312529
R5c,3.98,0.0312528
R5c,3.99,0.0312527
R5c,4,0.0312527
R5c,4.01,0.0312526
R5c,4.02,0.0312525
R5c,4.03,0.0312525
R5c,4.04,0.0312524
R5c,4.05,0.0312523
R5c,4.06,0.0312523
R5c,4.07,0.0312522
R5c,4.08,0.0312522
R5c,4.09,0.0312521
R5c,4.1,0.031252
R5c,4.11,0.031252
R5c,4.12,0.0312519
R5c,4.13,0.0312519
R5c,4.14,0.0312518
R5c,4.15,0.0312518
R5c,4.16,0.0312517
R5c,4.17,0.0312517
R5c,4.18,0.0312517
R5c,4.19,0.0312516
R5c,4.2,0.0312516
R5c,4.21,0.0312515
R5c,4.22,0.0312515
R5c,4.23,0.0312514
R5c,4.24,0.0312514
R5c,4.25,0.0312514
R5c,4.26,0.0312513
R5c,4.27,0.0312513
R5c,4.28,0.0312513
R5c,4.29,0.0312512
R5c,4.3,0.0312512
R5c,4.31,0.0312512
R5c,4.32,0.0312511
R5c,4.33,0.0312511
R5c,4.34,0.0312511
R5c,4.35,0.031251
R5c,4.36,0.031251
R5c,4.37,0.031251
R5c,4.38,0.031251
R5c,4.39,0.0312509
R5c,4.4,0.0312509
R5c,4.41,0.0312509
R5c,4.42,0.0312509
R5c,4.43,0.0312508
R5c,4.44,0.0312508
R5c,4.45,0.0312508
R5c,4.46,0.0312508
R5c,4.47,0.0312508
R5c,4.48,0.0312507
R5c,4.49,0.0312507
R5c,4.5,0.0312507
R5c,4.51,0.0312507
R5c,4.52,0.0312507
R5c,4.53,0.0312506
R5c,4.54,0.0312506
R5c,4.55,0.0312506
R5c,4.56,0.0312506
R5c,4.57,0.0312506
R5c,4.58,0.0312506
R5c,4.59,0.0312506
R5c,4.6,0.0312505
R5c,4.61,0.0312505
R5c,4.62,0.0312505
R5c,4.63,0.0312505
R5c,4.64,0.0312505
R5c,4.65,0.0312505
R5c,4.66,0.0312505
R5c,4.67,0.0312504
R5c,4.68,0.0312504
R5c,4.69,0.0312504
R5c,4.7,0.0312504
R5c,4.71,0.0312504
R5c,4.72,0.0312504
R5c,4.73,0.0312504
R5c,4.74,0.0312504
R5c,4.75,0.0312504
R5c,4.76,0.0312504
R5c,4.77,0.0312503
R5c,4.78,0.0312503
R5c,4.79,0.0312503
R5c,4.8,0.0312503
R5c,4.81,0.0312503
R5c,4.82,0.0312503
R5c,4.83,0.0312503
R5c,4.84,0.0312503
R5c,4.85,0.0312503
R5c,4.86,0.0312503
R5c,4.87,0.0312503
R5c,4.88,0.0312503
R5c,4.89,0.0312502
R5c,4.9,0.0312502
R5c,4.91,0.0312502
R5c,4.92,0.0312502
R5c,4.93,0.0312502
R5c,4.94,0.0312502
R5c,4.95,0.0312502
R5c,4.96,0.0312502
R5c,4.97,0.0312502
R5c,4.98,0.0312502
R5c,4.99,0.0312502
R5c,5,0.0312502
