x,v_over_psi
1.9531250000000000e-03,3.0784974754012445e-01
5.8593750000000000e-03,3.0788438370372162e-01
9.7656250000000000e-03,3.0795363426083955e-01
1.3671875000000000e-02,3.0805745568670923e-01
1.7578125000000000e-02,3.0819578273255471e-01
2.1484375000000000e-02,3.0836852847157270e-01
2.5390625000000000e-02,3.0857558436027532e-01
2.9296875000000000e-02,3.0881682031491747e-01
3.3203125000000000e-02,3.0909208480314476e-01
3.7109375000000000e-02,3.0940120495056289e-01
4.1015625000000000e-02,3.0974398666256059e-01
4.4921875000000000e-02,3.1012021476047785e-01
4.8828125000000000e-02,3.1052965313287134e-01
5.2734375000000000e-02,3.1097204490112129e-01
5.6640625000000000e-02,3.1144711259948499e-01
6.0546875000000000e-02,3.1195455836937341e-01
6.4453125000000000e-02,3.1249406416763081e-01
6.8359375000000000e-02,3.1306529198855104e-01
7.2265625000000000e-02,3.1366788409978735e-01
7.6171875000000000e-02,3.1430146329129333e-01
8.0078125000000000e-02,3.1496563313772047e-01
8.3984375000000000e-02,3.1565997827348985e-01
8.7890625000000000e-02,3.1638406468081615e-01
9.1796875000000000e-02,3.1713743998973126e-01
9.5703125000000000e-02,3.1791963379049942e-01
9.9609375000000000e-02,3.1873015795786824e-01
1.0351562500000000e-01,3.1956850698653633e-01
1.0742187500000000e-01,3.2043415833817190e-01
1.1132812500000000e-01,3.2132657279921506e-01
1.1523437500000000e-01,3.2224519484907410e-01
1.1914062500000000e-01,3.2318945303891572e-01
1.2304687500000000e-01,3.2415876038002284e-01
1.2695312500000000e-01,3.2515251474195428e-01
1.3085937500000000e-01,3.2617009925975204e-01
1.3476562500000000e-01,3.2721088275006099e-01
1.3867187500000000e-01,3.2827422013586754e-01
1.4257812500000000e-01,3.2935945287914048e-01
1.4648437500000000e-01,3.3046590942135473e-01
1.5039062500000000e-01,3.3159290563145294e-01
1.5429687500000000e-01,3.3273974526068123e-01
1.5820312500000000e-01,3.3390572040419764e-01
1.6210937500000000e-01,3.3509011196877497e-01
1.6601562500000000e-01,3.3629219014652600e-01
1.6992187500000000e-01,3.3751121489403313e-01
1.7382812500000000e-01,3.3874643641654345e-01
1.7773437500000000e-01,3.3999709565701969e-01
1.8164062500000000e-01,3.4126242478930591e-01
1.8554687500000000e-01,3.4254164771538903e-01
1.8945312500000000e-01,3.4383398056631503e-01
1.9335937500000000e-01,3.4513863220601837e-01
1.9726562500000000e-01,3.4645480473815821e-01
2.0117187500000000e-01,3.4778169401539094e-01
2.0507812500000000e-01,3.4911849015060326e-01
2.0898437500000000e-01,3.5046437802986863e-01
2.1289062500000000e-01,3.5181853782673289e-01
2.1679687500000000e-01,3.5318014551743881e-01
2.2070312500000000e-01,3.5454837339675943e-01
2.2460937500000000e-01,3.5592239059411351e-01
2.2851562500000000e-01,3.5730136358945130e-01
2.3242187500000000e-01,3.5868445672888993e-01
2.3632812500000000e-01,3.6007083273927387e-01
2.4023437500000000e-01,3.6145965324193324e-01
2.4414062500000000e-01,3.6285007926473045e-01
2.4804687500000000e-01,3.6424127175250992e-01
2.5195312500000000e-01,3.6563239207526810e-01
2.5585937500000000e-01,3.6702260253421892e-01
2.5976562500000000e-01,3.6841106686478980e-01
2.6367187500000000e-01,3.6979695073699770e-01
2.6757812500000000e-01,3.7117942225220724e-01
2.7148437500000000e-01,3.7255765243658251e-01
2.7539062500000000e-01,3.7393081573054304e-01
2.7929687500000000e-01,3.7529809047411389e-01
2.8320312500000000e-01,3.7665865938810367e-01
2.8710937500000000e-01,3.7801171005037149e-01
2.9101562500000000e-01,3.7935643536744773e-01
2.9492187500000000e-01,3.8069203404097579e-01
2.9882812500000000e-01,3.8201771102879012e-01
3.0273437500000000e-01,3.8333267800049092e-01
3.0664062500000000e-01,3.8463615378724320e-01
3.1054687500000000e-01,3.8592736482566375e-01
3.1445312500000000e-01,3.8720554559523507e-01
3.1835937500000000e-01,3.8846993904979210e-01
3.2226562500000000e-01,3.8971979704210341e-01
3.2617187500000000e-01,3.9095438074190902e-01
3.3007812500000000e-01,3.9217296104676869e-01
3.3398437500000000e-01,3.9337481898639248e-01
3.3789062500000000e-01,3.9455924611904458e-01
3.4179687500000000e-01,3.9572554492113970e-01
3.4570312500000000e-01,3.9687302916893746e-01
3.4960937500000000e-01,3.9800102431271894e-01
3.5351562500000000e-01,3.9910886784336042e-01
3.5742187500000000e-01,4.0019590965045787e-01
3.6132812500000000e-01,4.0126151237300905e-01
3.6523437500000000e-01,4.0230505174151343e-01
3.6914062500000000e-01,4.0332591691196801e-01
3.7304687500000000e-01,4.0432351079163187e-01
3.7695312500000000e-01,4.0529725035596609e-01
3.8085937500000000e-01,4.0624656695744160e-01
3.8476562500000000e-01,4.0717090662540806e-01
3.8867187500000000e-01,4.0806973035736244e-01
3.9257812500000000e-01,4.0894251440137813e-01
3.9648437500000000e-01,4.0978875052974856e-01
4.0039062500000000e-01,4.1060794630366326e-01
4.0429687500000000e-01,4.1139962532865570e-01
4.0820312500000000e-01,4.1216332750149237e-01
4.1210937500000000e-01,4.1289860924741667e-01
4.1601562500000000e-01,4.1360504374863993e-01
4.1992187500000000e-01,4.1428222116329694e-01
4.2382812500000000e-01,4.1492974883533290e-01
4.2773437500000000e-01,4.1554725149521593e-01
4.3164062500000000e-01,4.1613437145084581e-01
4.3554687500000000e-01,4.1669076876969918e-01
4.3945312500000000e-01,4.1721612145106074e-01
4.4335937500000000e-01,4.1771012558911624e-01
4.4726562500000000e-01,4.1817249552649594e-01
4.5117187500000000e-01,4.1860296399823171e-01
4.5507812500000000e-01,4.1900128226652467e-01
4.5898437500000000e-01,4.1936722024541467e-01
4.6289062500000000e-01,4.1970056661661265e-01
4.6679687500000000e-01,4.2000112893514280e-01
4.7070312500000000e-01,4.2026873372578327e-01
4.7460937500000000e-01,4.2050322656972478e-01
4.7851562500000000e-01,4.2070447218170409e-01
4.8242187500000000e-01,4.2087235447751631e-01
4.8632812500000000e-01,4.2100677663192004e-01
4.9023437500000000e-01,4.2110766112675996e-01
4.9414062500000000e-01,4.2117494978961556e-01
4.9804687500000000e-01,4.2120860382287739e-01
5.0195312500000000e-01,4.2120860382288028e-01
5.0585937500000000e-01,4.2117494978961600e-01
5.0976562500000000e-01,4.2110766112675896e-01
5.1367187500000000e-01,4.2100677663193375e-01
5.1757812500000000e-01,4.2087235447751381e-01
5.2148437500000000e-01,4.2070447218170226e-01
5.2539062500000000e-01,4.2050322656971756e-01
5.2929687500000000e-01,4.2026873372577483e-01
5.3320312500000000e-01,4.2000112893513636e-01
5.3710937500000000e-01,4.1970056661660693e-01
5.4101562500000000e-01,4.1936722024540229e-01
5.4492187500000000e-01,4.1900128226651739e-01
5.4882812500000000e-01,4.1860296399821362e-01
5.5273437500000000e-01,4.1817249552647917e-01
5.5664062500000000e-01,4.1771012558910220e-01
5.6054687500000000e-01,4.1721612145105463e-01
5.6445312500000000e-01,4.1669076876968253e-01
5.6835937500000000e-01,4.1613437145083393e-01
5.7226562500000000e-01,4.1554725149519384e-01
5.7617187500000000e-01,4.1492974883530981e-01
5.8007812500000000e-01,4.1428222116326485e-01
5.8398437500000000e-01,4.1360504374861445e-01
5.8789062500000000e-01,4.1289860924739635e-01
5.9179687500000000e-01,4.1216332750146439e-01
5.9570312500000000e-01,4.1139962532863061e-01
5.9960937500000000e-01,4.1060794630363545e-01
6.0351562500000000e-01,4.0978875052973057e-01
6.0742187500000000e-01,4.0894251440135304e-01
6.1132812500000000e-01,4.0806973035732635e-01
6.1523437500000000e-01,4.0717090662537270e-01
6.1914062500000000e-01,4.0624656695741201e-01
6.2304687500000000e-01,4.0529725035593345e-01
6.2695312500000000e-01,4.0432351079159651e-01
6.3085937500000000e-01,4.0332591691193315e-01
6.3476562500000000e-01,4.0230505174147196e-01
6.3867187500000000e-01,4.0126151237297114e-01
6.4257812500000000e-01,4.0019590965041313e-01
6.4648437500000000e-01,3.9910886784332117e-01
6.5039062500000000e-01,3.9800102431267842e-01
6.5429687500000000e-01,3.9687302916888451e-01
6.5820312500000000e-01,3.9572554492108236e-01
6.6210937500000000e-01,3.9455924611899273e-01
6.6601562500000000e-01,3.9337481898632920e-01
6.6992187500000000e-01,3.9217296104672683e-01
6.7382812500000000e-01,3.9095438074185784e-01
6.7773437500000000e-01,3.8971979704205051e-01
6.8164062500000000e-01,3.8846993904973637e-01
6.8554687500000000e-01,3.8720554559516962e-01
6.8945312500000000e-01,3.8592736482559381e-01
6.9335937500000000e-01,3.8463615378717025e-01
6.9726562500000000e-01,3.8333267800042065e-01
7.0117187500000000e-01,3.8201771102872034e-01
7.0507812500000000e-01,3.8069203404089602e-01
7.0898437500000000e-01,3.7935643536737040e-01
7.1289062500000000e-01,3.7801171005030026e-01
7.1679687500000000e-01,3.7665865938802123e-01
7.2070312500000000e-01,3.7529809047402507e-01
7.2460937500000000e-01,3.7393081573046716e-01
7.2851562500000000e-01,3.7255765243650585e-01
7.3242187500000000e-01,3.7117942225213102e-01
7.3632812500000000e-01,3.6979695073692898e-01
7.4023437500000000e-01,3.6841106686470765e-01
7.4414062500000000e-01,3.6702260253412550e-01
7.4804687500000000e-01,3.6563239207518811e-01
7.5195312500000000e-01,3.6424127175242171e-01
7.5585937500000000e-01,3.6285007926465046e-01
7.5976562500000000e-01,3.6145965324184487e-01
7.6367187500000000e-01,3.6007083273918339e-01
7.6757812500000000e-01,3.5868445672880578e-01
7.7148437500000000e-01,3.5730136358937148e-01
7.7539062500000000e-01,3.5592239059402930e-01
7.7929687500000000e-01,3.5454837339667211e-01
7.8320312500000000e-01,3.5318014551736127e-01
7.8710937500000000e-01,3.5181853782663886e-01
7.9101562500000000e-01,3.5046437802978725e-01
7.9492187500000000e-01,3.4911849015052970e-01
7.9882812500000000e-01,3.4778169401531422e-01
8.0273437500000000e-01,3.4645480473808371e-01
8.0664062500000000e-01,3.4513863220594365e-01
8.1054687500000000e-01,3.4383398056624692e-01
8.1445312500000000e-01,3.4254164771530937e-01
8.1835937500000000e-01,3.4126242478923247e-01
8.2226562500000000e-01,3.3999709565695485e-01
8.2617187500000000e-01,3.3874643641648522e-01
8.3007812500000000e-01,3.3751121489395980e-01
8.3398437500000000e-01,3.3629219014646511e-01
8.3789062500000000e-01,3.3509011196869809e-01
8.4179687500000000e-01,3.3390572040413308e-01
8.4570312500000000e-01,3.3273974526060585e-01
8.4960937500000000e-01,3.3159290563140031e-01
8.5351562500000000e-01,3.3046590942129589e-01
8.5742187500000000e-01,3.2935945287908419e-01
8.6132812500000000e-01,3.2827422013582552e-01
8.6523437500000000e-01,3.2721088275001631e-01
8.6914062500000000e-01,3.2617009925970780e-01
8.7304687500000000e-01,3.2515251474190610e-01
8.7695312500000000e-01,3.2415876037997970e-01
8.8085937500000000e-01,3.2318945303888486e-01
8.8476562500000000e-01,3.2224519484903696e-01
8.8867187500000000e-01,3.2132657279917332e-01
8.9257812500000000e-01,3.2043415833813726e-01
8.9648437500000000e-01,3.1956850698649342e-01
9.0039062500000000e-01,3.1873015795782433e-01
9.0429687500000000e-01,3.1791963379046162e-01
9.0820312500000000e-01,3.1713743998969052e-01
9.1210937500000000e-01,3.1638406468078528e-01
9.1601562500000000e-01,3.1565997827344899e-01
9.1992187500000000e-01,3.1496563313767628e-01
9.2382812500000000e-01,3.1430146329125236e-01
9.2773437500000000e-01,3.1366788409975749e-01
9.3164062500000000e-01,3.1306529198852662e-01
9.3554687500000000e-01,3.1249406416759840e-01
9.3945312500000000e-01,3.1195455836934255e-01
9.4335937500000000e-01,3.1144711259945301e-01
9.4726562500000000e-01,3.1097204490109576e-01
9.5117187500000000e-01,3.1052965313284575e-01
9.5507812500000000e-01,3.1012021476044316e-01
9.5898437500000000e-01,3.0974398666252873e-01
9.6289062500000000e-01,3.0940120495053680e-01
9.6679687500000000e-01,3.0909208480311318e-01
9.7070312500000000e-01,3.0881682031489249e-01
9.7460937500000000e-01,3.0857558436024873e-01
9.7851562500000000e-01,3.0836852847155011e-01
9.8242187500000000e-01,3.0819578273252723e-01
9.8632812500000000e-01,3.0805745568667625e-01
9.9023437500000000e-01,3.0795363426081174e-01
9.9414062500000000e-01,3.0788438370368892e-01
9.9804687500000000e-01,3.0784974754009803e-01
