case,time,variance
R5a,0,0.0326727
R5a,0.01,0.0374335
R5a,0.02,0.0417469
R5a,0.03,0.045655
R5a,0.04,0.0491957
R5a,0.05,0.0524038
R5a,0.06,0.0553103
R5a,0.07,0.0579437
R5a,0.08,0.0603296
R5a,0.09,0.0624913
R5a,0.1,0.0644499
R5a,0.11,0.0662243
R5a,0.12,0.0678321
R5a,0.13,0.0692887
R5a,0.14,0.0706085
R5a,0.15,0.0718042
R5a,0.16,0.0728875
R5a,0.17,0.0738691
R5a,0.18,0.0747584
R5a,0.19,0.0755641
R5a,0.2,0.0762941
R5a,0.21,0.0769555
R5a,0.22,0.0775548
R5a,0.23,0.0780977
R5a,0.24,0.0785896
R5a,0.25,0.0790353
R5a,0.26,0.0794391
R5a,0.27,0.0798049
R5a,0.28,0.0801364
R5a,0.29,0.0804367
R5a,0.3,0.0807088
R5a,0.31,0.0809553
R5a,0.32,0.0811787
R5a,0.33,0.0813811
R5a,0.34,0.0815644
R5a,0.35,0.0817305
R5a,0.36,0.081881
R5a,0.37,0.0820174
R5a,0.38,0.0821409
R5a,0.39,0.0822529
R5a,0.4,0.0823543
R5a,0.41,0.0824462
R5a,0.42,0.0825294
R5a,0.43,0.0826049
R5a,0.44,0.0826732
R5a,0.45,0.0827351
R5a,0.46,0.0827912
R5a,0.47,0.082842
R5a,0.48,0.0828881
R5a,0.49,0.0829298
R5a,0.5,0.0829676
R5a,0.51,0.0830019
R5a,0.52,0.0830329
R5a,0.53,0.083061
R5a,0.54,0.0830865
R5a,0.55,0.0831096
R5a,0.56,0.0831305
R5a,0.57,0.0831494
R5a,0.58,0.0831666
R5a,0.59,0.0831821
R5a,0.6,0.0831962
R5a,0.61,0.083209
R5a,0.62,0.0832206
R5a,0.63,0.083231
R5a,0.64,0.0832405
R5a,0.65,0.0832491
R5a,0.66,0.0832569
R5a,0.67,0.083264
R5a,0.68,0.0832704
R5a,0.69,0.0832762
R5a,0.7,0.0832814
R5a,0.71,0.0832862
R5a,0.72,0.0832905
R5a,0.73,0.0832944
R5a,0.74,0.0832979
R5a,0.75,0.0833012
R5a,0.76,0.0833041
R5a,0.77,0.0833067
R5a,0.78,0.0833091
R5a,0.79,0.0833112
R5a,0.8,0.0833132
R5a,0.81,0.083315
R5a,0.82,0.0833166
R5a,0.83,0.083318
R5a,0.84,0.0833193
R5a,0.85,0.0833205
R5a,0.86,0.0833216
R5a,0.87,0.0833226
R5a,0.88,0.0833235
R5a,0.89,0.0833243
R5a,0.9,0.083325
R5a,0.91,0.0833257
R5a,0.92,0.0833263
R5a,0.93,0.0833268
R5a,0.94,0.0833273
R5a,0.95,0.0833278
R5a,0.96,0.0833282
R5a,0.97,0.0833285
R5a,0.98,0.0833289
R5a,0.99,0.0833292
R5a,1,0.0833294
R5a,1.01,0.0833297
R5a,1.02,0.0833299
R5a,1.03,0.0833301
R5a,1.04,0.0833303
R5a,1.05,0.0833305
R5a,1.06,0.0833306
R5a,1.07,0.0833307
R5a,1.08,0.0833309
R5a,1.09,0.083331
R5a,1.1,0.0833311
R5a,1.11,0.0833312
R5a,1.12,0.0833313
R5a,1.13,0.0833313
R5a,1.14,0.0833314
R5a,1.15,0.0833315
R5a,1.16,0.0833315
R5a,1.17,0.0833316
R5a,1.18,0.0833316
R5a,1.19,0.0833317
R5a,1.2,0.0833317
R5a,1.21,0.0833317
R5a,1.22,0.0833318
R5a,1.23,0.0833318
R5a,1.24,0.0833318
R5a,1.25,0.0833318
R5a,1.26,0.0833319
R5a,1.27,0.0833319
R5a,1.28,0.0833319
R5a,1.29,0.0833319
R5a,1.3,0.0833319
R5a,1.31,0.0833319
R5a,1.32,0.083332
R5a,1.33,0.083332
R5a,1.34,0.083332
R5a,1.35,0.083332
R5a,1.36,0.083332
R5a,1.37,0.083332
R5a,1.38,0.083332
R5a,1.39,0.083332
R5a,1.4,0.083332
R5a,1.41,0.083332
R5a,1.42,0.083332
R5a,1.43,0.083332
R5a,1.44,0.083332
R5a,1.45,0.083332
R5a,1.46,0.083332
R5a,1.47,0.083332
R5a,1.48,0.083332
R5a,1.49,0.083332
R5a,1.5,0.083332
R5a,1.51,0.083332
R5a,1.52,0.083332
R5a,1.53,0.083332
R5a,1.54,0.083332
R5a,1.55,0.0833321
R5a,1.56,0.0833321
R5a,1.57,0.0833321
R5a,1.58,0.0833321
R5a,1.59,0.0833321
R5a,1.6,0.0833321
R5a,1.61,0.0833321
R5a,1.62,0.0833321
R5a,1.63,0.0833321
R5a,1.64,0.0833321
R5a,1.65,0.0833321
R5a,1.66,0.0833321
R5a,1.67,0.0833321
R5a,1.68,0.0833321
R5a,1.69,0.0833321
R5a,1.7,0.0833321
R5a,1.71,0.0833321
R5a,1.72,0.0833321
R5a,1.73,0.0833321
R5a,1.74,0.0833321
R5a,1.75,0.0833321
R5a,1.76,0.0833321
R5a,1.77,0.0833321
R5a,1.78,0.0833321
R5a,1.79,0.0833321
R5a,1.8,0.0833321
R5a,1.81,0.0833321
R5a,1.82,0.0833321
R5a,1.83,0.0833321
R5a,1.84,0.0833321
R5a,1.85,0.0833321
R5a,1.86,0.0833321
R5a,1.87,0.0833321
R5a,1.88,0.0833321
R5a,1.89,0.0833321
R5a,1.9,0.0833321
R5a,1.91,0.0833321
R5a,1.92,0.0833321
R5a,1.93,0.0833321
R5a,1.94,0.0833321
R5a,1.95,0.0833321
R5a,1.96,0.0833321
R5a,1.97,0.0833321
R5a,1.98,0.0833321
R5a,1.99,0.0833321
R5a,2,0.0833321
R5a,2.01,0.0833321
R5a,2.02,0.0833321
R5a,2.03,0.0833321
R5a,2.04,0.0833321
R5a,2.05,0.0833321
R5a,2.06,0.0833321
R5a,2.07,0.0833321
R5a,2.08,0.0833321
R5a,2.09,0.0833321
R5a,2.1,0.0833321
R5a,2.11,0.0833321
R5a,2.12,0.0833321
R5a,2.13,0.0833321
R5a,2.14,0.0833321
R5a,2.15,0.0833321
R5a,2.16,0.0833321
R5a,2.17,0.0833321
R5a,2.18,0.0833321
R5a,2.19,0.0833321
R5a,2.2,0.0833321
R5a,2.21,0.0833321
R5a,2.22,0.0833321
R5a,2.23,0.0833321
R5a,2.24,0.0833321
R5a,2.25,0.0833321
R5a,2.26,0.0833321
R5a,2.27,0.0833321
R5a,2.28,0.0833321
R5a,2.29,0.0833321
R5a,2.3,0.0833321
R5a,2.31,0.0833321
R5a,2.32,0.0833321
R5a,2.33,0.0833321
R5a,2.34,0.0833321
R5a,2.35,0.0833321
R5a,2.36,0.0833321
R5a,2.37,0.0833321
R5a,2.38,0.0833321
R5a,2.39,0.0833321
R5a,2.4,0.0833321
R5a,2.41,0.0833321
R5a,2.42,0.0833321
R5a,2.43,0.0833321
R5a,2.44,0.0833321
R5a,2.45,0.0833321
R5a,2.46,0.0833321
R5a,2.47,0.0833321
R5a,2.48,0.0833321
R5a,2.49,0.0833321
R5a,2.5,0.0833321
R5a,2.51,0.0833321
R5a,2.52,0.0833321
R5a,2.53,0.0833321
R5a,2.54,0.0833321
R5a,2.55,0.0833321
R5a,2.56,0.0833321
R5a,2.57,0.0833321
R5a,2.58,0.0833321
R5a,2.59,0.0833321
R5a,2.6,0.0833321
R5a,2.61,0.0833321
R5a,2.62,0.0833321
R5a,2.63,0.0833321
R5a,2.64,0.0833321
R5a,2.65,0.0833321
R5a,2.66,0.0833321
R5a,2.67,0.0833321
R5a,2.68,0.0833321
R5a,2.69,0.0833321
R5a,2.7,0.0833321
R5a,2.71,0.0833321
R5a,2.72,0.0833321
R5a,2.73,0.0833321
R5a,2.74,0.0833321
R5a,2.75,0.0833321
R5a,2.76,0.0833321
R5a,2.77,0.0833321
R5a,2.78,0.0833321
R5a,2.79,0.0833321
R5a,2.8,0.0833321
R5a,2.81,0.0833321
R5a,2.82,0.0833321
R5a,2.83,0.0833321
R5a,2.84,0.0833321
R5a,2.85,0.0833321
R5a,2.86,0.0833321
R5a,2.87,0.0833321
R5a,2.88,0.0833321
R5a,2.89,0.0833321
R5a,2.9,0.0833321
R5a,2.91,0.0833321
R5a,2.92,0.0833321
R5a,2.93,0.0833321
R5a,2.94,0.0833321
R5a,2.95,0.0833321
R5a,2.96,0.0833321
R5a,2.97,0.0833321
R5a,2.98,0.0833321
R5a,2.99,0.0833321
R5a,3,0.0833321
R5a,3.01,0.0833321
R5a,3.02,0.0833321
R5a,3.03,0.0833321
R5a,3.04,0.0833321
R5a,3.05,0.0833321
R5a,3.06,0.0833321
R5a,3.07,0.0833321
R5a,3.08,0.0833321
R5a,3.09,0.0833321
R5a,3.1,0.0833321
R5a,3.11,0.0833321
R5a,3.12,0.0833321
R5a,3.13,0.0833321
R5a,3.14,0.0833321
R5a,3.15,0.0833321
R5a,3.16,0.0833321
R5a,3.17,0.0833321
R5a,3.18,0.0833321
R5a,3.19,0.0833321
R5a,3.2,0.0833321
R5a,3.21,0.0833321
R5a,3.22,0.0833321
R5a,3.23,0.0833321
R5a,3.24,0.0833321
R5a,3.25,0.0833321
R5a,3.26,0.0833321
R5a,3.27,0.0833321
R5a,3.28,0.0833321
R5a,3.29,0.0833321
R5a,3.3,0.0833321
R5a,3.31,0.0833321
R5a,3.32,0.0833321
R5a,3.33,0.0833321
R5a,3.34,0.0833321
R5a,3.35,0.0833321
R5a,3.36,0.0833321
R5a,3.37,0.0833321
R5a,3.38,0.0833321
R5a,3.39,0.0833321
R5a,3.4,0.0833321
R5a,3.41,0.0833321
R5a,3.42,0.0833321
R5a,3.43,0.0833321
R5a,3.44,0.0833321
R5a,3.45,0.0833321
R5a,3.46,0.0833321
R5a,3.47,0.0833321
R5a,3.48,0.0833321
R5a,3.49,0.0833321
R5a,3.5,0.0833321
R5a,3.51,0.0833321
R5a,3.52,0.0833321
R5a,3.53,0.0833321
R5a,3.54,0.0833321
R5a,3.55,0.0833321
R5a,3.56,0.0833321
R5a,3.57,0.0833321
R5a,3.58,0.0833321
R5a,3.59,0.0833321
R5a,3.6,0.0833321
R5a,3.61,0.0833321
R5a,3.62,0.0833321
R5a,3.63,0.0833321
R5a,3.64,0.0833321
R5a,3.65,0.0833321
R5a,3.66,0.0833321
R5a,3.67,0.0833321
R5a,3.68,0.0833321
R5a,3.69,0.0833321
R5a,3.7,0.0833321
R5a,3.71,0.0833321
R5a,3.72,0.0833321
R5a,3.73,0.0833321
R5a,3.74,0.0833321
R5a,3.75,0.0833321
R5a,3.76,0.0833321
R5a,3.77,0.0833321
R5a,3.78,0.0833321
R5a,3.79,0.0833321
R5a,3.8,0.0833321
R5a,3.81,0.0833321
R5a,3.82,0.0833321
R5a,3.83,0.0833321
R5a,3.84,0.0833321
R5a,3.85,0.0833321
R5a,3.86,0.0833321
R5a,3.87,0.0833321
R5a,3.88,0.0833321
R5a,3.89,0.0833321
R5a,3.9,0.0833321
R5a,3.91,0.0833321
R5a,3.92,0.0833321
R5a,3.93,0.0833321
R5a,3.94,0.0833321
R5a,3.95,0.0833321
R5a,3.96,0.0833321
R5a,3.97,0.0833321
R5a,3.98,0.0833321
R5a,3.99,0.0833321
R5a,4,0.0833321
R5a,4.01,0.0833321
R5a,4.02,0.0833321
R5a,4.03,0.0833321
R5a,4.04,0.0833321
R5a,4.05,0.0833321
R5a,4.06,0.0833321
R5a,4.07,0.0833321
R5a,4.08,0.0833321
R5a,4.09,0.0833321
R5a,4.1,0.0833321
R5a,4.11,0.0833321
R5a,4.12,0.0833321
R5a,4.13,0.0833321
R5a,4.14,0.0833321
R5a,4.15,0.0833321
R5a,4.16,0.0833321
R5a,4.17,0.0833321
R5a,4.18,0.0833321
R5a,4.19,0.0833321
R5a,4.2,0.0833321
R5a,4.21,0.0833321
R5a,4.22,0.0833321
R5a,4.23,0.0833321
R5a,4.24,0.0833321
R5a,4.25,0.0833321
R5a,4.26,0.0833321
R5a,4.27,0.0833321
R5a,4.28,0.0833321
R5a,4.29,0.0833321
R5a,4.3,0.0833321
R5a,4.31,0.0833321
R5a,4.32,0.0833321
R5a,4.33,0.0833321
R5a,4.34,0.0833321
R5a,4.35,0.0833321
R5a,4.36,0.0833321
R5a,4.37,0.0833321
R5a,4.38,0.0833321
R5a,4.39,0.0833321
R5a,4.4,0.0833321
R5a,4.41,0.0833321
R5a,4.42,0.0833321
R5a,4.43,0.0833321
R5a,4.44,0.0833321
R5a,4.45,0.0833321
R5a,4.46,0.0833321
R5a,4.47,0.0833321
R5a,4.48,0.0833321
R5a,4.49,0.0833321
R5a,4.5,0.0833321
R5a,4.51,0.0833321
R5a,4.52,0.0833321
R5a,4.53,0.0833321
R5a,4.54,0.0833321
R5a,4.55,0.0833321
R5a,4.56,0.0833321
R5a,4.57,0.0833321
R5a,4.58,0.0833321
R5a,4.59,0.0833321
R5a,4.6,0.0833321
R5a,4.61,0.0833321
R5a,4.62,0.0833321
R5a,4.63,0.0833321
R5a,4.64,0.0833321
R5a,4.65,0.0833321
R5a,4.66,0.0833321
R5a,4.67,0.0833321
R5a,4.68,0.0833321
R5a,4.69,0.0833321
R5a,4.7,0.0833321
R5a,4.71,0.0833321
R5a,4.72,0.0833321
R5a,4.73,0.0833321
R5a,4.74,0.0833321
R5a,4.75,0.0833321
R5a,4.76,0.0833321
R5a,4.77,0.0833321
R5a,4.78,0.0833321
R5a,4.79,0.0833321
R5a,4.8,0.0833321
R5a,4.81,0.0833321
R5a,4.82,0.0833321
R5a,4.83,0.0833321
R5a,4.84,0.0833321
R5a,4.85,0.0833321
R5a,4.86,0.0833321
R5a,4.87,0.0833321
R5a,4.88,0.0833321
R5a,4.89,0.0833321
R5a,4.9,0.0833321
R5a,4.91,0.0833321
R5a,4.92,0.0833321
R5a,4.93,0.0833321
R5a,4.94,0.0833321
R5a,4.95,0.0833321
R5a,4.96,0.0833321
R5a,4.97,0.0833321
R5a,4.98,0.0833321
R5a,4.99,0.0833321
R5a,5,0.0833321
R5b,0,0.0326727
R5b,0.01,0.0374335
R5b,0.02,0.0417469
R5b,0.03,0.045655
R5b,0.04,0.0491957
R5b,0.05,0.0524038
R5b,0.06,0.0553103
R5b,0.07,0.0579437
R5b,0.08,0.0603296
R5b,0.09,0.0624913
R5b,0.1,0.0644499
R5b,0.11,0.0662243
R5b,0.12,0.0678321
R5b,0.13,0.0692887
R5b,0.14,0.0706085
R5b,0.15,0.0718042
R5b,0.16,0.0728875
R5b,0.17,0.0738691
R5b,0.18,0.0747584
R5b,0.19,0.0755641
R5b,0.2,0.0762941
R5b,0.21,0.0769555
R5b,0.22,0.0775548
R5b,0.23,0.0780977
R5b,0.24,0.0785896
R5b,0.25,0.0790353
R5b,0.26,0.0794391
R5b,0.27,0.0798049
R5b,0.28,0.0801364
R5b,0.29,0.0804367
R5b,0.3,0.0807088
R5b,0.31,0.0809553
R5b,0.32,0.0811787
R5b,0.33,0.0813811
R5b,0.34,0.0815644
R5b,0.35,0.0817305
R5b,0.36,0.081881
R5b,0.37,0.0820174
R5b,0.38,0.0821409
R5b,0.39,0.0822529
R5b,0.4,0.0823543
R5b,0.41,0.0824462
R5b,0.42,0.0825294
R5b,0.43,0.0826049
R5b,0.44,0.0826732
R5b,0.45,0.0827351
R5b,0.46,0.0827912
R5b,0.47,0.082842
R5b,0.48,0.0828881
R5b,0.49,0.0829298
R5b,0.5,0.0829676
R5b,0.51,0.0830019
R5b,0.52,0.0830329
R5b,0.53,0.083061
R5b,0.54,0.0830865
R5b,0.55,0.0831096
R5b,0.56,0.0831305
R5b,0.57,0.0831494
R5b,0.58,0.0831666
R5b,0.59,0.0831821
R5b,0.6,0.0831962
R5b,0.61,0.083209
R5b,0.62,0.0832206
R5b,0.63,0.083231
R5b,0.64,0.0832405
R5b,0.65,0.0832491
R5b,0.66,0.0832569
R5b,0.67,0.083264
R5b,0.68,0.0832704
R5b,0.69,0.0832762
R5b,0.7,0.0832814
R5b,0.71,0.0832862
R5b,0.72,0.0832905
R5b,0.73,0.0832944
R5b,0.74,0.0832979
R5b,0.75,0.0833012
R5b,0.76,0.0833041
R5b,0.77,0.0833067
R5b,0.78,0.0833091
R5b,0.79,0.0833112
R5b,0.8,0.0833132
R5b,0.81,0.083315
R5b,0.82,0.0833166
R5b,0.83,0.083318
R5b,0.84,0.0833193
R5b,0.85,0.0833205
R5b,0.86,0.0833216
R5b,0.87,0.0833226
R5b,0.88,0.0833235
R5b,0.89,0.0833243
R5b,0.9,0.083325
R5b,0.91,0.0833257
R5b,0.92,0.0833263
R5b,0.93,0.0833268
R5b,0.94,0.0833273
R5b,0.95,0.0833278
R5b,0.96,0.0833282
R5b,0.97,0.0833285
R5b,0.98,0.0833289
R5b,0.99,0.0833292
R5b,1,0.0833294
R5b,1.01,0.0833297
R5b,1.02,0.0833299
R5b,1.03,0.0833301
R5b,1.04,0.0833303
R5b,1.05,0.0833305
R5b,1.06,0.0833306
R5b,1.07,0.0833307
R5b,1.08,0.0833309
R5b,1.09,0.083331
R5b,1.1,0.0833311
R5b,1.11,0.0833312
R5b,1.12,0.0833313
R5b,1.13,0.0833313
R5b,1.14,0.0833314
R5b,1.15,0.0833315
R5b,1.16,0.0833315
R5b,1.17,0.0833316
R5b,1.18,0.0833316
R5b,1.19,0.0833317
R5b,1.2,0.0833317
R5b,1.21,0.0833317
R5b,1.22,0.0833318
R5b,1.23,0.0833318
R5b,1.24,0.0833318
R5b,1.25,0.0833318
R5b,1.26,0.0833319
R5b,1.27,0.0833319
R5b,1.28,0.0833319
R5b,1.29,0.0833319
R5b,1.3,0.0833319
R5b,1.31,0.0833319
R5b,1.32,0.083332
R5b,1.33,0.083332
R5b,1.34,0.083332
R5b,1.35,0.083332
R5b,1.36,0.083332
R5b,1.37,0.083332
R5b,1.38,0.083332
R5b,1.39,0.083332
R5b,1.4,0.083332
R5b,1.41,0.083332
R5b,1.42,0.083332
R5b,1.43,0.083332
R5b,1.44,0.083332
R5b,1.45,0.083332
R5b,1.46,0.083332
R5b,1.47,0.083332
R5b,1.48,0.083332
R5b,1.49,0.083332
R5b,1.5,0.083332
R5b,1.51,0.083332
R5b,1.52,0.083332
R5b,1.53,0.083332
R5b,1.54,0.083332
R5b,1.55,0.0833321
R5b,1.56,0.0833321
R5b,1.57,0.0833321
R5b,1.58,0.0833321
R5b,1.59,0.0833321
R5b,1.6,0.0833321
R5b,1.61,0.0833321
R5b,1.62,0.0833321
R5b,1.63,0.0833321
R5b,1.64,0.0833321
R5b,1.65,0.0833321
R5b,1.66,0.0833321
R5b,1.67,0.0833321
R5b,1.68,0.0833321
R5b,1.69,0.0833321
R5b,1.7,0.0833321
R5b,1.71,0.0833321
R5b,1.72,0.0833321
R5b,1.73,0.0833321
R5b,1.74,0.0833321
R5b,1.75,0.0833321
R5b,1.76,0.0833321
R5b,1.77,0.0833321
R5b,1.78,0.0833321
R5b,1.79,0.0833321
R5b,1.8,0.0833321
R5b,1.81,0.0833321
R5b,1.82,0.0833321
R5b,1.83,0.0833321
R5b,1.84,0.0833321
R5b,1.85,0.0833321
R5b,1.86,0.0833321
R5b,1.87,0.0833321
R5b,1.88,0.0833321
R5b,1.89,0.0833321
R5b,1.9,0.0833321
R5b,1.91,0.0833321
R5b,1.92,0.0833321
R5b,1.93,0.0833321
R5b,1.94,0.0833321
R5b,1.95,0.0833321
R5b,1.96,0.0833321
R5b,1.97,0.0833321
R5b,1.98,0.0833321
R5b,1.99,0.0833321
R5b,2,0.0833321
R5b,2.01,0.0833321
R5b,2.02,0.0833321
R5b,2.03,0.0833321
R5b,2.04,0.0833321
R5b,2.05,0.0833321
R5b,2.06,0.0833321
R5b,2.07,0.0833321
R5b,2.08,0.0833321
R5b,2.09,0.0833321
R5b,2.1,0.0833321
R5b,2.11,0.0833321
R5b,2.12,0.0833321
R5b,2.13,0.0833321
R5b,2.14,0.0833321
R5b,2.15,0.0833321
R5b,2.16,0.0833321
R5b,2.17,0.0833321
R5b,2.18,0.0833321
R5b,2.19,0.0833321
R5b,2.2,0.0833321
R5b,2.21,0.0833321
R5b,2.22,0.0833321
R5b,2.23,0.0833321
R5b,2.24,0.0833321
R5b,2.25,0.0833321
R5b,2.26,0.0833321
R5b,2.27,0.0833321
R5b,2.28,0.0833321
R5b,2.29,0.0833321
R5b,2.3,0.0833321
R5b,2.31,0.0833321
R5b,2.32,0.0833321
R5b,2.33,0.0833321
R5b,2.34,0.0833321
R5b,2.35,0.0833321
R5b,2.36,0.0833321
R5b,2.37,0.0833321
R5b,2.38,0.0833321
R5b,2.39,0.0833321
R5b,2.4,0.0833321
R5b,2.41,0.0833321
R5b,2.42,0.0833321
R5b,2.43,0.0833321
R5b,2.44,0.0833321
R5b,2.45,0.0833321
R5b,2.46,0.0833321
R5b,2.47,0.0833321
R5b,2.48,0.0833321
R5b,2.49,0.0833321
R5b,2.5,0.0833321
R5b,2.51,0.0833321
R5b,2.52,0.0833321
R5b,2.53,0.0833321
R5b,2.54,0.0833321
R5b,2.55,0.0833321
R5b,2.56,0.0833321
R5b,2.57,0.0833321
R5b,2.58,0.0833321
R5b,2.59,0.0833321
R5b,2.6,0.0833321
R5b,2.61,0.0833321
R5b,2.62,0.0833321
R5b,2.63,0.0833321
R5b,2.64,0.0833321
R5b,2.65,0.0833321
R5b,2.66,0.0833321
R5b,2.67,0.0833321
R5b,2.68,0.0833321
R5b,2.69,0.0833321
R5b,2.7,0.0833321
R5b,2.71,0.0833321
R5b,2.72,0.0833321
R5b,2.73,0.0833321
R5b,2.74,0.0833321
R5b,2.75,0.0833321
R5b,2.76,0.0833321
R5b,2.77,0.0833321
R5b,2.78,0.0833321
R5b,2.79,0.0833321
R5b,2.8,0.0833321
R5b,2.81,0.0833321
R5b,2.82,0.0833321
R5b,2.83,0.0833321
R5b,2.84,0.0833321
R5b,2.85,0.0833321
R5b,2.86,0.0833321
R5b,2.87,0.0833321
R5b,2.88,0.0833321
R5b,2.89,0.0833321
R5b,2.9,0.0833321
R5b,2.91,0.0833321
R5b,2.92,0.0833321
R5b,2.93,0.0833321
R5b,2.94,0.0833321
R5b,2.95,0.0833321
R5b,2.96,0.0833321
R5b,2.97,0.0833321
R5b,2.98,0.0833321
R5b,2.99,0.0833321
R5b,3,0.0833321
R5b,3.01,0.0833321
R5b,3.02,0.0833321
R5b,3.03,0.0833321
R5b,3.04,0.0833321
R5b,3.05,0.0833321
R5b,3.06,0.0833321
R5b,3.07,0.0833321
R5b,3.08,0.0833321
R5b,3.09,0.0833321
R5b,3.1,0.0833321
R5b,3.11,0.0833321
R5b,3.12,0.0833321
R5b,3.13,0.0833321
R5b,3.14,0.0833321
R5b,3.15,0.0833321
R5b,3.16,0.0833321
R5b,3.17,0.0833321
R5b,3.18,0.0833321
R5b,3.19,0.0833321
R5b,3.2,0.0833321
R5b,3.21,0.0833321
R5b,3.22,0.0833321
R5b,3.23,0.0833321
R5b,3.24,0.0833321
R5b,3.25,0.0833321
R5b,3.26,0.0833321
R5b,3.27,0.0833321
R5b,3.28,0.0833321
R5b,3.29,0.0833321
R5b,3.3,0.0833321
R5b,3.31,0.0833321
R5b,3.32,0.0833321
R5b,3.33,0.0833321
R5b,3.34,0.0833321
R5b,3.35,0.0833321
R5b,3.36,0.0833321
R5b,3.37,0.0833321
R5b,3.38,0.0833321
R5b,3.39,0.0833321
R5b,3.4,0.0833321
R5b,3.41,0.0833321
R5b,3.42,0.0833321
R5b,3.43,0.0833321
R5b,3.44,0.0833321
R5b,3.45,0.0833321
R5b,3.46,0.0833321
R5b,3.47,0.0833321
R5b,3.48,0.0833321
R5b,3.49,0.0833321
R5b,3.5,0.0833321
R5b,3.51,0.0833321
R5b,3.52,0.0833321
R5b,3.53,0.0833321
R5b,3.54,0.0833321
R5b,3.55,0.0833321
R5b,3.56,0.0833321
R5b,3.57,0.0833321
R5b,3.58,0.0833321
R5b,3.59,0.0833321
R5b,3.6,0.0833321
R5b,3.61,0.0833321
R5b,3.62,0.0833321
R5b,3.63,0.0833321
R5b,3.64,0.0833321
R5b,3.65,0.0833321
R5b,3.66,0.0833321
R5b,3.67,0.0833321
R5b,3.68,0.0833321
R5b,3.69,0.0833321
R5b,3.7,0.0833321
R5b,3.71,0.0833321
R5b,3.72,0.0833321
R5b,3.73,0.0833321
R5b,3.74,0.0833321
R5b,3.75,0.0833321
R5b,3.76,0.0833321
R5b,3.77,0.0833321
R5b,3.78,0.0833321
R5b,3.79,0.0833321
R5b,3.8,0.0833321
R5b,3.81,0.0833321
R5b,3.82,0.0833321
R5b,3.83,0.0833321
R5b,3.84,0.0833321
R5b,3.85,0.0833321
R5b,3.86,0.0833321
R5b,3.87,0.0833321
R5b,3.88,0.0833321
R5b,3.89,0.0833321
R5b,3.9,0.0833321
R5b,3.91,0.0833321
R5b,3.92,0.0833321
R5b,3.93,0.0833321
R5b,3.94,0.0833321
R5b,3.95,0.0833321
R5b,3.96,0.0833321
R5b,3.97,0.0833321
R5b,3.98,0.0833321
R5b,3.99,0.0833321
R5b,4,0.0833321
R5b,4.01,0.0833321
R5b,4.02,0.0833321
R5b,4.03,0.0833321
R5b,4.04,0.0833321
R5b,4.05,0.0833321
R5b,4.06,0.0833321
R5b,4.07,0.0833321
R5b,4.08,0.0833321
R5b,4.09,0.0833321
R5b,4.1,0.0833321
R5b,4.11,0.0833321
R5b,4.12,0.0833321
R5b,4.13,0.0833321
R5b,4.14,0.0833321
R5b,4.15,0.0833321
R5b,4.16,0.0833321
R5b,4.17,0.0833321
R5b,4.18,0.0833321
R5b,4.19,0.0833321
R5b,4.2,0.0833321
R5b,4.21,0.0833321
R5b,4.22,0.0833321
R5b,4.23,0.0833321
R5b,4.24,0.0833321
R5b,4.25,0.0833321
R5b,4.26,0.0833321
R5b,4.27,0.0833321
R5b,4.28,0.0833321
R5b,4.29,0.0833321
R5b,4.3,0.0833321
R5b,4.31,0.0833321
R5b,4.32,0.0833321
R5b,4.33,0.0833321
R5b,4.34,0.0833321
R5b,4.35,0.0833321
R5b,4.36,0.0833321
R5b,4.37,0.0833321
R5b,4.38,0.0833321
R5b,4.39,0.0833321
R5b,4.4,0.0833321
R5b,4.41,0.0833321
R5b,4.42,0.0833321
R5b,4.43,0.0833321
R5b,4.44,0.0833321
R5b,4.45,0.0833321
R5b,4.46,0.0833321
R5b,4.47,0.0833321
R5b,4.48,0.0833321
R5b,4.49,0.0833321
R5b,4.5,0.0833321
R5b,4.51,0.0833321
R5b,4.52,0.0833321
R5b,4.53,0.0833321
R5b,4.54,0.0833321
R5b,4.55,0.0833321
R5b,4.56,0.0833321
R5b,4.57,0.0833321
R5b,4.58,0.0833321
R5b,4.59,0.0833321
R5b,4.6,0.0833321
R5b,4.61,0.0833321
R5b,4.62,0.0833321
R5b,4.63,0.0833321
R5b,4.64,0.0833321
R5b,4.65,0.0833321
R5b,4.66,0.0833321
R5b,4.67,0.0833321
R5b,4.68,0.0833321
R5b,4.69,0.0833321
R5b,4.7,0.0833321
R5b,4.71,0.0833321
R5b,4.72,0.0833321
R5b,4.73,0.0833321
R5b,4.74,0.0833321
R5b,4.75,0.0833321
R5b,4.76,0.0833321
R5b,4.77,0.0833321
R5b,4.78,0.0833321
R5b,4.79,0.0833321
R5b,4.8,0.0833321
R5b,4.81,0.0833321
R5b,4.82,0.0833321
R5b,4.83,0.0833321
R5b,4.84,0.0833321
R5b,4.85,0.0833321
R5b,4.86,0.0833321
R5b,4.87,0.0833321
R5b,4.88,0.0833321
R5b,4.89,0.0833321
R5b,4.9,0.0833321
R5b,4.91,0.0833321
R5b,4.92,0.0833321
R5b,4.93,0.0833321
R5b,4.94,0.0833321
R5b,4.95,0.0833321
R5b,4.96,0.0833321
R5b,4.97,0.0833321
R5b,4.98,0.0833321
R5b,4.99,0.0833321
R5b,5,0.0833321
R5c,0,0.0326727
R5c,0.01,0.0374335
R5c,0.02,0.0417469
R5c,0.03,0.045655
R5c,0.04,0.0491957
R5c,0.05,0.0524038
R5c,0.06,0.0553103
R5c,0.07,0.0579437
R5c,0.08,0.0603296
R5c,0.09,0.0624913
R5c,0.1,0.0644499
R5c,0.11,0.0662243
R5c,0.12,0.0678321
R5c,0.13,0.0692887
R5c,0.14,0.0706085
R5c,0.15,0.0718042
R5c,0.16,0.0728875
R5c,0.17,0.0738691
R5c,0.18,0.0747584
R5c,0.19,0.0755641
R5c,0.2,0.0762941
R5c,0.21,0.0769555
R5c,0.22,0.0775548
R5c,0.23,0.0780977
R5c,0.24,0.0785896
R5c,0.25,0.0790353
R5c,0.26,0.0794391
R5c,0.27,0.0798049
R5c,0.28,0.0801364
R5c,0.29,0.0804367
R5c,0.3,0.0807088
R5c,0.31,0.0809553
R5c,0.32,0.0811787
R5c,0.33,0.0813811
R5c,0.34,0.0815644
R5c,0.35,0.0817305
R5c,0.36,0.081881
R5c,0.37,0.0820174
R5c,0.38,0.0821409
R5c,0.39,0.0822529
R5c,0.4,0.0823543
R5c,0.41,0.0824462
R5c,0.42,0.0825294
R5c,0.43,0.0826049
R5c,0.44,0.0826732
R5c,0.45,0.0827351
R5c,0.46,0.0827912
R5c,0.47,0.082842
R5c,0.48,0.0828881
R5c,0.49,0.0829298
R5c,0.5,0.0829676
R5c,0.51,0.0830019
R5c,0.52,0.0830329
R5c,0.53,0.083061
R5c,0.54,0.0830865
R5c,0.55,0.0831096
R5c,0.56,0.0831305
R5c,0.57,0.0831494
R5c,0.58,0.0831666
R5c,0.59,0.0831821
R5c,0.6,0.0831962
R5c,0.61,0.083209
R5c,0.62,0.0832206
R5c,0.63,0.083231
R5c,0.64,0.0832405
R5c,0.65,0.0832491
R5c,0.66,0.0832569
R5c,0.67,0.083264
R5c,0.68,0.0832704
R5c,0.69,0.0832762
R5c,0.7,0.0832814
R5c,0.71,0.0832862
R5c,0.72,0.0832905
R5c,0.73,0.0832944
R5c,0.74,0.0832979
R5c,0.75,0.0833012
R5c,0.76,0.0833041
R5c,0.77,0.0833067
R5c,0.78,0.0833091
R5c,0.79,0.0833112
R5c,0.8,0.0833132
R5c,0.81,0.083315
R5c,0.82,0.0833166
R5c,0.83,0.083318
R5c,0.84,0.0833193
R5c,0.85,0.0833205
R5c,0.86,0.0833216
R5c,0.87,0.0833226
R5c,0.88,0.0833235
R5c,0.89,0.0833243
R5c,0.9,0.083325
R5c,0.91,0.0833257
R5c,0.92,0.0833263
R5c,0.93,0.0833268
R5c,0.94,0.0833273
R5c,0.95,0.0833278
R5c,0.96,0.0833282
R5c,0.97,0.0833285
R5c,0.98,0.0833289
R5c,0.99,0.0833292
R5c,1,0.0833294
R5c,1.01,0.0833297
R5c,1.02,0.0833299
R5c,1.03,0.0833301
R5c,1.04,0.0833303
R5c,1.05,0.0833305
R5c,1.06,0.0833306
R5c,1.07,0.0833307
R5c,1.08,0.0833309
R5c,1.09,0.083331
R5c,1.1,0.0833311
R5c,1.11,0.0833312
R5c,1.12,0.0833313
R5c,1.13,0.0833313
R5c,1.14,0.0833314
R5c,1.15,0.0833315
R5c,1.16,0.0833315
R5c,1.17,0.0833316
R5c,1.18,0.0833316
R5c,1.19,0.0833317
R5c,1.2,0.0833317
R5c,1.21,0.0833317
R5c,1.22,0.0833318
R5c,1.23,0.0833318
R5c,1.24,0.0833318
R5c,1.25,0.0833318
R5c,1.26,0.0833319
R5c,1.27,0.0833319
R5c,1.28,0.0833319
R5c,1.29,0.0833319
R5c,1.3,0.0833319
R5c,1.31,0.0833319
R5c,1.32,0.083332
R5c,1.33,0.083332
R5c,1.34,0.083332
R5c,1.35,0.083332
R5c,1.36,0.083332
R5c,1.37,0.083332
R5c,1.38,0.083332
R5c,1.39,0.083332
R5c,1.4,0.083332
R5c,1.41,0.083332
R5c,1.42,0.083332
R5c,1.43,0.083332
R5c,1.44,0.083332
R5c,1.45,0.083332
R5c,1.46,0.083332
R5c,1.47,0.083332
R5c,1.48,0.083332
R5c,1.49,0.083332
R5c,1.5,0.083332
R5c,1.51,0.083332
R5c,1.52,0.083332
R5c,1.53,0.083332
R5c,1.54,0.083332
R5c,1.55,0.0833321
R5c,1.56,0.0833321
R5c,1.57,0.0833321
R5c,1.58,0.0833321
R5c,1.59,0.0833321
R5c,1.6,0.0833321
R5c,1.61,0.0833321
R5c,1.62,0.0833321
R5c,1.63,0.0833321
R5c,1.64,0.0833321
R5c,1.65,0.0833321
R5c,1.66,0.0833321
R5c,1.67,0.0833321
R5c,1.68,0.0833321
R5c,1.69,0.0833321
R5c,1.7,0.0833321
R5c,1.71,0.0833321
R5c,1.72,0.0833321
R5c,1.73,0.0833321
R5c,1.74,0.0833321
R5c,1.75,0.0833321
R5c,1.76,0.0833321
R5c,1.77,0.0833321
R5c,1.78,0.0833321
R5c,1.79,0.0833321
R5c,1.8,0.0833321
R5c,1.81,0.0833321
R5c,1.82,0.0833321
R5c,1.83,0.0833321
R5c,1.84,0.0833321
R5c,1.85,0.0833321
R5c,1.86,0.0833321
R5c,1.87,0.0833321
R5c,1.88,0.0833321
R5c,1.89,0.0833321
R5c,1.9,0.0833321
R5c,1.91,0.0833321
R5c,1.92,0.0833321
R5c,1.93,0.0833321
R5c,1.94,0.0833321
R5c,1.95,0.0833321
R5c,1.96,0.0833321
R5c,1.97,0.0833321
R5c,1.98,0.0833321
R5c,1.99,0.0833321
R5c,2,0.0833321
R5c,2.01,0.0833321
R5c,2.02,0.0833321
R5c,2.03,0.0833321
R5c,2.04,0.0833321
R5c,2.05,0.0833321
R5c,2.06,0.0833321
R5c,2.07,0.0833321
R5c,2.08,0.0833321
R5c,2.09,0.0833321
R5c,2.1,0.0833321
R5c,2.11,0.0833321
R5c,2.12,0.0833321
R5c,2.13,0.0833321
R5c,2.14,0.0833321
R5c,2.15,0.0833321
R5c,2.16,0.0833321
R5c,2.17,0.0833321
R5c,2.18,0.0833321
R5c,2.19,0.0833321
R5c,2.2,0.0833321
R5c,2.21,0.0833321
R5c,2.22,0.0833321
R5c,2.23,0.0833321
R5c,2.24,0.0833321
R5c,2.25,0.0833321
R5c,2.26,0.0833321
R5c,2.27,0.0833321
R5c,2.28,0.0833321
R5c,2.29,0.0833321
R5c,2.3,0.0833321
R5c,2.31,0.0833321
R5c,2.32,0.0833321
R5c,2.33,0.0833321
R5c,2.34,0.0833321
R5c,2.35,0.0833321
R5c,2.36,0.0833321
R5c,2.37,0.0833321
R5c,2.38,0.0833321
R5c,2.39,0.0833321
R5c,2.4,0.0833321
R5c,2.41,0.0833321
R5c,2.42,0.0833321
R5c,2.43,0.0833321
R5c,2.44,0.0833321
R5c,2.45,0.0833321
R5c,2.46,0.0833321
R5c,2.47,0.0833321
R5c,2.48,0.0833321
R5c,2.49,0.0833321
R5c,2.5,0.0833321
R5c,2.51,0.0833321
R5c,2.52,0.0833321
R5c,2.53,0.0833321
R5c,2.54,0.0833321
R5c,2.55,0.0833321
R5c,2.56,0.0833321
R5c,2.57,0.0833321
R5c,2.58,0.0833321
R5c,2.59,0.0833321
R5c,2.6,0.0833321
R5c,2.61,0.0833321
R5c,2.62,0.0833321
R5c,2.63,0.0833321
R5c,2.64,0.0833321
R5c,2.65,0.0833321
R5c,2.66,0.0833321
R5c,2.67,0.0833321
R5c,2.68,0.0833321
R5c,2.69,0.0833321
R5c,2.7,0.0833321
R5c,2.71,0.0833321
R5c,2.72,0.0833321
R5c,2.73,0.0833321
R5c,2.74,0.0833321
R5c,2.75,0.0833321
R5c,2.76,0.0833321
R5c,2.77,0.0833321
R5c,2.78,0.0833321
R5c,2.79,0.0833321
R5c,2.8,0.0833321
R5c,2.81,0.0833321
R5c,2.82,0.0833321
R5c,2.83,0.0833321
R5c,2.84,0.0833321
R5c,2.85,0.0833321
R5c,2.86,0.0833321
R5c,2.87,0.0833321
R5c,2.88,0.0833321
R5c,2.89,0.0833321
R5c,2.9,0.0833321
R5c,2.91,0.0833321
R5c,2.92,0.0833321
R5c,2.93,0.0833321
R5c,2.94,0.0833321
R5c,2.95,0.0833321
R5c,2.96,0.0833321
R5c,2.97,0.0833321
R5c,2.98,0.0833321
R5c,2.99,0.0833321
R5c,3,0.0833321
R5c,3.01,0.0833321
R5c,3.02,0.0833321
R5c,3.03,0.0833321
R5c,3.04,0.0833321
R5c,3.05,0.0833321
R5c,3.06,0.0833321
R5c,3.07,0.0833321
R5c,3.08,0.0833321
R5c,3.09,0.0833321
R5c,3.1,0.0833321
R5c,3.11,0.0833321
R5c,3.12,0.0833321
R5c,3.13,0.0833321
R5c,3.14,0.0833321
R5c,3.15,0.0833321
R5c,3.16,0.0833321
R5c,3.17,0.0833321
R5c,3.18,0.0833321
R5c,3.19,0.0833321
R5c,3.2,0.0833321
R5c,3.21,0.0833321
R5c,3.22,0.0833321
R5c,3.23,0.0833321
R5c,3.24,0.0833321
R5c,3.25,0.0833321
R5c,3.26,0.0833321
R5c,3.27,0.0833321
R5c,3.28,0.0833321
R5c,3.29,0.0833321
R5c,3.3,0.0833321
R5c,3.31,0.0833321
R5c,3.32,0.0833321
R5c,3.33,0.0833321
R5c,3.34,0.0833321
R5c,3.35,0.0833321
R5c,3.36,0.0833321
R5c,3.37,0.0833321
R5c,3.38,0.0833321
R5c,3.39,0.0833321
R5c,3.4,0.0833321
R5c,3.41,0.0833321
R5c,3.42,0.0833321
R5c,3.43,0.0833321
R5c,3.44,0.0833321
R5c,3.45,0.0833321
R5c,3.46,0.0833321
R5c,3.47,0.0833321
R5c,3.48,0.0833321
R5c,3.49,0.0833321
R5c,3.5,0.0833321
R5c,3.51,0.0833321
R5c,3.52,0.0833321
R5c,3.53,0.0833321
R5c,3.54,0.0833321
R5c,3.55,0.0833321
R5c,3.56,0.0833321
R5c,3.57,0.0833321
R5c,3.58,0.0833321
R5c,3.59,0.0833321
R5c,3.6,0.0833321
R5c,3.61,0.0833321
R5c,3.62,0.0833321
R5c,3.63,0.0833321
R5c,3.64,0.0833321
R5c,3.65,0.0833321
R5c,3.66,0.0833321
R5c,3.67,0.0833321
R5c,3.68,0.0833321
R5c,3.69,0.0833321
R5c,3.7,0.0833321
R5c,3.71,0.0833321
R5c,3.72,0.0833321
R5c,3.73,0.0833321
R5c,3.74,0.0833321
R5c,3.75,0.0833321
R5c,3.76,0.0833321
R5c,3.77,0.0833321
R5c,3.78,0.0833321
R5c,3.79,0.0833321
R5c,3.8,0.0833321
R5c,3.81,0.0833321
R5c,3.82,0.0833321
R5c,3.83,0.0833321
R5c,3.84,0.0833321
R5c,3.85,0.0833321
R5c,3.86,0.0833321
R5c,3.87,0.0833321
R5c,3.88,0.0833321
R5c,3.89,0.0833321
R5c,3.9,0.0833321
R5c,3.91,0.0833321
R5c,3.92,0.0833321
R5c,3.93,0.0833321
R5c,3.94,0.0833321
R5c,3.95,0.0833321
R5c,3.96,0.0833321
R5c,3.97,0.0833321
R5c,3.98,0.0833321
R5c,3.99,0.0833321
R5c,4,0.0833321
R5c,4.01,0.0833321
R5c,4.02,0.0833321
R5c,4.03,0.0833321
R5c,4.04,0.0833321
R5c,4.05,0.0833321
R5c,4.06,0.0833321
R5c,4.07,0.0833321
R5c,4.08,0.0833321
R5c,4.09,0.0833321
R5c,4.1,0.0833321
R5c,4.11,0.0833321
R5c,4.12,0.0833321
R5c,4.13,0.0833321
R5c,4.14,0.0833321
R5c,4.15,0.0833321
R5c,4.16,0.0833321
R5c,4.17,0.0833321
R5c,4.18,0.0833321
R5c,4.19,0.0833321
R5c,4.2,0.0833321
R5c,4.21,0.0833321
R5c,4.22,0.0833321
R5c,4.23,0.0833321
R5c,4.24,0.0833321
R5c,4.25,0.0833321
R5c,4.26,0.0833321
R5c,4.27,0.0833321
R5c,4.28,0.0833321
R5c,4.29,0.0833321
R5c,4.3,0.0833321
R5c,4.31,0.0833321
R5c,4.32,0.0833321
R5c,4.33,0.0833321
R5c,4.34,0.0833321
R5c,4.35,0.0833321
R5c,4.36,0.0833321
R5c,4.37,0.0833321
R5c,4.38,0.0833321
R5c,4.39,0.0833321
R5c,4.4,0.0833321
R5c,4.41,0.0833321
R5c,4.42,0.0833321
R5c,4.43,0.0833321
R5c,4.44,0.0833321
R5c,4.45,0.0833321
R5c,4.46,0.0833321
R5c,4.47,0.0833321
R5c,4.48,0.0833321
R5c,4.49,0.0833321
R5c,4.5,0.0833321
R5c,4.51,0.0833321
R5c,4.52,0.0833321
R5c,4.53,0.0833321
R5c,4.54,0.0833321
R5c,4.55,0.0833321
R5c,4.56,0.0833321
R5c,4.57,0.0833321
R5c,4.58,0.0833321
R5c,4.59,0.0833321
R5c,4.6,0.0833321
R5c,4.61,0.0833321
R5c,4.62,0.0833321
R5c,4.63,0.0833321
R5c,4.64,0.0833321
R5c,4.65,0.0833321
R5c,4.66,0.0833321
R5c,4.67,0.0833321
R5c,4.68,0.0833321
R5c,4.69,0.0833321
R5c,4.7,0.0833321
R5c,4.71,0.0833321
R5c,4.72,0.0833321
R5c,4.73,0.0833321
R5c,4.74,0.0833321
R5c,4.75,0.0833321
R5c,4.76,0.0833321
R5c,4.77,0.0833321
R5c,4.78,0.0833321
R5c,4.79,0.0833321
R5c,4.8,0.0833321
R5c,4.81,0.0833321
R5c,4.82,0.0833321
R5c,4.83,0.0833321
R5c,4.84,0.0833321
R5c,4.85,0.0833321
R5c,4.86,0.0833321
R5c,4.87,0.0833321
R5c,4.88,0.0833321
R5c,4.89,0.0833321
R5c,4.9,0.0833321
R5c,4.91,0.0833321
R5c,4.92,0.0833321
R5c,4.93,0.0833321
R5c,4.94,0.0833321
R5c,4.95,0.0833321
R5c,4.96,0.0833321
R5c,4.97,0.0833321
R5c,4.98,0.0833321
R5c,4.99,0.0833321
R5c,5,0.0833321
