case,alpha,rho,lambda_c,lambda_r,alpha_plus_rho,q1,n,h,dt,steps,l1_psi,order_l1_psi,l2_psi,order_l2_psi,linf_psi,order_linf_psi,l1_u,order_l1_u,l2_u,order_l2_u,linf_u,order_linf_u,l1_v,order_l1_v,l2_v,order_l2_v,linf_v,order_linf_v
A1,0.75,0.25,1,0.3333333333333333,1,0,8,0.125,0.0016,625,0.002484101736089237,nan,0.002494742357356408,nan,0.00273953619176924,nan,0.001538559453184687,nan,0.001539433014166229,nan,0.001598819474683419,nan,0.0009455422829045496,nan,0.0009622267664000202,nan,0.001140716717086447,nan
A1,0.75,0.25,1,0.3333333333333333,1,0,16,0.0625,0.0004,2500,0.0006213956928022936,1.999140113589491,0.0006241851459239826,1.998844899834918,0.0006883047761472305,1.992812237124109,0.0003849377354011567,1.998883183110141,0.0003851560578245236,1.99888407065357,0.0004005269302981805,1.997035897219363,0.000236457957401137,1.999558281369408,0.0002408929684437968,1.997984649054467,0.0002877778458490587,1.986913122877602
A1,0.75,0.25,1,0.3333333333333333,1,0,32,0.03125,0.0001,10000,0.000155372109746903,1.999784687150723,0.0001560775382007515,1.999711097342167,0.0001722895156485819,1.998212609083128,9.625307685936348e-05,1.999720541070705,9.630763358096722e-05,1.99972105725178,0.0001001823886022952,1.99927033400187,5.911903288753956e-05,1.999889118778744,6.024443873124286e-05,1.999492307661556,7.210712704635268e-05,1.996741765451325
A1,0.75,0.25,1,0.3333333333333333,1,0,64,0.015625,2.5e-05,40000,3.88444774576246e-05,1.999946144802487,3.902133840737851e-05,1.999927760277627,4.308570440895998e-05,1.999553735933208,2.406443489367949e-05,1.999930114302719,2.407807229126403e-05,1.999930260712568,2.504875215421018e-05,1.999818274589075,1.478004256394511e-05,1.999972244814288,1.506243730367503e-05,1.999872833565103,1.803695225486603e-05,1.999186278348346
A1,0.75,0.25,1,0.3333333333333333,1,0,128,0.0078125,6.25e-06,160000,9.711210614674666e-06,1.999986443819046,9.755457337871143e-06,1.999981848952381,1.077225948233063e-05,1.999888383691842,6.016181989758802e-06,1.999982430447143,6.019591223769585e-06,1.999982468052185,6.262385488751965e-06,1.999954511756759,3.695028624915863e-06,1.999992978298194,3.765692549917874e-06,1.999968115246795,4.509873993811114e-06,1.999796553543296
A1,0.75,0.25,1,0.3333333333333333,1,0,256,0.00390625,1.5625e-06,640000,2.427809148967708e-06,1.999996140245103,2.438872797112636e-06,1.999994993983715,2.693117794501376e-06,1.999971648538554,1.504051039282924e-06,1.999994684219979,1.504903350502364e-06,1.999994684626158,1.565610095437958e-06,1.999987354098251,9.237581096847846e-07,1.999998510923285,9.414281190479899e-07,1.999992365956496,1.127507699554345e-06,1.999949839617037
A1,0.75,0.25,1,0.3333333333333333,1,0,512,0.001953125,3.90625e-07,2560000,6.069563801988362e-07,1.999990271280214,6.097224130591472e-07,1.999990029525221,6.732866638277379e-07,1.999984539434616,3.76016008899975e-07,1.999987533906394,3.762290998270297e-07,1.999987490648001,3.914068710808571e-07,1.999983976393873,2.309403712988615e-07,1.999994728248074,2.353580577352733e-07,1.999993698727801,2.818797930695394e-07,1.999985320226595
A2,0.3,0.4,1,1.333333333333333,0.7,0.2999999999999999,8,0.125,0.0016,625,0.008405492335157172,nan,0.008408025496959426,nan,0.008631855584675899,nan,0.005958139388089144,nan,0.005958740642979328,nan,0.006050930387766744,nan,0.002447352947068026,nan,0.002450378467070279,nan,0.002580925196909225,nan
A2,0.3,0.4,1,1.333333333333333,0.7,0.2999999999999999,16,0.0625,0.0004,2500,0.002102631965797014,1.999135974927496,0.002103301538424208,1.999111348303722,0.0021619997035685,1.997304402742875,0.001490462104316255,1.999102180596387,0.001490620541246385,1.999094409104178,0.001514755688748461,1.998071863752446,0.0006121698614807592,1.999218251345954,0.0006129713010227362,1.999113159861688,0.0006472440148200392,1.995506703888219
A2,0.3,0.4,1,1.333333333333333,0.7,0.2999999999999999,32,0.03125,0.0001,10000,0.0005257367307948715,1.999783912052715,0.0005259064077202896,1.99977771586598,0.000540752047985503,1.999327196048294,0.0003726735155282799,1.999775493570128,0.0003727136347394464,1.999773543410944,0.0003788151869513531,1.99951904801916,0.0001530632152665916,1.999804408904654,0.000153266416299214,1.999777920682557,0.0001619368610341725,1.998878301458849
A2,0.3,0.4,1,1.333333333333333,0.7,0.2999999999999999,64,0.015625,2.5e-05,40000,0.0001314391049516158,1.999945971613091,0.0001314816671696279,1.999944420108837,0.0001352037679520843,1.999831865900693,9.317200386248552e-05,1.99994386894357,9.318206557447976e-05,1.999943380949862,9.471168559065622e-05,1.999879828103749,3.826710108913021e-05,1.999951091139703,3.831807930682001e-05,1.999944455700194,4.049208236151652e-05,1.999719675242875
A2,0.3,0.4,1,1.333333333333333,0.7,0.2999999999999999,128,0.0078125,6.25e-06,160000,3.28600843541642e-05,1.99998647234499,3.287073384933192e-05,1.999986084318609,3.380192718083555e-05,1.999957950518806,2.329322787886002e-05,1.999985945777874,2.329574530192002e-05,1.999985823742164,2.367841477121484e-05,1.999969939077529,9.566856475304193e-06,1.999987754421307,9.579612157789982e-06,1.999986094819063,1.012351240972827e-05,1.999929909448087
A2,0.3,0.4,1,1.333333333333333,0.7,0.2999999999999999,256,0.00390625,1.5625e-06,640000,8.215040724736399e-06,1.999996551559943,8.217703656890347e-06,1.999996454651472,8.450543728451276e-06,1.999989426584613,5.82332134238198e-06,1.99999643924837,5.823950821953341e-06,1.999996408964145,5.919634637103349e-06,1.999992458435857,2.391719382354414e-06,1.999996825014388,2.394909000642457e-06,1.999996408967059,2.530909091531808e-06,1.999982335163923
A2,0.3,0.4,1,1.333333333333333,0.7,0.2999999999999999,512,0.001953125,3.90625e-07,2560000,2.053759342320121e-06,2.000000589272867,2.054425110183955e-06,2.000000564626237,2.112637695800973e-06,1.999998795597929,1.455829741554583e-06,2.000000588681271,1.455987118895694e-06,2.00000058123737,1.479909060207729e-06,1.99999960914995,5.979296007655388e-07,2.000000590713269,5.987270497851507e-07,2.00000048282542,6.327286368665308e-07,1.999996889955106
