case,n,h,dt,steps,mass0,mass_final,final_drift,max_abs_drift
A1,8,0.125,0.0016,3125,0.5000000000000001,0.5000000000000886,8.848477506262498e-14,8.848477506262498e-14
A1,16,0.0625,0.0004,12500,0.5000000000000001,0.5000000000006003,6.001865671123596e-13,6.001865671123596e-13
A1,32,0.03125,0.0001,50000,0.5,0.5000000000027476,2.747579941342337e-12,2.747579941342337e-12
A1,64,0.015625,2.5e-05,200000,0.5,0.5000000000108813,1.088129586435116e-11,1.088129586435116e-11
A1,128,0.0078125,6.25e-06,800000,0.5,0.5000000000431091,4.310907186777513e-11,4.310907186777513e-11
A1,256,0.00390625,1.5625e-06,3200000,0.5000000000000001,0.5000000000610464,6.104627914282901e-11,6.104627914282901e-11
A1,512,0.001953125,3.90625e-07,12800000,0.5000000000000002,0.5000000002309981,2.309978874848184e-10,2.309978874848184e-10
A2,8,0.125,0.0016,3125,0.5000000000000001,0.5000000000001192,1.191269305422793e-13,1.191269305422793e-13
A2,16,0.0625,0.0004,12500,0.5000000000000001,0.5000000000009123,9.121592370320286e-13,9.121592370320286e-13
A2,32,0.03125,0.0001,50000,0.5,0.4999999999998758,-1.24233956455555e-13,1.246225345141738e-13
A2,64,0.015625,2.5e-05,200000,0.5,0.5000000000130685,1.306854624516518e-11,1.306854624516518e-11
A2,128,0.0078125,6.25e-06,800000,0.5,0.5000000000570456,5.704559047359226e-11,5.704592354049964e-11
A2,256,0.00390625,1.5625e-06,3200000,0.5000000000000001,0.5000000000627799,6.277978137347873e-11,6.278000341808365e-11
A2,512,0.001953125,3.90625e-07,12800000,0.5000000000000002,0.4999999997890141,-2.1098611746595e-10,2.109862839994037e-10
