nx,h,dt,nTimes,L1_Psi,L2_Psi,Linf_Psi,L1_U,L2_U,Linf_U,L1_V,L2_V,Linf_V,LTE_L2_Psi,LTE_Linf_Psi,LTE_L2_U,LTE_Linf_U,LTE_L2_V,LTE_Linf_V,ksp_reason,ksp_iterations,status
8,1.2500000000000000e-01,1.6666666666666668e-03,6,1.2572748352235943e-03,1.6100622789820759e-03,2.8446429795317418e-03,9.3660359616266550e-04,1.2012703295861855e-03,2.1244857457959343e-03,3.2067123906091149e-04,4.0880230337539999e-04,7.2015723373577978e-04,3.9259843972991933e-02,7.5327065376757929e-02,2.9439534377854439e-02,5.6505364474791264e-02,9.8203980067668641e-03,1.8821700901966665e-02,2,7,solved
16,6.2500000000000000e-02,4.0000000000000002e-04,25,2.5432334819949429e-04,2.9124150123450792e-04,5.5420300196812322e-04,1.8942775591111391e-04,2.1705647310368796e-04,4.1352709223110851e-04,6.4895592288394255e-05,7.4186640061028265e-05,1.4067590973702859e-04,7.1028308164092701e-03,1.9694911780323565e-02,5.3264727374505837e-03,1.4771790427703380e-02,1.7763651070412340e-03,4.9231213526201856e-03,2,6,solved
32,3.1250000000000000e-02,1.0000000000000000e-04,100,5.2922376713434704e-05,5.7829065660145064e-05,7.9747839713303903e-05,3.9407210894813966e-05,4.3056510962536058e-05,5.9461725754980654e-05,1.3515165818614666e-05,1.4772724613439679e-05,2.0286113958364882e-05,1.2568627390333880e-03,4.9781813815688025e-03,9.4258023217399871e-04,3.7336739901316918e-03,3.1428313196012273e-04,1.2445073914371108e-03,2,5,solved
64,1.5625000000000000e-02,2.5000000000000001e-05,400,1.2181433610416450e-05,1.3580642791812775e-05,1.9356622433353010e-05,9.0672908999385503e-06,1.0108076792917906e-05,1.4407152846396265e-05,3.1145891794729752e-06,3.4725779109950110e-06,4.9494695869567451e-06,2.2169894913588088e-04,1.2479570394550166e-03,1.6626787462031050e-04,9.3597015236746017e-04,5.5431130246863965e-05,3.1198688708755640e-04,2,5,solved
128,7.8125000000000000e-03,6.2500000000000003e-06,1600,2.9890294905273243e-06,3.3766230259654092e-06,4.8408698949398143e-06,2.2245177058626876e-06,2.5131069814543154e-06,3.6030770179662497e-06,7.6451178465519059e-07,8.6351683048756310e-07,1.2377928803042337e-06,3.9121670153695246e-05,3.1220262147968469e-04,2.9340672973607251e-05,2.3415211441957240e-04,9.7810021348686877e-06,7.8050507060112295e-05,2,4,solved
256,3.9062500000000000e-03,1.5625000000000001e-06,6400,7.5088545570552016e-07,8.4795322036661682e-07,1.2103433493226845e-06,5.5902768723075912e-07,6.3122730552639322e-07,9.0099746719030094e-07,1.9185776846802205e-07,2.1673266963353480e-07,3.0934588224340587e-07,6.9084669405715786e-06,7.8063992733135024e-05,5.1812981027483078e-06,5.8548003819325345e-05,1.7271692771582759e-06,1.9515988913809679e-05,2,3,solved
512,1.9531250000000000e-03,3.9062500000000002e-07,25600,1.8949171875001493e-07,2.1285314512433825e-07,3.0259105887608939e-07,1.4104368245757044e-07,1.5845272958091136e-07,2.2526264886746361e-07,4.8448036295500582e-08,5.4402331006413174e-08,7.7328411784982620e-08,1.2205552170372263e-06,1.9516831731181128e-05,9.1541176989541576e-07,1.4637624376589997e-05,3.0514348602214074e-07,4.8792073545911308e-06,2,2,solved
1024,9.7656250000000000e-04,9.7656250000000005e-08,102400,4.7823856270003107e-08,5.3378934707944297e-08,7.5616154004976011e-08,3.4205421506791141e-08,3.8206592142301477e-08,5.4148961425859454e-08,1.3625165340168095e-08,1.5173164323690721e-08,2.1467192690138859e-08,2.1570143421258663e-07,4.8792609668169007e-06,1.6177567293737738e-07,3.6594457615279907e-06,5.3925764568014266e-08,1.2198152052889100e-06,2,1,solved
2048,4.8828125000000000e-04,2.4414062500000001e-08,409600,1.1996795019739543e-08,1.3362587799547122e-08,1.8913994370706178e-08,8.6035004105138842e-09,9.5848956097975202e-09,1.3570020995778975e-08,3.3940845410585715e-09,3.7777440658122542e-09,5.3439733749272023e-09,3.8125206945525976e-08,1.2198201293500688e-06,2.8593876321566491e-08,9.1486509923299764e-07,9.5313309576465948e-09,3.0495503011707115e-07,2,1,solved
