alpha,rho,theta,lambdaC,lambdaR,vBoundary,sc,nx,h,dt,nTimes
5.0000000000000000e-01,5.0000000000000000e-01,0.0000000000000000e+00,1.0000000000000000e+00,1.0000000000000000e+00,zero_value,,8,1.2500000000000000e-01,1.5873015873015873e-03,63
5.0000000000000000e-01,5.0000000000000000e-01,0.0000000000000000e+00,1.0000000000000000e+00,1.0000000000000000e+00,zero_value,,16,6.2500000000000000e-02,4.0000000000000002e-04,250
5.0000000000000000e-01,5.0000000000000000e-01,0.0000000000000000e+00,1.0000000000000000e+00,1.0000000000000000e+00,zero_value,,32,3.1250000000000000e-02,1.0000000000000000e-04,1000
5.0000000000000000e-01,5.0000000000000000e-01,0.0000000000000000e+00,1.0000000000000000e+00,1.0000000000000000e+00,zero_value,,64,1.5625000000000000e-02,2.5000000000000001e-05,4000
5.0000000000000000e-01,5.0000000000000000e-01,0.0000000000000000e+00,1.0000000000000000e+00,1.0000000000000000e+00,zero_value,,128,7.8125000000000000e-03,6.2500000000000003e-06,16000
5.0000000000000000e-01,5.0000000000000000e-01,0.0000000000000000e+00,1.0000000000000000e+00,1.0000000000000000e+00,zero_value,,256,3.9062500000000000e-03,1.5625000000000001e-06,64000
5.0000000000000000e-01,5.0000000000000000e-01,0.0000000000000000e+00,1.0000000000000000e+00,1.0000000000000000e+00,zero_value,,512,1.9531250000000000e-03,3.9062500000000002e-07,256000
5.0000000000000000e-01,5.0000000000000000e-01,0.0000000000000000e+00,1.0000000000000000e+00,1.0000000000000000e+00,zero_value,,1024,9.7656250000000000e-04,9.7656250000000005e-08,1024000
5.0000000000000000e-01,5.0000000000000000e-01,0.0000000000000000e+00,1.0000000000000000e+00,1.0000000000000000e+00,zero_value,,2048,4.8828125000000000e-04,2.4414062500000001e-08,4096000
